{"stats":{"minecraft:killed":{"minecraft:pig":3,"minecraft:spider":1,"minecraft:creeper":1,"minecraft:skeleton":5,"minecraft:sheep":3,"minecraft:zombie":11,"minecraft:drowned":1,"minecraft:cow":7},"minecraft:killed_by":{"minecraft:drowned":2,"iceandfire:fire_dragon":3},"minecraft:dropped":{"minecraft:wheat_seeds":3,"minecraft:bowl":1,"minecraft:cobblestone":1,"minecraft:filled_map":3,"minecraft:spruce_log":19,"minecraft:wooden_pickaxe":1,"ic2:hemp_seeds":2},"minecraft:crafted":{"minecraft:cooked_beef":9,"minecraft:cooked_porkchop":5,"minecraft:crafting_table":4,"minecraft:spruce_planks":96,"minecraft:wooden_pickaxe":1,"minecraft:furnace":2,"minecraft:cooked_salmon":1,"minecraft:stone_axe":2,"minecraft:bread":3,"minecraft:shield":1,"minecraft:stick":24,"minecraft:iron_leggings":1,"minecraft:iron_ingot":19,"minecraft:iron_pickaxe":2,"minecraft:stone_pickaxe":1,"minecraft:chest":2,"minecraft:stone_sword":1,"minecraft:white_bed":1,"minecraft:torch":40},"minecraft:broken":{"minecraft:stone_axe":1},"minecraft:custom":{"minecraft:interact_with_furnace":32,"minecraft:mob_kills":32,"minecraft:interact_with_crafting_table":26,"minecraft:open_barrel":2,"minecraft:leave_game":1,"minecraft:time_since_death":38032,"minecraft:sleep_in_bed":1,"minecraft:time_since_rest":23469,"minecraft:sprint_one_cm":146870,"minecraft:damage_taken":2955,"minecraft:walk_one_cm":95625,"minecraft:drop":9,"minecraft:damage_dealt":4947,"minecraft:swim_one_cm":105314,"minecraft:fly_one_cm":243994,"minecraft:open_chest":28,"minecraft:crouch_one_cm":1961,"minecraft:play_time":71140,"minecraft:sneak_time":1960,"minecraft:deaths":5,"minecraft:walk_under_water_one_cm":15575,"minecraft:boat_one_cm":232836,"minecraft:jump":1148,"minecraft:walk_on_water_one_cm":22247,"minecraft:total_world_time":71140,"minecraft:fish_caught":1,"minecraft:fall_one_cm":41179},"minecraft:mined":{"minecraft:deepslate_redstone_ore":7,"electrodynamics:deepslateorefluorite":1,"minecraft:crafting_table":2,"minecraft:grass_block":3,"minecraft:tall_grass":2,"minecraft:deepslate_gold_ore":10,"minecraft:spruce_leaves":36,"minecraft:lapis_ore":2,"minecraft:sugar_cane":2,"minecraft:hay_block":1,"minecraft:furnace":3,"minecraft:iron_ore":23,"minecraft:spruce_log":122,"minecraft:deepslate_iron_ore":19,"minecraft:grass":7,"minecraft:pointed_dripstone":1,"minecraft:coal_ore":61,"minecraft:gravel":1,"minecraft:dirt":2,"minecraft:stone":99,"minecraft:gold_ore":1,"minecraft:white_wool":1,"minecraft:deepslate":4},"minecraft:used":{"minecraft:stone_sword":23,"minecraft:stone_pickaxe":31,"minecraft:chest":2,"minecraft:spruce_planks":10,"minecraft:wooden_pickaxe":13,"minecraft:iron_sword":78,"minecraft:cooked_salmon":1,"minecraft:white_wool":1,"minecraft:torch":39,"minecraft:dirt":4,"minecraft:crafting_table":6,"minecraft:white_bed":1,"minecraft:bread":10,"minecraft:suspicious_stew":1,"minecraft:iron_pickaxe":193,"minecraft:gravel":2,"minecraft:stone_axe":127,"minecraft:fishing_rod":10,"minecraft:cobblestone":15,"minecraft:furnace":4,"minecraft:cooked_porkchop":4,"minecraft:cooked_beef":8},"minecraft:picked_up":{"minecraft:crafting_table":4,"minecraft:wheat":4,"minecraft:cooked_beef":1,"minecraft:glow_ink_sac":1,"minecraft:salmon":2,"minecraft:leather":8,"tconstruct:materials_and_you":3,"minecraft:lapis_lazuli":14,"minecraft:string":1,"minecraft:dirt":5,"minecraft:leather_boots":2,"minecraft:bone":5,"minecraft:kelp":224,"minecraft:wheat_seeds":5,"minecraft:cobbled_deepslate":4,"minecraft:raw_gold":11,"minecraft:spruce_planks":66,"minecraft:iron_ingot":1,"minecraft:beef":47,"ic2:hemp_seeds":3,"minecraft:iron_pickaxe":4,"minecraft:sugar_cane":18,"minecraft:acacia_sapling":1,"minecraft:iron_sword":1,"minecraft:furnace":6,"minecraft:stick":8,"minecraft:raw_iron":64,"iceandfire:copper_nugget":50,"ic2:wiki_item":2,"electrodynamics:raworefluorite":1,"minecraft:torch":2,"minecraft:poisonous_potato":15,"minecraft:gravel":9,"minecraft:porkchop":5,"iceandfire:crackled_gravel":1,"minecraft:spruce_sapling":4,"minecraft:diorite":3,"minecraft:spruce_log":515,"minecraft:redstone":34,"minecraft:spider_eye":1,"electrodynamics:guidebook":3,"minecraft:arrow":6,"minecraft:rotten_flesh":8,"minecraft:stone_axe":4,"minecraft:iron_helmet":1,"minecraft:emerald":3,"minecraft:coal":255,"minecraft:white_wool":10,"minecraft:cobblestone":112}},"DataVersion":3120}