{"stats":{"minecraft:dropped":{"minecraft:filled_map":3,"minecraft:wheat_seeds":3,"minecraft:bowl":1,"minecraft:cobblestone":1,"minecraft:wooden_pickaxe":1,"ic2:hemp_seeds":2},"minecraft:crafted":{"minecraft:cooked_beef":5,"minecraft:crafting_table":3,"minecraft:spruce_planks":44,"minecraft:stick":12,"minecraft:iron_pickaxe":1,"minecraft:iron_ingot":3,"minecraft:wooden_pickaxe":1,"minecraft:stone_pickaxe":1,"minecraft:stone_sword":1,"minecraft:furnace":1,"minecraft:stone_axe":2,"minecraft:bread":3},"minecraft:used":{"minecraft:stone_sword":23,"minecraft:bread":3,"minecraft:stone_pickaxe":31,"minecraft:suspicious_stew":1,"minecraft:wooden_pickaxe":13,"minecraft:stone_axe":127,"minecraft:fishing_rod":10,"minecraft:crafting_table":4,"minecraft:furnace":1,"minecraft:cooked_beef":2},"minecraft:mined":{"minecraft:furnace":1,"minecraft:iron_ore":3,"minecraft:spruce_log":122,"minecraft:crafting_table":2,"minecraft:grass":6,"minecraft:grass_block":2,"minecraft:coal_ore":8,"minecraft:gravel":1,"minecraft:dirt":2,"minecraft:tall_grass":2,"minecraft:spruce_leaves":36,"minecraft:stone":26,"minecraft:sugar_cane":2},"minecraft:custom":{"minecraft:time_since_rest":27639,"minecraft:interact_with_furnace":8,"minecraft:sprint_one_cm":44188,"minecraft:damage_taken":360,"minecraft:walk_one_cm":27124,"minecraft:mob_kills":11,"minecraft:drop":8,"minecraft:damage_dealt":1157,"minecraft:swim_one_cm":61575,"minecraft:interact_with_crafting_table":11,"minecraft:fly_one_cm":46899,"minecraft:open_chest":18,"minecraft:crouch_one_cm":490,"minecraft:play_time":27639,"minecraft:sneak_time":524,"minecraft:walk_under_water_one_cm":6109,"minecraft:boat_one_cm":228684,"minecraft:jump":286,"minecraft:time_since_death":27639,"minecraft:walk_on_water_one_cm":10278,"minecraft:total_world_time":27639,"minecraft:fish_caught":1,"minecraft:fall_one_cm":6600},"minecraft:picked_up":{"minecraft:raw_iron":3,"minecraft:stick":2,"minecraft:crafting_table":2,"minecraft:cooked_beef":1,"minecraft:leather":2,"minecraft:gravel":3,"minecraft:spruce_sapling":1,"minecraft:diorite":1,"minecraft:spruce_log":121,"minecraft:dirt":4,"minecraft:kelp":56,"minecraft:wheat_seeds":3,"minecraft:beef":16,"ic2:hemp_seeds":2,"minecraft:sugar_cane":6,"minecraft:coal":37,"minecraft:white_wool":3,"minecraft:cobblestone":25,"minecraft:furnace":1},"minecraft:killed":{"minecraft:sheep":3,"minecraft:drowned":1,"minecraft:cow":7},"minecraft:broken":{"minecraft:stone_axe":1}},"DataVersion":3120}