{"stats":{"minecraft:dropped":{"minecraft:wheat_seeds":3,"minecraft:bowl":1,"minecraft:cobblestone":1,"minecraft:filled_map":3,"minecraft:wooden_pickaxe":1,"ic2:hemp_seeds":2},"minecraft:crafted":{"minecraft:cooked_beef":9,"minecraft:crafting_table":3,"minecraft:spruce_planks":44,"minecraft:wooden_pickaxe":1,"minecraft:furnace":1,"minecraft:cooked_salmon":1,"minecraft:stone_axe":2,"minecraft:bread":3,"minecraft:stick":12,"minecraft:iron_ingot":3,"minecraft:iron_pickaxe":1,"minecraft:stone_pickaxe":1,"minecraft:stone_sword":1},"minecraft:used":{"minecraft:stone_sword":23,"minecraft:stone_pickaxe":31,"minecraft:spruce_planks":1,"minecraft:wooden_pickaxe":13,"minecraft:cooked_salmon":1,"minecraft:white_wool":1,"minecraft:dirt":4,"minecraft:crafting_table":4,"minecraft:bread":3,"minecraft:iron_pickaxe":1,"minecraft:suspicious_stew":1,"minecraft:gravel":2,"minecraft:stone_axe":127,"minecraft:fishing_rod":10,"minecraft:furnace":2,"minecraft:cooked_beef":5},"minecraft:mined":{"minecraft:crafting_table":2,"minecraft:grass_block":2,"minecraft:tall_grass":2,"minecraft:spruce_leaves":36,"minecraft:sugar_cane":2,"minecraft:furnace":2,"minecraft:iron_ore":3,"minecraft:spruce_log":122,"minecraft:grass":6,"minecraft:coal_ore":8,"minecraft:dirt":2,"minecraft:gravel":1,"minecraft:stone":26,"minecraft:white_wool":1},"minecraft:custom":{"minecraft:interact_with_furnace":16,"minecraft:mob_kills":11,"minecraft:interact_with_crafting_table":11,"minecraft:open_barrel":2,"minecraft:time_since_death":6531,"minecraft:time_since_rest":6562,"minecraft:sprint_one_cm":76811,"minecraft:damage_taken":2044,"minecraft:walk_one_cm":42097,"minecraft:drop":8,"minecraft:damage_dealt":1157,"minecraft:swim_one_cm":102015,"minecraft:fly_one_cm":104915,"minecraft:open_chest":20,"minecraft:crouch_one_cm":490,"minecraft:play_time":39639,"minecraft:deaths":5,"minecraft:sneak_time":587,"minecraft:walk_under_water_one_cm":9819,"minecraft:boat_one_cm":232836,"minecraft:jump":540,"minecraft:walk_on_water_one_cm":18930,"minecraft:total_world_time":39639,"minecraft:fish_caught":1,"minecraft:fall_one_cm":23196},"minecraft:picked_up":{"minecraft:crafting_table":4,"minecraft:wheat":4,"minecraft:cooked_beef":1,"minecraft:salmon":2,"minecraft:leather":8,"tconstruct:materials_and_you":3,"minecraft:dirt":4,"minecraft:leather_boots":2,"minecraft:kelp":224,"minecraft:wheat_seeds":5,"minecraft:spruce_planks":66,"minecraft:beef":47,"ic2:hemp_seeds":2,"minecraft:iron_pickaxe":4,"minecraft:sugar_cane":18,"minecraft:acacia_sapling":1,"minecraft:iron_sword":1,"minecraft:furnace":5,"minecraft:stick":8,"minecraft:raw_iron":3,"iceandfire:copper_nugget":50,"ic2:wiki_item":2,"minecraft:poisonous_potato":15,"minecraft:gravel":9,"iceandfire:crackled_gravel":1,"minecraft:spruce_sapling":4,"minecraft:diorite":3,"minecraft:spruce_log":515,"electrodynamics:guidebook":3,"minecraft:stone_axe":4,"minecraft:iron_helmet":1,"minecraft:emerald":3,"minecraft:coal":187,"minecraft:cobblestone":35,"minecraft:white_wool":10},"minecraft:killed":{"minecraft:sheep":3,"minecraft:drowned":1,"minecraft:cow":7},"minecraft:broken":{"minecraft:stone_axe":1},"minecraft:killed_by":{"minecraft:drowned":2,"iceandfire:fire_dragon":3}},"DataVersion":3120}