{"stats":{"minecraft:killed":{"minecraft:cave_spider":2,"minecraft:spider":12,"minecraft:skeleton":29,"minecraft:chicken":2,"minecraft:drowned":1,"minecraft:pig":12,"minecraft:creeper":4,"minecraft:sheep":12,"minecraft:zombie":43,"minecraft:cow":14},"minecraft:killed_by":{"minecraft:creeper":1,"minecraft:drowned":2,"iceandfire:lightning_dragon":1,"iceandfire:fire_dragon":3},"minecraft:dropped":{"minecraft:wheat_seeds":3,"minecraft:cobblestone":1,"minecraft:iron_pickaxe":1,"ic2:hemp_seeds":2,"minecraft:bowl":1,"minecraft:birch_sapling":2,"minecraft:filled_map":3,"minecraft:spruce_log":19,"minecraft:wooden_pickaxe":1},"minecraft:crafted":{"minecraft:golden_carrot":15,"minecraft:oak_door":3,"minecraft:oak_planks":304,"mekanism:ingot_osmium":17,"mekanismtools:osmium_chestplate":1,"minecraft:furnace":3,"minecraft:bone_meal":132,"minecraft:cooked_mutton":15,"minecraft:bow":1,"minecraft:iron_boots":1,"minecraft:iron_axe":1,"minecraft:stone_pickaxe":1,"mekanismtools:osmium_boots":1,"minecraft:chest":8,"mekanismtools:osmium_pickaxe":1,"minecraft:cooked_beef":28,"mekanismtools:osmium_sword":1,"minecraft:oak_slab":6,"minecraft:cooked_porkchop":21,"minecraft:crafting_table":5,"minecraft:spruce_planks":248,"minecraft:wooden_pickaxe":1,"minecraft:iron_sword":1,"minecraft:cooked_salmon":1,"minecraft:bucket":1,"minecraft:stone_axe":2,"minecraft:bread":3,"minecraft:wooden_hoe":1,"minecraft:iron_chestplate":1,"minecraft:diamond_pickaxe":1,"minecraft:gold_nugget":126,"minecraft:shield":1,"minecraft:stick":84,"minecraft:iron_ingot":119,"minecraft:iron_pickaxe":5,"minecraft:stone_sword":1,"minecraft:gold_ingot":18,"minecraft:iron_shovel":1,"minecraft:iron_leggings":1,"minecraft:white_bed":1,"minecraft:torch":200},"minecraft:broken":{"minecraft:stone_axe":1,"minecraft:iron_pickaxe":2,"minecraft:iron_helmet":1},"minecraft:custom":{"minecraft:mob_kills":133,"minecraft:interact_with_crafting_table":63,"minecraft:open_barrel":2,"minecraft:bell_ring":11,"minecraft:leave_game":3,"minecraft:time_since_death":54918,"minecraft:climb_one_cm":476,"minecraft:sprint_one_cm":658734,"minecraft:walk_one_cm":427212,"minecraft:damage_blocked_by_shield":1455,"minecraft:drop":11,"minecraft:play_time":290155,"minecraft:deaths":7,"minecraft:sneak_time":4100,"minecraft:walk_under_water_one_cm":23117,"minecraft:boat_one_cm":232836,"minecraft:jump":4073,"minecraft:walk_on_water_one_cm":38567,"minecraft:total_world_time":290155,"minecraft:interact_with_furnace":130,"minecraft:sleep_in_bed":3,"minecraft:time_since_rest":54953,"minecraft:damage_taken":7269,"minecraft:damage_dealt":20992,"minecraft:swim_one_cm":155689,"minecraft:fly_one_cm":814865,"minecraft:open_chest":121,"minecraft:crouch_one_cm":5228,"minecraft:fish_caught":1,"minecraft:fall_one_cm":126454},"minecraft:mined":{"minecraft:spruce_planks":5,"minecraft:white_bed":1,"minecraft:deepslate_diamond_ore":5,"minecraft:oak_door":2,"minecraft:granite":2,"ic2:deepslate_tin_ore":2,"mekanism:deepslate_osmium_ore":4,"minecraft:glow_lichen":2,"minecraft:budding_amethyst":1,"minecraft:grass_block":69,"minecraft:spruce_leaves":36,"minecraft:spawner":4,"minecraft:hay_block":1,"minecraft:furnace":6,"minecraft:carrots":61,"minecraft:iron_ore":28,"electrodynamics:deepslateoretin":1,"minecraft:andesite":6,"minecraft:deepslate_lapis_ore":18,"minecraft:bell":2,"create:asurine":12,"minecraft:pointed_dripstone":1,"minecraft:deepslate_iron_ore":104,"minecraft:stone":1714,"minecraft:white_wool":1,"create:limestone":3,"minecraft:deepslate_redstone_ore":24,"electrodynamics:deepslateorevanadinite":1,"mekanism:osmium_ore":13,"electrodynamics:deepslateorefluorite":1,"minecraft:crafting_table":3,"minecraft:torch":1,"minecraft:emerald_ore":2,"minecraft:calcite":1,"minecraft:poppy":1,"mekanism:tin_ore":1,"minecraft:copper_ore":22,"minecraft:tall_grass":3,"minecraft:cobblestone":26,"minecraft:lapis_ore":2,"minecraft:deepslate_gold_ore":17,"minecraft:sugar_cane":2,"minecraft:oak_planks":3,"minecraft:wall_torch":3,"minecraft:amethyst_block":10,"minecraft:birch_log":33,"minecraft:spruce_log":122,"minecraft:birch_leaves":3,"ic2:deepslate_silver_ore":4,"minecraft:grass":24,"minecraft:oak_log":76,"minecraft:coal_ore":98,"minecraft:sunflower":1,"minecraft:gravel":12,"minecraft:dirt":115,"minecraft:cobweb":28,"minecraft:gold_ore":1,"minecraft:oak_leaves":10,"minecraft:deepslate":81},"minecraft:used":{"minecraft:stone_sword":23,"minecraft:iron_shovel":174,"minecraft:chest":8,"minecraft:spruce_planks":171,"minecraft:shield":29,"minecraft:iron_sword":168,"minecraft:bell":2,"minecraft:cooked_salmon":1,"minecraft:rotten_flesh":15,"minecraft:oak_door":4,"minecraft:torch":215,"minecraft:dirt":58,"mekanismtools:osmium_sword":237,"minecraft:carrot":75,"minecraft:iron_axe":139,"minecraft:iron_helmet":1,"minecraft:golden_carrot":15,"minecraft:bow":31,"minecraft:furnace":9,"minecraft:cooked_beef":28,"minecraft:cobbled_deepslate":11,"minecraft:iron_leggings":1,"minecraft:calcite":1,"minecraft:cooked_mutton":3,"minecraft:water_bucket":1,"minecraft:stone_pickaxe":31,"minecraft:oak_planks":179,"minecraft:wooden_pickaxe":13,"minecraft:white_wool":1,"minecraft:crafting_table":8,"mekanismtools:osmium_boots":1,"minecraft:white_bed":2,"mekanismtools:osmium_pickaxe":236,"minecraft:wooden_hoe":15,"minecraft:diamond_pickaxe":1149,"minecraft:bread":11,"minecraft:suspicious_stew":1,"minecraft:iron_pickaxe":813,"create:asurine":12,"minecraft:gravel":7,"minecraft:stone_axe":127,"minecraft:fishing_rod":10,"minecraft:cobblestone":94,"minecraft:cooked_porkchop":12,"minecraft:bucket":2,"minecraft:birch_log":10,"minecraft:bone_meal":132},"minecraft:picked_up":{"minecraft:iron_chestplate":1,"minecraft:crafting_table":5,"minecraft:wheat":4,"minecraft:chicken":4,"tconstruct:materials_and_you":3,"minecraft:shield":2,"minecraft:amethyst_block":10,"create:limestone":1,"minecraft:iron_axe":2,"minecraft:string":39,"minecraft:raw_copper":76,"electrodynamics:raworetin":1,"minecraft:iron_leggings":2,"minecraft:iron_shovel":2,"minecraft:gold_nugget":6,"minecraft:cobbled_deepslate":103,"minecraft:bucket":1,"minecraft:spruce_planks":70,"minecraft:beef":75,"minecraft:calcite":1,"minecraft:poppy":2,"ic2:hemp_seeds":5,"minecraft:iron_pickaxe":5,"minecraft:sugar_cane":18,"minecraft:birch_sapling":2,"minecraft:egg":2,"minecraft:iron_boots":1,"minecraft:furnace":9,"minecraft:stick":14,"minecraft:raw_iron":166,"minecraft:oak_door":2,"electrodynamics:raworefluorite":1,"minecraft:torch":53,"minecraft:porkchop":32,"iceandfire:crackled_gravel":1,"minecraft:diorite":3,"minecraft:carrot":273,"minecraft:redstone":148,"mekanism:raw_tin":1,"minecraft:arrow":42,"minecraft:rotten_flesh":47,"create:asurine":12,"minecraft:mutton":27,"minecraft:cobblestone":1791,"minecraft:white_wool":24,"minecraft:birch_log":32,"minecraft:feather":4,"minecraft:cooked_beef":4,"minecraft:golden_carrot":1,"minecraft:water_bucket":1,"minecraft:glow_ink_sac":3,"minecraft:andesite":6,"minecraft:salmon":2,"ic2:ore_uranium":1,"minecraft:leather":21,"mekanismtools:osmium_sword":2,"minecraft:flint":1,"minecraft:oak_log":76,"minecraft:lapis_lazuli":128,"minecraft:dirt":177,"minecraft:leather_boots":2,"minecraft:bone":37,"minecraft:kelp":224,"minecraft:bow":7,"minecraft:wheat_seeds":9,"minecraft:raw_gold":18,"minecraft:bell":3,"minecraft:iron_ingot":11,"minecraft:acacia_sapling":1,"minecraft:oak_planks":121,"minecraft:iron_sword":1,"iceandfire:copper_nugget":50,"minecraft:cooked_porkchop":3,"ic2:wiki_item":2,"ic2:raw_tin":7,"mekanismtools:osmium_chestplate":1,"minecraft:dripstone_block":2,"minecraft:poisonous_potato":15,"minecraft:gravel":19,"minecraft:spruce_sapling":4,"minecraft:white_bed":1,"minecraft:spruce_log":515,"mekanism:raw_osmium":18,"minecraft:spider_eye":4,"electrodynamics:guidebook":3,"mekanismtools:osmium_boots":1,"ic2:raw_silver":6,"minecraft:diamond":5,"minecraft:stone_axe":4,"minecraft:iron_helmet":3,"minecraft:gray_wool":2,"mekanismtools:osmium_pickaxe":2,"minecraft:bread":3,"minecraft:emerald":5,"minecraft:oak_sapling":1,"minecraft:coal":351,"electrodynamics:raworevanadinite":1,"minecraft:sunflower":2,"minecraft:diamond_pickaxe":2}},"DataVersion":3120}