{"stats":{"minecraft:killed_by":{"minecraft:wither_skeleton":1,"minecraft:piglin_brute":3,"minecraft:creeper":2,"minecraft:drowned":2,"minecraft:piglin":1,"minecraft:zombie":1,"iceandfire:fire_dragon":3,"minecraft:warden":1,"iceandfire:lightning_dragon":1},"minecraft:custom":{"minecraft:interact_with_crafting_table":236,"minecraft:open_barrel":2,"minecraft:bell_ring":16,"minecraft:leave_game":14,"minecraft:time_since_death":61164,"minecraft:sprint_one_cm":3009625,"minecraft:damage_blocked_by_shield":5110,"minecraft:drop":416,"minecraft:talked_to_villager":1754,"minecraft:play_time":1584416,"minecraft:deaths":15,"minecraft:jump":21128,"minecraft:walk_on_water_one_cm":111228,"minecraft:enchant_item":3,"minecraft:interact_with_furnace":336,"minecraft:traded_with_villager":3456,"minecraft:sleep_in_bed":45,"minecraft:damage_dealt":86313,"minecraft:crouch_one_cm":52282,"minecraft:interact_with_smoker":1,"minecraft:interact_with_smithing_table":10,"minecraft:interact_with_anvil":62,"minecraft:mob_kills":525,"minecraft:inspect_hopper":3,"minecraft:climb_one_cm":30094,"minecraft:walk_one_cm":2369708,"minecraft:sneak_time":24044,"minecraft:walk_under_water_one_cm":59407,"minecraft:boat_one_cm":430152,"minecraft:interact_with_blast_furnace":10,"minecraft:total_world_time":1584416,"ic2:jetpack_fly_time":526,"minecraft:interact_with_grindstone":13,"minecraft:time_since_rest":61190,"minecraft:damage_taken":18174,"minecraft:swim_one_cm":240318,"minecraft:fly_one_cm":3816306,"minecraft:open_chest":1032,"minecraft:fish_caught":1,"minecraft:fall_one_cm":566632},"minecraft:killed":{"minecraft:cave_spider":2,"minecraft:zombified_piglin":1,"minecraft:witch":1,"minecraft:spider":42,"tconstruct:sky_slime":1,"minecraft:skeleton":154,"minecraft:bee":2,"minecraft:chicken":6,"minecraft:silverfish":11,"minecraft:piglin_brute":2,"minecraft:piglin":9,"minecraft:pig":16,"minecraft:zombie_villager":3,"minecraft:salmon":1,"minecraft:creeper":32,"iceandfire:cockatrice":1,"minecraft:sheep":14,"minecraft:zombie":175,"iceandfire:pixie":2,"minecraft:cow":19,"minecraft:slime":9,"minecraft:drowned":1,"minecraft:warden":1,"iceandfire:troll":1,"minecraft:wither_skeleton":5},"minecraft:used":{"minecraft:iron_shovel":174,"minecraft:spruce_slab":5,"minecraft:spruce_leaves":2,"minecraft:ladder":5,"minecraft:poppy":2,"minecraft:diamond_hoe":863,"minecraft:shield":98,"minecraft:rotten_flesh":15,"minecraft:chest":48,"minecraft:bell":2,"minecraft:iron_sword":168,"mekanismtools:osmium_sword":913,"minecraft:carrot":936,"minecraft:tuff":1,"minecraft:obsidian":10,"minecraft:spruce_boat":4,"minecraft:grass_block":1,"minecraft:iron_helmet":2,"minecraft:bow":161,"minecraft:furnace":16,"minecraft:gray_bed":2,"minecraft:acacia_fence":9,"minecraft:egg":1,"minecraft:potato":33,"iceandfire:troll_weapon_hammer":17,"iceandfire:podium_acacia":1,"minecraft:oak_planks":205,"minecraft:stone_pickaxe":31,"minecraft:wooden_pickaxe":13,"minecraft:diamond_axe":9135,"minecraft:white_wool":1,"minecraft:yellow_terracotta":1,"minecraft:blast_furnace":10,"iceandfire:silver_axe":14,"minecraft:melon_slice":2,"minecraft:bread":14,"minecraft:lectern":542,"create:asurine":12,"minecraft:gravel":133,"mekanismtools:osmium_shovel":76,"minecraft:diamond_sword":396,"minecraft:grindstone":5,"minecraft:smithing_table":9,"minecraft:andesite":17,"minecraft:birch_log":10,"minecraft:oak_boat":1,"minecraft:experience_bottle":256,"minecraft:bone_meal":509,"minecraft:stone_sword":23,"minecraft:flint_and_steel":39,"minecraft:enchanting_table":1,"minecraft:spruce_planks":193,"minecraft:cooked_salmon":1,"ic2:tree_tap":58,"minecraft:wooden_shovel":177,"minecraft:cooked_chicken":6,"minecraft:netherrack":287,"minecraft:oak_door":4,"minecraft:orange_bed":3,"minecraft:torch":556,"minecraft:brewing_stand":4,"minecraft:dirt":627,"minecraft:anvil":6,"minecraft:hopper":9,"ic2:iron_furnace":1,"minecraft:spruce_fence":22,"minecraft:bookshelf":32,"minecraft:iron_axe":3222,"minecraft:melon_seeds":1,"minecraft:diamond_chestplate":2,"minecraft:golden_carrot":41,"minecraft:soul_soil":1,"ic2:rubber_sapling":8,"minecraft:cooked_beef":38,"minecraft:cobbled_deepslate":168,"minecraft:calcite":1,"minecraft:iron_leggings":1,"minecraft:cooked_mutton":18,"minecraft:wheat_seeds":653,"minecraft:water_bucket":56,"minecraft:cartography_table":1,"minecraft:cauldron":2,"mekanismtools:osmium_axe":425,"minecraft:cobblestone_slab":8,"minecraft:fletching_table":54,"minecraft:crafting_table":17,"mekanismtools:osmium_boots":1,"minecraft:white_bed":35,"minecraft:spruce_log":16,"minecraft:smoker":1,"mekanismtools:osmium_pickaxe":521,"minecraft:wooden_hoe":15,"minecraft:diamond_pickaxe":5959,"minecraft:diamond_shovel":2337,"minecraft:iron_pickaxe":867,"minecraft:suspicious_stew":1,"minecraft:spruce_trapdoor":67,"minecraft:spruce_sapling":609,"minecraft:stone_axe":127,"minecraft:cobblestone":1538,"minecraft:fishing_rod":10,"ic2:generator":1,"minecraft:cooked_porkchop":30,"minecraft:bucket":58},"minecraft:picked_up":{"minecraft:iron_chestplate":6,"minecraft:wheat":520,"minecraft:anvil":1,"iceandfire:troll_weapon_hammer":1,"mekanism:raw_uranium":10,"minecraft:smithing_table":7,"minecraft:lead":1,"minecraft:diamond_sword":2,"minecraft:brewing_stand":5,"minecraft:golden_sword":4,"minecraft:amethyst_block":10,"minecraft:string":64,"minecraft:soul_soil":31,"minecraft:raw_copper":187,"create:limestone":1,"electrodynamics:raworetin":1,"minecraft:iron_leggings":3,"create:andesite_funnel":3,"minecraft:diamond_leggings":2,"minecraft:gold_nugget":12,"minecraft:cobbled_deepslate":1778,"minecraft:bucket":1,"minecraft:spruce_planks":76,"minecraft:cobblestone_slab":4,"minecraft:calcite":1,"minecraft:iron_pickaxe":5,"minecraft:enchanted_golden_apple":2,"minecraft:melon_slice":44,"minecraft:iron_boots":1,"minecraft:furnace":9,"minecraft:golden_helmet":1,"minecraft:stick":449,"minecraft:acacia_fence":3,"electrodynamics:raworefluorite":2,"minecraft:torch":139,"minecraft:acacia_log":54,"iceandfire:silver_ore":3,"minecraft:porkchop":41,"ic2:raw_aluminium":96,"iceandfire:crackled_gravel":1,"minecraft:pointed_dripstone":2,"minecraft:diorite":72,"minecraft:golden_chestplate":1,"mekanism:raw_tin":29,"minecraft:cauldron":4,"minecraft:orange_bed":3,"minecraft:stone_sword":1,"electrodynamics:oremonazite":2,"minecraft:rotten_flesh":243,"minecraft:iron_block":1,"create:asurine":12,"minecraft:bookshelf":3,"mekanism:ingot_osmium":2,"minecraft:obsidian":35,"minecraft:cobblestone":2871,"minecraft:birch_log":33,"minecraft:feather":13,"minecraft:cooked_beef":4,"minecraft:water_bucket":2,"minecraft:andesite":137,"minecraft:brown_wool":3,"minecraft:acacia_leaves":1,"minecraft:smoker":2,"minecraft:potato":22,"minecraft:flint":1427,"minecraft:tuff":191,"create:raw_zinc":35,"minecraft:lapis_lazuli":549,"minecraft:dirt":2667,"minecraft:leather_boots":2,"minecraft:bone":159,"minecraft:bow":17,"minecraft:wheat_seeds":1482,"minecraft:raw_gold":145,"minecraft:bell":3,"minecraft:grindstone":3,"minecraft:diamond_helmet":1,"minecraft:fletching_table":41,"minecraft:glowstone_dust":126,"minecraft:oak_planks":143,"tconstruct:necrotic_bone":10,"minecraft:cooked_porkchop":7,"mekanismtools:osmium_chestplate":2,"minecraft:poisonous_potato":15,"minecraft:stripped_spruce_log":1,"minecraft:grass_block":2,"electrodynamics:guidebook":3,"ic2:raw_silver":49,"minecraft:diamond":34,"minecraft:spruce_boat":2,"iceandfire:lectern":1,"minecraft:granite":116,"electrodynamics:crystalhalite":3,"minecraft:chainmail_helmet":10,"minecraft:emerald":105,"minecraft:bread":98,"minecraft:oak_sapling":3,"minecraft:netherrack":1208,"electrodynamics:raworevanadinite":3,"minecraft:diamond_pickaxe":4,"iceandfire:dragon_skull_lightning":2,"minecraft:spruce_leaves":20,"minecraft:crafting_table":10,"minecraft:ladder":2,"minecraft:chicken":8,"iceandfire:witherbone":2,"minecraft:nether_wart":22,"iceandfire:fire_lily":1,"electrodynamics:orealuminum":2,"tconstruct:materials_and_you":3,"minecraft:shield":4,"minecraft:iron_axe":46,"minecraft:flint_and_steel":1,"minecraft:iron_shovel":2,"minecraft:blackstone":4,"iceandfire:bestiary":1,"minecraft:cartography_table":2,"minecraft:beef":85,"electrodynamics:oremolybdenum":1,"minecraft:poppy":8,"ic2:hemp_seeds":77,"minecraft:spruce_slab":2,"minecraft:lectern":535,"iceandfire:podium_acacia":2,"minecraft:sugar_cane":27,"minecraft:chest":14,"minecraft:birch_sapling":2,"minecraft:spruce_trapdoor":3,"minecraft:egg":5,"minecraft:raw_iron":640,"iceandfire:dragonbone":21,"tconstruct:raw_cobalt":36,"mekanismtools:bronze_boots":1,"minecraft:oak_door":2,"minecraft:copper_ingot":3,"minecraft:spruce_fence":9,"minecraft:carrot":1179,"mekanismtools:steel_chestplate":1,"minecraft:redstone":483,"minecraft:arrow":184,"minecraft:diamond_chestplate":2,"minecraft:nether_bricks":34,"minecraft:diamond_boots":2,"minecraft:hay_block":67,"minecraft:yellow_terracotta":3,"minecraft:mutton":30,"minecraft:white_wool":94,"minecraft:bone_block":25,"minecraft:basalt":118,"minecraft:golden_carrot":12,"mekanism:raw_lead":5,"minecraft:glow_ink_sac":3,"minecraft:salmon":2,"minecraft:leather":25,"ic2:ore_uranium":1,"iceandfire:troll_leather_mountain":4,"minecraft:acacia_wood":1,"mekanismtools:osmium_sword":3,"create:andesite_alloy":4,"minecraft:oak_log":113,"minecraft:golden_boots":1,"minecraft:gunpowder":31,"mekanismtools:refined_glowstone_chestplate":1,"electrodynamics:raworetitanium":2,"minecraft:podzol":1,"minecraft:kelp":224,"minecraft:iron_ingot":162,"minecraft:cooked_chicken":3,"ic2:rubber_sapling":8,"minecraft:iron_sword":1,"minecraft:acacia_sapling":10,"minecraft:soul_sand":2,"minecraft:book":60,"electrodynamics:raworelead":7,"iceandfire:copper_nugget":50,"ic2:wiki_item":2,"ic2:raw_tin":189,"minecraft:quartz":27,"minecraft:dandelion":3,"minecraft:dripstone_block":5,"minecraft:gravel":181,"minecraft:spruce_sapling":719,"minecraft:blast_furnace":7,"minecraft:white_bed":10,"minecraft:spruce_log":12380,"electrodynamics:dustniter":20,"mekanism:raw_osmium":67,"minecraft:spider_eye":17,"minecraft:diamond_shovel":2,"minecraft:slime_ball":5,"mekanismtools:osmium_boots":2,"minecraft:stone_axe":4,"iceandfire:cockatrice_skull":1,"ic2:sticky_resin":54,"minecraft:iron_helmet":14,"minecraft:diamond_axe":1,"mekanismtools:osmium_pickaxe":3,"minecraft:gray_wool":8,"minecraft:melon_seeds":4,"minecraft:black_wool":2,"minecraft:coal":855,"minecraft:hopper":5,"minecraft:sunflower":2,"minecraft:ender_pearl":1},"minecraft:mined":{"create:deepslate_zinc_ore":9,"minecraft:spruce_planks":10,"minecraft:white_bed":10,"minecraft:sculk_vein":5,"tconstruct:sky_slime_crystal_block":1,"minecraft:brewing_stand":5,"minecraft:spruce_trapdoor":3,"minecraft:obsidian":34,"minecraft:budding_amethyst":1,"minecraft:granite":115,"ic2:tin_ore":25,"minecraft:acacia_log":55,"minecraft:grass_block":761,"iceandfire:lectern":1,"minecraft:soul_soil":38,"electrodynamics:oretin":2,"minecraft:hopper":5,"minecraft:nether_wart":20,"minecraft:spawner":4,"minecraft:glowstone":15,"minecraft:iron_ore":195,"electrodynamics:oreniter":6,"minecraft:fire":23,"minecraft:cobbled_deepslate":21,"tconstruct:cobalt_ore":18,"minecraft:anvil":1,"minecraft:deepslate_lapis_ore":40,"minecraft:fletching_table":41,"create:asurine":12,"minecraft:pointed_dripstone":1,"minecraft:water_cauldron":2,"minecraft:dirt_path":62,"electrodynamics:deepslateoreniter":3,"create:limestone":3,"minecraft:spruce_slab":2,"minecraft:orange_bed":3,"electrodynamics:oremonazite":2,"minecraft:deepslate_redstone_ore":59,"ic2:rubber_leaves":299,"mekanism:osmium_ore":22,"minecraft:blackstone":3,"minecraft:melon_stem":4,"minecraft:crimson_nylium":3,"minecraft:smoker":2,"iceandfire:podium_acacia":2,"minecraft:torch":24,"minecraft:blast_furnace":7,"minecraft:poppy":5,"minecraft:calcite":4,"minecraft:melon":5,"minecraft:chest":14,"mekanism:tin_ore":13,"iceandfire:fire_lily":1,"minecraft:nether_quartz_ore":15,"minecraft:cobblestone":133,"minecraft:oak_planks":11,"minecraft:sugar_cane":7,"minecraft:grindstone":3,"electrodynamics:orehalite":1,"minecraft:wall_torch":8,"minecraft:amethyst_block":10,"minecraft:cauldron":2,"minecraft:birch_log":33,"minecraft:wheat":535,"ic2:deepslate_silver_ore":12,"minecraft:smooth_stone_slab":2,"minecraft:grass":523,"mekanism:deepslate_tin_ore":2,"minecraft:oak_log":113,"mekanism:lead_ore":2,"minecraft:acacia_fence":3,"minecraft:sand":2,"minecraft:dirt":1644,"minecraft:netherrack":1019,"minecraft:oak_leaves":21,"minecraft:deepslate":1405,"minecraft:yellow_terracotta":3,"create:zinc_ore":5,"minecraft:nether_gold_ore":1,"electrodynamics:deepslateorerutile":3,"minecraft:tuff":151,"iceandfire:silver_ore":3,"ic2:aluminium_ore_nether":1,"minecraft:mossy_cobblestone":3,"minecraft:deepslate_diamond_ore":22,"electrodynamics:oremolybdenum":1,"minecraft:oak_door":2,"ic2:deepslate_tin_ore":3,"mekanism:deepslate_osmium_ore":19,"minecraft:nether_bricks":53,"minecraft:glow_lichen":2,"minecraft:ladder":2,"minecraft:spruce_fence":9,"minecraft:spruce_leaves":220,"minecraft:cartography_table":2,"minecraft:hay_block":68,"minecraft:spruce_sapling":23,"minecraft:furnace":6,"minecraft:carrots":290,"electrodynamics:orelead":2,"electrodynamics:deepslateoretin":1,"minecraft:acacia_wood":1,"minecraft:andesite":111,"minecraft:stripped_spruce_log":1,"minecraft:bell":2,"minecraft:bookshelf":21,"minecraft:potatoes":6,"minecraft:cobblestone_slab":4,"minecraft:shroomlight":1,"minecraft:deepslate_iron_ore":213,"minecraft:stone":2764,"electrodynamics:orealuminum":3,"minecraft:bone_block":26,"minecraft:white_wool":1,"minecraft:orange_glazed_terracotta":1,"minecraft:podzol":206,"minecraft:smithing_table":7,"mekanism:deepslate_lead_ore":1,"electrodynamics:deepslateorelead":1,"tconstruct:sky_slime_tall_grass":9,"electrodynamics:deepslateorevanadinite":3,"minecraft:acacia_leaves":14,"electrodynamics:deepslateorefluorite":1,"minecraft:soul_sand":2,"minecraft:basalt":61,"minecraft:dandelion":2,"minecraft:crafting_table":8,"minecraft:emerald_ore":2,"minecraft:sculk_sensor":4,"minecraft:lectern":535,"minecraft:copper_ore":39,"minecraft:tall_grass":26,"minecraft:lapis_ore":16,"minecraft:deepslate_gold_ore":82,"minecraft:diorite":106,"minecraft:sculk":40,"tconstruct:sky_slime_leaves":1,"minecraft:birch_leaves":8,"minecraft:spruce_log":11907,"minecraft:bee_nest":1,"minecraft:coal_ore":365,"mekanism:deepslate_fluorite_ore":1,"minecraft:gravel":191,"minecraft:sunflower":1,"minecraft:dripstone_block":3,"minecraft:cobweb":28,"mekanism:deepslate_uranium_ore":8,"minecraft:gold_ore":5,"tconstruct:sky_congealed_slime":1,"minecraft:infested_stone":6},"minecraft:crafted":{"minecraft:grindstone":2,"minecraft:smooth_stone":9,"minecraft:oak_planks":452,"minecraft:chainmail_helmet":24,"minecraft:cobblestone_slab":6,"electrodynamics:coalcoke":6,"mekanism:ingot_osmium":35,"ic2:copper_cable_item":12,"minecraft:cooked_chicken":4,"mekanismtools:osmium_chestplate":1,"minecraft:stone":40,"minecraft:diamond_shovel":12,"minecraft:bookshelf":40,"minecraft:cooked_mutton":17,"minecraft:hopper":4,"minecraft:diamond_leggings":6,"minecraft:diamond_helmet":6,"minecraft:bow":6,"minecraft:iron_boots":13,"mekanismtools:osmium_boots":1,"minecraft:chest":38,"minecraft:acacia_fence":6,"minecraft:stone_hoe":6,"minecraft:gray_bed":2,"mekanismtools:osmium_pickaxe":1,"iceandfire:silver_axe":1,"mekanism:ingot_tin":67,"minecraft:oak_slab":6,"minecraft:wooden_shovel":3,"minecraft:emerald":3062,"minecraft:cooked_porkchop":30,"minecraft:diamond_axe":9,"minecraft:crafting_table":11,"minecraft:spruce_planks":46532,"minecraft:wooden_pickaxe":1,"minecraft:iron_helmet":31,"minecraft:chainmail_chestplate":12,"minecraft:smithing_table":3,"minecraft:copper_ingot":78,"minecraft:fletching_table":13,"minecraft:birch_planks":92,"mekanismtools:osmium_leggings":1,"ic2:electric_jetpack":1,"ic2:generator":1,"ic2:rubber":32,"minecraft:spruce_trapdoor":72,"minecraft:lectern":9,"minecraft:iron_chestplate":11,"minecraft:wooden_hoe":1,"minecraft:diamond_pickaxe":11,"minecraft:shield":25,"ic2:batbox":1,"minecraft:stick":91513,"minecraft:stone_slab":6,"minecraft:iron_ingot":611,"minecraft:iron_pickaxe":11,"minecraft:iron_block":15,"minecraft:stone_sword":1,"minecraft:gold_ingot":106,"minecraft:shears":2,"ic2:iron_furnace":2,"minecraft:golden_carrot":94,"minecraft:oak_door":3,"minecraft:stone_shovel":5,"ic2:copper_insulated_cable_item":11,"minecraft:iron_nugget":1,"minecraft:diamond_hoe":6,"mekanismtools:osmium_shovel":1,"minecraft:furnace":13,"minecraft:blast_furnace":3,"minecraft:bone_meal":688,"minecraft:spruce_fence":30,"minecraft:flint_and_steel":1,"mekanismtools:osmium_axe":1,"ic2:re_battery":4,"minecraft:iron_axe":72,"minecraft:ladder":3,"minecraft:spruce_slab":54,"minecraft:stone_pickaxe":23,"minecraft:diamond_boots":7,"minecraft:spruce_boat":3,"mekanismtools:osmium_helmet":1,"minecraft:chainmail_leggings":37,"minecraft:wheat":596,"minecraft:cooked_beef":38,"mekanismtools:osmium_sword":1,"ic2:ingot_silver":8,"minecraft:diamond_sword":3,"ic2:advanced_circuit":1,"minecraft:enchanting_table":1,"ic2:circuit":1,"ic2:tree_tap":7,"minecraft:iron_sword":1,"minecraft:cooked_salmon":1,"minecraft:bucket":3,"minecraft:stone_axe":2,"minecraft:enchanted_book":26,"minecraft:bread":373,"minecraft:air":0,"minecraft:oak_boat":1,"minecraft:gold_nugget":765,"minecraft:chainmail_boots":12,"minecraft:iron_shovel":7,"minecraft:iron_leggings":1,"minecraft:anvil":5,"minecraft:white_bed":25,"minecraft:acacia_planks":220,"minecraft:torch":516,"minecraft:diamond_chestplate":8},"minecraft:broken":{"minecraft:wooden_shovel":3,"minecraft:stone_axe":1,"ic2:tree_tap":3,"minecraft:shield":1,"minecraft:diamond_axe":1,"minecraft:iron_axe":12,"minecraft:iron_pickaxe":2,"minecraft:iron_helmet":1,"mekanismtools:osmium_chestplate":1},"minecraft:dropped":{"minecraft:diamond_axe":1,"minecraft:spruce_leaves":1,"minecraft:dirt":10,"minecraft:gold_nugget":6,"minecraft:iron_pickaxe":3,"ic2:hemp_seeds":15,"minecraft:gravel":3,"minecraft:cooked_chicken":1,"minecraft:cobbled_deepslate":128,"minecraft:wheat":2,"minecraft:birch_sapling":2,"minecraft:rotten_flesh":16,"mekanism:raw_tin":6,"minecraft:carrot":143,"minecraft:chainmail_chestplate":12,"minecraft:gunpowder":3,"minecraft:chainmail_boots":12,"mekanismtools:osmium_leggings":1,"create:andesite_alloy":4,"minecraft:stone_hoe":6,"minecraft:bread":489,"minecraft:wheat_seeds":238,"mekanismtools:osmium_boots":1,"minecraft:diamond_leggings":1,"minecraft:iron_helmet":39,"minecraft:cobblestone":21,"minecraft:granite":24,"minecraft:copper_ingot":3,"minecraft:chainmail_helmet":34,"minecraft:stick":8,"minecraft:iron_block":1,"ic2:raw_tin":15,"minecraft:diorite":33,"minecraft:melon_slice":17,"minecraft:diamond_helmet":1,"mekanism:raw_osmium":5,"minecraft:iron_axe":93,"minecraft:iron_shovel":3,"minecraft:chainmail_leggings":37,"minecraft:string":1,"minecraft:raw_copper":2,"minecraft:bowl":1,"minecraft:stone_shovel":5,"minecraft:iron_boots":10,"iceandfire:silver_ore":2,"electrodynamics:raworelead":5,"minecraft:flint_and_steel":1,"electrodynamics:orealuminum":2,"minecraft:filled_map":3,"minecraft:diamond_sword":1,"electrodynamics:crystalhalite":3,"minecraft:shield":10,"minecraft:diamond_chestplate":1,"minecraft:diamond_pickaxe":1,"minecraft:iron_chestplate":15,"minecraft:andesite":11,"minecraft:oak_sapling":1,"minecraft:spruce_log":19,"minecraft:diamond_boots":2,"minecraft:bow":4,"minecraft:stone_pickaxe":22,"minecraft:wooden_pickaxe":1,"create:andesite_funnel":3}},"DataVersion":3120}