{"stats":{"minecraft:crafted":{"minecraft:crafting_table":2,"minecraft:spruce_planks":44,"minecraft:stick":8,"minecraft:wooden_pickaxe":1,"minecraft:stone_pickaxe":1,"minecraft:stone_axe":2},"minecraft:used":{"minecraft:stone_pickaxe":8,"minecraft:suspicious_stew":1,"minecraft:wooden_pickaxe":13,"minecraft:stone_axe":126,"minecraft:crafting_table":3},"minecraft:mined":{"minecraft:iron_ore":3,"minecraft:spruce_log":122,"minecraft:crafting_table":1,"minecraft:grass_block":2,"minecraft:gravel":1,"minecraft:dirt":2,"minecraft:spruce_leaves":36,"minecraft:stone":12,"minecraft:sugar_cane":2},"minecraft:custom":{"minecraft:time_since_rest":15639,"minecraft:sprint_one_cm":27404,"minecraft:damage_taken":155,"minecraft:walk_one_cm":17644,"minecraft:mob_kills":5,"minecraft:damage_dealt":617,"minecraft:swim_one_cm":37704,"minecraft:interact_with_crafting_table":5,"minecraft:fly_one_cm":24853,"minecraft:open_chest":18,"minecraft:crouch_one_cm":490,"minecraft:play_time":15639,"minecraft:sneak_time":498,"minecraft:walk_under_water_one_cm":3916,"minecraft:boat_one_cm":49801,"minecraft:jump":166,"minecraft:time_since_death":15639,"minecraft:walk_on_water_one_cm":4137,"minecraft:total_world_time":15639,"minecraft:fall_one_cm":5320},"minecraft:picked_up":{"minecraft:raw_iron":3,"minecraft:stick":2,"minecraft:crafting_table":1,"minecraft:leather":1,"minecraft:gravel":3,"minecraft:spruce_sapling":1,"minecraft:spruce_log":121,"minecraft:dirt":4,"minecraft:beef":9,"minecraft:sugar_cane":6,"minecraft:cobblestone":12},"minecraft:killed":{"minecraft:drowned":1,"minecraft:cow":4},"minecraft:broken":{"minecraft:stone_axe":1}},"DataVersion":3120}