{"stats":{"minecraft:killed":{"minecraft:cave_spider":2,"minecraft:witch":1,"minecraft:spider":37,"minecraft:skeleton":146,"minecraft:bee":2,"minecraft:chicken":6,"minecraft:piglin":4,"minecraft:pig":16,"minecraft:zombie_villager":3,"minecraft:salmon":1,"minecraft:creeper":26,"iceandfire:cockatrice":1,"minecraft:sheep":14,"minecraft:zombie":144,"iceandfire:pixie":2,"minecraft:cow":19,"minecraft:slime":9,"minecraft:drowned":1},"minecraft:killed_by":{"minecraft:creeper":2,"minecraft:drowned":2,"iceandfire:fire_dragon":3,"iceandfire:lightning_dragon":1},"minecraft:dropped":{"minecraft:diamond_axe":1,"minecraft:spruce_leaves":1,"minecraft:dirt":10,"minecraft:gold_nugget":6,"minecraft:iron_pickaxe":3,"ic2:hemp_seeds":15,"minecraft:gravel":3,"minecraft:cooked_chicken":1,"minecraft:cobbled_deepslate":128,"minecraft:wheat":2,"minecraft:birch_sapling":2,"minecraft:rotten_flesh":16,"mekanism:raw_tin":6,"minecraft:carrot":79,"minecraft:chainmail_chestplate":12,"minecraft:gunpowder":3,"minecraft:chainmail_boots":12,"mekanismtools:osmium_leggings":1,"minecraft:stone_hoe":6,"minecraft:bread":489,"minecraft:wheat_seeds":238,"mekanismtools:osmium_boots":1,"minecraft:diamond_leggings":1,"minecraft:iron_helmet":39,"minecraft:cobblestone":21,"minecraft:granite":24,"minecraft:copper_ingot":3,"minecraft:chainmail_helmet":34,"minecraft:stick":8,"ic2:raw_tin":15,"minecraft:diorite":33,"minecraft:melon_slice":17,"minecraft:diamond_helmet":1,"mekanism:raw_osmium":5,"minecraft:iron_axe":93,"minecraft:iron_shovel":3,"minecraft:chainmail_leggings":37,"minecraft:string":1,"minecraft:raw_copper":2,"minecraft:bowl":1,"minecraft:stone_shovel":5,"minecraft:iron_boots":10,"iceandfire:silver_ore":2,"electrodynamics:raworelead":5,"minecraft:flint_and_steel":1,"electrodynamics:orealuminum":2,"minecraft:filled_map":3,"electrodynamics:crystalhalite":3,"minecraft:shield":10,"minecraft:iron_chestplate":15,"minecraft:andesite":11,"minecraft:oak_sapling":1,"minecraft:spruce_log":19,"minecraft:diamond_boots":2,"minecraft:bow":4,"minecraft:stone_pickaxe":22,"minecraft:wooden_pickaxe":1},"minecraft:crafted":{"minecraft:grindstone":2,"minecraft:smooth_stone":9,"minecraft:oak_planks":396,"minecraft:chainmail_helmet":24,"minecraft:cobblestone_slab":6,"electrodynamics:coalcoke":6,"mekanism:ingot_osmium":35,"ic2:copper_cable_item":6,"minecraft:cooked_chicken":4,"mekanismtools:osmium_chestplate":1,"minecraft:stone":40,"minecraft:diamond_shovel":12,"minecraft:bookshelf":30,"minecraft:cooked_mutton":17,"minecraft:hopper":4,"minecraft:diamond_leggings":4,"minecraft:diamond_helmet":2,"minecraft:bow":3,"minecraft:iron_boots":13,"mekanismtools:osmium_boots":1,"minecraft:chest":38,"minecraft:acacia_fence":6,"minecraft:stone_hoe":6,"minecraft:gray_bed":2,"mekanismtools:osmium_pickaxe":1,"iceandfire:silver_axe":1,"mekanism:ingot_tin":61,"minecraft:oak_slab":6,"minecraft:wooden_shovel":3,"minecraft:emerald":1868,"minecraft:cooked_porkchop":30,"minecraft:diamond_axe":5,"minecraft:crafting_table":9,"minecraft:spruce_planks":28548,"minecraft:wooden_pickaxe":1,"minecraft:iron_helmet":31,"minecraft:chainmail_chestplate":12,"minecraft:smithing_table":3,"minecraft:copper_ingot":78,"minecraft:fletching_table":8,"minecraft:birch_planks":92,"mekanismtools:osmium_leggings":1,"ic2:generator":1,"ic2:rubber":32,"minecraft:spruce_trapdoor":72,"minecraft:lectern":6,"minecraft:iron_chestplate":11,"minecraft:wooden_hoe":1,"minecraft:diamond_pickaxe":7,"minecraft:shield":25,"minecraft:stick":55721,"minecraft:stone_slab":6,"minecraft:iron_ingot":452,"minecraft:iron_pickaxe":11,"minecraft:iron_block":6,"minecraft:stone_sword":1,"minecraft:gold_ingot":71,"minecraft:shears":2,"ic2:iron_furnace":2,"minecraft:golden_carrot":24,"minecraft:oak_door":3,"minecraft:stone_shovel":5,"ic2:copper_insulated_cable_item":1,"minecraft:iron_nugget":1,"minecraft:diamond_hoe":6,"mekanismtools:osmium_shovel":1,"minecraft:furnace":13,"minecraft:blast_furnace":3,"minecraft:bone_meal":688,"minecraft:spruce_fence":30,"minecraft:flint_and_steel":1,"mekanismtools:osmium_axe":1,"ic2:re_battery":1,"minecraft:iron_axe":72,"minecraft:ladder":3,"minecraft:spruce_slab":36,"minecraft:stone_pickaxe":23,"minecraft:diamond_boots":6,"minecraft:spruce_boat":3,"mekanismtools:osmium_helmet":1,"minecraft:chainmail_leggings":37,"minecraft:wheat":596,"minecraft:cooked_beef":38,"mekanismtools:osmium_sword":1,"ic2:ingot_silver":8,"minecraft:diamond_sword":1,"minecraft:enchanting_table":1,"ic2:tree_tap":3,"minecraft:iron_sword":1,"minecraft:cooked_salmon":1,"minecraft:bucket":3,"minecraft:stone_axe":2,"minecraft:enchanted_book":6,"minecraft:bread":373,"minecraft:air":0,"minecraft:oak_boat":1,"minecraft:gold_nugget":198,"minecraft:chainmail_boots":12,"minecraft:iron_shovel":7,"minecraft:iron_leggings":1,"minecraft:anvil":2,"minecraft:white_bed":25,"minecraft:acacia_planks":220,"minecraft:torch":400,"minecraft:diamond_chestplate":3},"minecraft:broken":{"minecraft:wooden_shovel":3,"minecraft:stone_axe":1,"ic2:tree_tap":3,"minecraft:shield":1,"minecraft:iron_axe":12,"minecraft:iron_pickaxe":2,"minecraft:iron_helmet":1,"mekanismtools:osmium_chestplate":1},"minecraft:custom":{"minecraft:interact_with_crafting_table":209,"minecraft:open_barrel":2,"minecraft:bell_ring":15,"minecraft:leave_game":9,"minecraft:time_since_death":906985,"minecraft:sprint_one_cm":2400222,"minecraft:damage_blocked_by_shield":4750,"minecraft:drop":407,"minecraft:talked_to_villager":1292,"minecraft:play_time":1224962,"minecraft:deaths":8,"minecraft:jump":16803,"minecraft:walk_on_water_one_cm":86570,"minecraft:enchant_item":3,"minecraft:interact_with_furnace":289,"minecraft:traded_with_villager":2208,"minecraft:sleep_in_bed":28,"minecraft:damage_dealt":68630,"minecraft:crouch_one_cm":37182,"minecraft:interact_with_smoker":1,"minecraft:interact_with_smithing_table":9,"minecraft:interact_with_anvil":29,"minecraft:mob_kills":442,"minecraft:inspect_hopper":3,"minecraft:climb_one_cm":25149,"minecraft:walk_one_cm":1885106,"minecraft:sneak_time":16061,"minecraft:walk_under_water_one_cm":56165,"minecraft:boat_one_cm":430152,"minecraft:interact_with_blast_furnace":9,"minecraft:total_world_time":1224962,"minecraft:interact_with_grindstone":5,"minecraft:time_since_rest":25981,"minecraft:damage_taken":14040,"minecraft:swim_one_cm":233554,"minecraft:fly_one_cm":3104505,"minecraft:open_chest":762,"minecraft:fish_caught":1,"minecraft:fall_one_cm":463396},"minecraft:mined":{"create:deepslate_zinc_ore":4,"minecraft:spruce_planks":7,"minecraft:white_bed":10,"tconstruct:sky_slime_crystal_block":1,"minecraft:brewing_stand":5,"minecraft:obsidian":34,"minecraft:spruce_trapdoor":3,"minecraft:budding_amethyst":1,"minecraft:granite":93,"ic2:tin_ore":20,"minecraft:acacia_log":55,"minecraft:grass_block":757,"iceandfire:lectern":1,"electrodynamics:oretin":2,"minecraft:hopper":5,"minecraft:spawner":4,"minecraft:iron_ore":182,"electrodynamics:oreniter":6,"minecraft:fire":21,"minecraft:cobbled_deepslate":4,"tconstruct:cobalt_ore":1,"minecraft:deepslate_lapis_ore":40,"minecraft:fletching_table":27,"create:asurine":12,"minecraft:pointed_dripstone":1,"minecraft:water_cauldron":2,"minecraft:dirt_path":61,"electrodynamics:deepslateoreniter":3,"create:limestone":3,"minecraft:spruce_slab":2,"minecraft:orange_bed":3,"electrodynamics:oremonazite":2,"minecraft:deepslate_redstone_ore":33,"ic2:rubber_leaves":181,"mekanism:osmium_ore":22,"minecraft:melon_stem":4,"minecraft:crimson_nylium":2,"minecraft:smoker":2,"iceandfire:podium_acacia":2,"minecraft:torch":17,"minecraft:blast_furnace":7,"minecraft:poppy":4,"minecraft:calcite":4,"minecraft:melon":5,"minecraft:chest":14,"mekanism:tin_ore":13,"iceandfire:fire_lily":1,"minecraft:nether_quartz_ore":10,"minecraft:cobblestone":129,"minecraft:oak_planks":11,"minecraft:grindstone":3,"minecraft:sugar_cane":7,"electrodynamics:orehalite":1,"minecraft:wall_torch":6,"minecraft:amethyst_block":10,"minecraft:cauldron":2,"minecraft:birch_log":33,"minecraft:wheat":535,"ic2:deepslate_silver_ore":7,"minecraft:smooth_stone_slab":2,"minecraft:grass":500,"mekanism:deepslate_tin_ore":2,"minecraft:oak_log":99,"mekanism:lead_ore":2,"minecraft:acacia_fence":2,"minecraft:sand":2,"minecraft:dirt":1417,"minecraft:netherrack":94,"minecraft:oak_leaves":21,"minecraft:deepslate":588,"minecraft:yellow_terracotta":3,"create:zinc_ore":5,"minecraft:nether_gold_ore":1,"electrodynamics:deepslateorerutile":3,"minecraft:tuff":43,"iceandfire:silver_ore":3,"minecraft:mossy_cobblestone":3,"minecraft:deepslate_diamond_ore":18,"electrodynamics:oremolybdenum":1,"minecraft:oak_door":2,"ic2:deepslate_tin_ore":3,"mekanism:deepslate_osmium_ore":19,"minecraft:glow_lichen":2,"minecraft:ladder":2,"minecraft:spruce_fence":5,"minecraft:spruce_leaves":196,"minecraft:cartography_table":2,"minecraft:hay_block":68,"minecraft:spruce_sapling":17,"minecraft:furnace":6,"minecraft:carrots":290,"electrodynamics:orelead":2,"electrodynamics:deepslateoretin":1,"minecraft:acacia_wood":1,"minecraft:andesite":84,"minecraft:stripped_spruce_log":1,"minecraft:bell":2,"minecraft:bookshelf":14,"minecraft:potatoes":6,"minecraft:cobblestone_slab":4,"minecraft:shroomlight":1,"minecraft:deepslate_iron_ore":174,"minecraft:stone":2660,"electrodynamics:orealuminum":3,"minecraft:bone_block":26,"minecraft:white_wool":1,"minecraft:orange_glazed_terracotta":1,"minecraft:podzol":205,"minecraft:smithing_table":7,"mekanism:deepslate_lead_ore":1,"electrodynamics:deepslateorelead":1,"electrodynamics:deepslateorevanadinite":3,"minecraft:acacia_leaves":14,"electrodynamics:deepslateorefluorite":1,"minecraft:dandelion":1,"minecraft:crafting_table":7,"minecraft:emerald_ore":2,"minecraft:lectern":480,"minecraft:copper_ore":29,"minecraft:tall_grass":26,"minecraft:lapis_ore":16,"minecraft:deepslate_gold_ore":65,"minecraft:diorite":101,"minecraft:birch_leaves":8,"minecraft:spruce_log":7659,"minecraft:bee_nest":1,"minecraft:coal_ore":299,"mekanism:deepslate_fluorite_ore":1,"minecraft:gravel":180,"minecraft:sunflower":1,"minecraft:dripstone_block":2,"minecraft:cobweb":28,"mekanism:deepslate_uranium_ore":8,"minecraft:gold_ore":5},"minecraft:used":{"minecraft:iron_shovel":174,"minecraft:spruce_slab":4,"minecraft:ladder":5,"minecraft:poppy":1,"minecraft:diamond_hoe":863,"minecraft:chest":48,"minecraft:shield":88,"minecraft:iron_sword":168,"minecraft:spruce_leaves":1,"minecraft:rotten_flesh":15,"minecraft:bell":2,"mekanismtools:osmium_sword":913,"minecraft:carrot":853,"minecraft:tuff":1,"minecraft:obsidian":10,"minecraft:spruce_boat":4,"minecraft:iron_helmet":2,"minecraft:bow":144,"minecraft:furnace":16,"minecraft:gray_bed":2,"minecraft:acacia_fence":8,"minecraft:potato":33,"iceandfire:podium_acacia":1,"minecraft:oak_planks":205,"minecraft:stone_pickaxe":31,"minecraft:wooden_pickaxe":13,"minecraft:diamond_axe":4792,"minecraft:white_wool":1,"minecraft:yellow_terracotta":1,"minecraft:blast_furnace":10,"minecraft:melon_slice":2,"minecraft:bread":14,"minecraft:lectern":485,"create:asurine":12,"minecraft:gravel":133,"mekanismtools:osmium_shovel":76,"minecraft:diamond_sword":140,"minecraft:grindstone":5,"minecraft:smithing_table":9,"minecraft:andesite":17,"minecraft:birch_log":10,"minecraft:oak_boat":1,"minecraft:bone_meal":427,"minecraft:stone_sword":23,"minecraft:flint_and_steel":37,"minecraft:enchanting_table":1,"minecraft:spruce_planks":192,"minecraft:cooked_salmon":1,"minecraft:wooden_shovel":177,"ic2:tree_tap":48,"minecraft:cooked_chicken":6,"minecraft:netherrack":4,"minecraft:oak_door":4,"minecraft:orange_bed":3,"minecraft:torch":430,"minecraft:brewing_stand":4,"minecraft:dirt":615,"minecraft:anvil":2,"minecraft:hopper":9,"ic2:iron_furnace":1,"minecraft:spruce_fence":12,"minecraft:bookshelf":25,"minecraft:iron_axe":3222,"minecraft:melon_seeds":1,"minecraft:diamond_chestplate":2,"minecraft:golden_carrot":24,"ic2:rubber_sapling":6,"minecraft:cooked_beef":38,"minecraft:cobbled_deepslate":139,"minecraft:calcite":1,"minecraft:iron_leggings":1,"minecraft:cooked_mutton":18,"minecraft:wheat_seeds":653,"minecraft:water_bucket":56,"minecraft:cartography_table":1,"minecraft:cauldron":2,"mekanismtools:osmium_axe":425,"minecraft:cobblestone_slab":8,"minecraft:fletching_table":35,"minecraft:crafting_table":15,"mekanismtools:osmium_boots":1,"minecraft:white_bed":35,"minecraft:spruce_log":9,"minecraft:smoker":1,"mekanismtools:osmium_pickaxe":521,"minecraft:wooden_hoe":15,"minecraft:diamond_pickaxe":3571,"minecraft:diamond_shovel":2041,"minecraft:iron_pickaxe":867,"minecraft:suspicious_stew":1,"minecraft:spruce_trapdoor":67,"minecraft:spruce_sapling":456,"minecraft:stone_axe":127,"minecraft:cobblestone":1415,"minecraft:fishing_rod":10,"ic2:generator":1,"minecraft:cooked_porkchop":30,"minecraft:bucket":58},"minecraft:picked_up":{"minecraft:iron_chestplate":6,"minecraft:wheat":520,"mekanism:raw_uranium":10,"minecraft:smithing_table":7,"minecraft:lead":1,"minecraft:brewing_stand":5,"minecraft:amethyst_block":10,"minecraft:string":59,"minecraft:raw_copper":104,"create:limestone":1,"electrodynamics:raworetin":1,"minecraft:iron_leggings":3,"minecraft:gold_nugget":12,"minecraft:cobbled_deepslate":537,"minecraft:bucket":1,"minecraft:spruce_planks":72,"minecraft:cobblestone_slab":4,"minecraft:calcite":1,"minecraft:iron_pickaxe":5,"minecraft:melon_slice":44,"minecraft:iron_boots":1,"minecraft:furnace":9,"minecraft:golden_helmet":1,"minecraft:stick":347,"minecraft:acacia_fence":2,"electrodynamics:raworefluorite":2,"minecraft:torch":81,"minecraft:acacia_log":54,"iceandfire:silver_ore":3,"minecraft:porkchop":41,"iceandfire:crackled_gravel":1,"minecraft:pointed_dripstone":2,"minecraft:diorite":67,"minecraft:golden_chestplate":1,"mekanism:raw_tin":29,"minecraft:cauldron":4,"minecraft:orange_bed":3,"minecraft:rotten_flesh":198,"electrodynamics:oremonazite":2,"create:asurine":12,"minecraft:bookshelf":2,"mekanism:ingot_osmium":2,"minecraft:obsidian":35,"minecraft:cobblestone":2739,"minecraft:birch_log":33,"minecraft:feather":13,"minecraft:cooked_beef":4,"minecraft:water_bucket":2,"minecraft:andesite":89,"minecraft:brown_wool":3,"minecraft:acacia_leaves":1,"minecraft:smoker":2,"minecraft:potato":22,"minecraft:flint":17,"minecraft:tuff":45,"create:raw_zinc":14,"minecraft:lapis_lazuli":538,"minecraft:dirt":2434,"minecraft:leather_boots":2,"minecraft:bone":148,"minecraft:bow":16,"minecraft:wheat_seeds":1481,"minecraft:raw_gold":89,"minecraft:bell":3,"minecraft:grindstone":3,"minecraft:fletching_table":27,"minecraft:oak_planks":143,"minecraft:cooked_porkchop":7,"mekanismtools:osmium_chestplate":2,"minecraft:poisonous_potato":15,"minecraft:stripped_spruce_log":1,"minecraft:grass_block":1,"electrodynamics:guidebook":3,"ic2:raw_silver":22,"minecraft:diamond":27,"minecraft:spruce_boat":2,"iceandfire:lectern":1,"minecraft:granite":94,"electrodynamics:crystalhalite":3,"minecraft:chainmail_helmet":10,"minecraft:emerald":87,"minecraft:bread":98,"minecraft:oak_sapling":3,"minecraft:netherrack":87,"electrodynamics:raworevanadinite":3,"minecraft:diamond_pickaxe":3,"iceandfire:dragon_skull_lightning":2,"minecraft:spruce_leaves":9,"minecraft:crafting_table":9,"minecraft:chicken":8,"minecraft:ladder":2,"iceandfire:fire_lily":1,"electrodynamics:orealuminum":2,"tconstruct:materials_and_you":3,"minecraft:shield":4,"minecraft:iron_axe":46,"minecraft:flint_and_steel":1,"minecraft:iron_shovel":2,"iceandfire:bestiary":1,"minecraft:cartography_table":2,"minecraft:beef":85,"electrodynamics:oremolybdenum":1,"minecraft:poppy":7,"ic2:hemp_seeds":76,"minecraft:spruce_slab":2,"minecraft:lectern":480,"minecraft:chest":14,"minecraft:sugar_cane":27,"iceandfire:podium_acacia":2,"minecraft:birch_sapling":2,"minecraft:spruce_trapdoor":3,"minecraft:egg":5,"minecraft:raw_iron":516,"iceandfire:dragonbone":21,"tconstruct:raw_cobalt":1,"mekanismtools:bronze_boots":1,"minecraft:oak_door":2,"minecraft:copper_ingot":3,"minecraft:spruce_fence":5,"minecraft:carrot":1121,"mekanismtools:steel_chestplate":1,"minecraft:redstone":222,"minecraft:arrow":171,"minecraft:hay_block":67,"minecraft:yellow_terracotta":3,"minecraft:mutton":30,"minecraft:bone_block":25,"minecraft:white_wool":94,"minecraft:golden_carrot":1,"mekanism:raw_lead":5,"minecraft:glow_ink_sac":3,"minecraft:salmon":2,"ic2:ore_uranium":1,"minecraft:leather":25,"minecraft:acacia_wood":1,"mekanismtools:osmium_sword":3,"minecraft:oak_log":99,"minecraft:gunpowder":22,"mekanismtools:refined_glowstone_chestplate":1,"electrodynamics:raworetitanium":2,"minecraft:kelp":224,"minecraft:iron_ingot":66,"minecraft:cooked_chicken":3,"ic2:rubber_sapling":6,"minecraft:iron_sword":1,"minecraft:acacia_sapling":10,"minecraft:book":36,"electrodynamics:raworelead":7,"iceandfire:copper_nugget":50,"ic2:wiki_item":2,"ic2:raw_tin":151,"minecraft:quartz":13,"minecraft:dandelion":2,"minecraft:dripstone_block":4,"minecraft:gravel":167,"minecraft:spruce_sapling":533,"minecraft:blast_furnace":7,"minecraft:white_bed":10,"minecraft:spruce_log":8136,"electrodynamics:dustniter":20,"mekanism:raw_osmium":67,"minecraft:spider_eye":9,"minecraft:slime_ball":5,"mekanismtools:osmium_boots":2,"minecraft:stone_axe":4,"iceandfire:cockatrice_skull":1,"ic2:sticky_resin":32,"minecraft:iron_helmet":14,"mekanismtools:osmium_pickaxe":3,"minecraft:gray_wool":8,"minecraft:melon_seeds":4,"minecraft:black_wool":2,"minecraft:coal":676,"minecraft:hopper":5,"minecraft:sunflower":2,"minecraft:ender_pearl":1}},"DataVersion":3120}