{"stats":{"minecraft:killed":{"minecraft:cave_spider":2,"minecraft:spider":10,"minecraft:skeleton":23,"minecraft:chicken":2,"minecraft:drowned":1,"minecraft:pig":12,"minecraft:creeper":4,"minecraft:sheep":12,"minecraft:zombie":32,"minecraft:cow":14},"minecraft:killed_by":{"minecraft:creeper":1,"minecraft:drowned":2,"iceandfire:lightning_dragon":1,"iceandfire:fire_dragon":3},"minecraft:dropped":{"minecraft:wheat_seeds":3,"minecraft:cobblestone":1,"minecraft:iron_pickaxe":1,"ic2:hemp_seeds":2,"minecraft:bowl":1,"minecraft:birch_sapling":2,"minecraft:filled_map":3,"minecraft:spruce_log":19,"minecraft:wooden_pickaxe":1},"minecraft:crafted":{"minecraft:golden_carrot":15,"minecraft:oak_door":3,"minecraft:oak_planks":304,"mekanism:ingot_osmium":17,"mekanismtools:osmium_chestplate":1,"minecraft:furnace":3,"minecraft:bone_meal":90,"minecraft:cooked_mutton":3,"minecraft:bow":1,"minecraft:iron_boots":1,"minecraft:iron_axe":1,"minecraft:stone_pickaxe":1,"mekanismtools:osmium_boots":1,"minecraft:chest":8,"mekanismtools:osmium_pickaxe":1,"minecraft:cooked_beef":17,"mekanismtools:osmium_sword":1,"minecraft:oak_slab":6,"minecraft:cooked_porkchop":10,"minecraft:crafting_table":5,"minecraft:spruce_planks":248,"minecraft:wooden_pickaxe":1,"minecraft:iron_sword":1,"minecraft:cooked_salmon":1,"minecraft:bucket":1,"minecraft:stone_axe":2,"minecraft:bread":3,"minecraft:wooden_hoe":1,"minecraft:iron_chestplate":1,"minecraft:diamond_pickaxe":1,"minecraft:gold_nugget":126,"minecraft:shield":1,"minecraft:stick":84,"minecraft:iron_ingot":119,"minecraft:iron_pickaxe":5,"minecraft:stone_sword":1,"minecraft:gold_ingot":14,"minecraft:iron_shovel":1,"minecraft:iron_leggings":1,"minecraft:white_bed":1,"minecraft:torch":200},"minecraft:broken":{"minecraft:stone_axe":1,"minecraft:iron_pickaxe":2},"minecraft:custom":{"minecraft:mob_kills":113,"minecraft:interact_with_crafting_table":63,"minecraft:open_barrel":2,"minecraft:bell_ring":2,"minecraft:leave_game":2,"minecraft:time_since_death":17035,"minecraft:climb_one_cm":476,"minecraft:sprint_one_cm":533590,"minecraft:walk_one_cm":385676,"minecraft:damage_blocked_by_shield":695,"minecraft:drop":11,"minecraft:play_time":252272,"minecraft:deaths":7,"minecraft:sneak_time":3979,"minecraft:walk_under_water_one_cm":20342,"minecraft:boat_one_cm":232836,"minecraft:jump":3579,"minecraft:walk_on_water_one_cm":35180,"minecraft:total_world_time":252272,"minecraft:interact_with_furnace":121,"minecraft:sleep_in_bed":3,"minecraft:time_since_rest":17070,"minecraft:damage_taken":6123,"minecraft:damage_dealt":16969,"minecraft:swim_one_cm":151929,"minecraft:fly_one_cm":721423,"minecraft:open_chest":99,"minecraft:crouch_one_cm":5006,"minecraft:fish_caught":1,"minecraft:fall_one_cm":115968},"minecraft:mined":{"minecraft:spruce_planks":5,"minecraft:white_bed":1,"minecraft:deepslate_diamond_ore":4,"minecraft:oak_door":2,"minecraft:granite":2,"ic2:deepslate_tin_ore":2,"mekanism:deepslate_osmium_ore":4,"minecraft:glow_lichen":2,"minecraft:budding_amethyst":1,"minecraft:grass_block":69,"minecraft:spruce_leaves":36,"minecraft:spawner":2,"minecraft:hay_block":1,"minecraft:furnace":6,"minecraft:carrots":42,"minecraft:iron_ore":28,"electrodynamics:deepslateoretin":1,"minecraft:andesite":6,"minecraft:deepslate_lapis_ore":17,"minecraft:bell":2,"create:asurine":12,"minecraft:pointed_dripstone":1,"minecraft:deepslate_iron_ore":93,"minecraft:stone":1714,"minecraft:white_wool":1,"create:limestone":3,"minecraft:deepslate_redstone_ore":24,"mekanism:osmium_ore":13,"electrodynamics:deepslateorefluorite":1,"minecraft:crafting_table":3,"minecraft:torch":1,"minecraft:emerald_ore":2,"minecraft:calcite":1,"minecraft:poppy":1,"mekanism:tin_ore":1,"minecraft:copper_ore":22,"minecraft:tall_grass":3,"minecraft:cobblestone":26,"minecraft:lapis_ore":2,"minecraft:deepslate_gold_ore":13,"minecraft:sugar_cane":2,"minecraft:oak_planks":3,"minecraft:wall_torch":3,"minecraft:amethyst_block":10,"minecraft:birch_log":33,"minecraft:spruce_log":122,"minecraft:birch_leaves":3,"ic2:deepslate_silver_ore":4,"minecraft:grass":23,"minecraft:oak_log":76,"minecraft:coal_ore":84,"minecraft:sunflower":1,"minecraft:gravel":1,"minecraft:dirt":115,"minecraft:cobweb":19,"minecraft:gold_ore":1,"minecraft:oak_leaves":10,"minecraft:deepslate":25},"minecraft:used":{"minecraft:stone_sword":23,"minecraft:iron_shovel":163,"minecraft:chest":8,"minecraft:spruce_planks":171,"minecraft:shield":14,"minecraft:iron_sword":168,"minecraft:bell":2,"minecraft:cooked_salmon":1,"minecraft:rotten_flesh":15,"minecraft:oak_door":4,"minecraft:torch":181,"minecraft:dirt":58,"mekanismtools:osmium_sword":165,"minecraft:carrot":53,"minecraft:iron_axe":139,"minecraft:iron_helmet":1,"minecraft:golden_carrot":15,"minecraft:bow":28,"minecraft:furnace":9,"minecraft:cooked_beef":17,"minecraft:cobbled_deepslate":11,"minecraft:iron_leggings":1,"minecraft:calcite":1,"minecraft:cooked_mutton":3,"minecraft:water_bucket":1,"minecraft:stone_pickaxe":31,"minecraft:oak_planks":151,"minecraft:wooden_pickaxe":13,"minecraft:white_wool":1,"minecraft:crafting_table":8,"mekanismtools:osmium_boots":1,"minecraft:white_bed":2,"mekanismtools:osmium_pickaxe":145,"minecraft:wooden_hoe":15,"minecraft:diamond_pickaxe":1149,"minecraft:bread":11,"minecraft:suspicious_stew":1,"minecraft:iron_pickaxe":813,"create:asurine":12,"minecraft:gravel":2,"minecraft:stone_axe":127,"minecraft:fishing_rod":10,"minecraft:cobblestone":94,"minecraft:cooked_porkchop":10,"minecraft:bucket":1,"minecraft:birch_log":10,"minecraft:bone_meal":90},"minecraft:picked_up":{"minecraft:iron_chestplate":1,"minecraft:crafting_table":5,"minecraft:wheat":4,"minecraft:chicken":4,"tconstruct:materials_and_you":3,"minecraft:shield":2,"minecraft:amethyst_block":10,"create:limestone":1,"minecraft:iron_axe":2,"minecraft:string":30,"minecraft:raw_copper":76,"electrodynamics:raworetin":1,"minecraft:iron_leggings":2,"minecraft:iron_shovel":2,"minecraft:gold_nugget":6,"minecraft:cobbled_deepslate":38,"minecraft:bucket":1,"minecraft:spruce_planks":70,"minecraft:beef":75,"minecraft:calcite":1,"minecraft:poppy":2,"ic2:hemp_seeds":5,"minecraft:iron_pickaxe":5,"minecraft:sugar_cane":18,"minecraft:birch_sapling":2,"minecraft:egg":2,"minecraft:iron_boots":1,"minecraft:furnace":9,"minecraft:stick":14,"minecraft:raw_iron":155,"minecraft:oak_door":2,"electrodynamics:raworefluorite":1,"minecraft:torch":52,"minecraft:porkchop":32,"iceandfire:crackled_gravel":1,"minecraft:diorite":3,"minecraft:carrot":217,"minecraft:redstone":148,"mekanism:raw_tin":1,"minecraft:arrow":34,"minecraft:rotten_flesh":34,"create:asurine":12,"minecraft:mutton":27,"minecraft:cobblestone":1791,"minecraft:white_wool":24,"minecraft:birch_log":32,"minecraft:feather":4,"minecraft:cooked_beef":4,"minecraft:golden_carrot":1,"minecraft:water_bucket":1,"minecraft:glow_ink_sac":3,"minecraft:andesite":6,"minecraft:salmon":2,"minecraft:leather":21,"mekanismtools:osmium_sword":2,"minecraft:oak_log":76,"minecraft:lapis_lazuli":120,"minecraft:dirt":177,"minecraft:leather_boots":2,"minecraft:bone":31,"minecraft:kelp":224,"minecraft:bow":6,"minecraft:wheat_seeds":9,"minecraft:raw_gold":14,"minecraft:bell":3,"minecraft:iron_ingot":11,"minecraft:acacia_sapling":1,"minecraft:oak_planks":119,"minecraft:iron_sword":1,"iceandfire:copper_nugget":50,"minecraft:cooked_porkchop":3,"ic2:wiki_item":2,"ic2:raw_tin":7,"mekanismtools:osmium_chestplate":1,"minecraft:dripstone_block":2,"minecraft:poisonous_potato":15,"minecraft:gravel":9,"minecraft:spruce_sapling":4,"minecraft:white_bed":1,"minecraft:spruce_log":515,"mekanism:raw_osmium":18,"minecraft:spider_eye":4,"electrodynamics:guidebook":3,"mekanismtools:osmium_boots":1,"ic2:raw_silver":6,"minecraft:diamond":4,"minecraft:stone_axe":4,"minecraft:iron_helmet":3,"minecraft:gray_wool":2,"mekanismtools:osmium_pickaxe":2,"minecraft:bread":3,"minecraft:emerald":5,"minecraft:oak_sapling":1,"minecraft:coal":337,"minecraft:sunflower":2,"minecraft:diamond_pickaxe":2}},"DataVersion":3120}