{"stats":{"minecraft:dropped":{"minecraft:dirt":13,"minecraft:gold_nugget":6,"minecraft:iron_pickaxe":3,"minecraft:cooked_chicken":1,"minecraft:cobbled_deepslate":198,"minecraft:birch_sapling":2,"minecraft:wheat":2,"minecraft:rotten_flesh":16,"mekanism:raw_tin":6,"minecraft:wheat_seeds":505,"minecraft:iron_helmet":39,"minecraft:cobblestone":21,"minecraft:granite":24,"minecraft:chainmail_helmet":34,"minecraft:diamond_helmet":1,"minecraft:chainmail_leggings":37,"minecraft:iron_shovel":3,"minecraft:string":1,"minecraft:bowl":1,"minecraft:stone_shovel":5,"minecraft:iron_boots":10,"electrodynamics:raworelead":5,"minecraft:diamond_sword":1,"electrodynamics:crystalhalite":3,"minecraft:diamond_pickaxe":3,"minecraft:bow":4,"create:andesite_funnel":3,"minecraft:diamond_axe":1,"minecraft:spruce_leaves":1,"create:large_cogwheel":64,"ic2:hemp_seeds":15,"minecraft:gravel":3,"minecraft:carrot":143,"minecraft:chainmail_chestplate":12,"minecraft:gunpowder":3,"minecraft:chainmail_boots":12,"mekanismtools:osmium_leggings":1,"create:andesite_alloy":4,"minecraft:stone_hoe":6,"minecraft:bread":553,"mekanismtools:osmium_boots":1,"minecraft:diamond_leggings":1,"minecraft:copper_ingot":3,"minecraft:stick":8,"minecraft:iron_block":1,"ic2:raw_tin":15,"minecraft:diorite":33,"minecraft:melon_slice":17,"mekanism:raw_osmium":5,"minecraft:iron_axe":93,"minecraft:raw_copper":2,"iceandfire:silver_ore":2,"electrodynamics:orealuminum":2,"minecraft:flint_and_steel":1,"minecraft:filled_map":3,"minecraft:shield":10,"minecraft:diamond_chestplate":1,"minecraft:iron_chestplate":15,"minecraft:andesite":11,"minecraft:oak_sapling":1,"minecraft:diamond_boots":2,"minecraft:spruce_log":19,"minecraft:stone_pickaxe":22,"minecraft:wooden_pickaxe":1},"minecraft:crafted":{"minecraft:smooth_stone":9,"minecraft:chainmail_helmet":24,"electrodynamics:coalcoke":6,"mekanism:ingot_osmium":35,"ic2:copper_cable_item":24,"mekanismtools:osmium_chestplate":1,"minecraft:diamond_shovel":12,"minecraft:bookshelf":40,"minecraft:cooked_mutton":17,"tconstruct:seared_melter":1,"minecraft:glass":28,"minecraft:diamond_helmet":6,"minecraft:diamond_leggings":6,"mekanismtools:osmium_boots":1,"minecraft:acacia_fence":6,"minecraft:gray_bed":2,"iceandfire:silver_axe":1,"mekanism:ingot_tin":67,"minecraft:wooden_shovel":3,"minecraft:emerald":3062,"minecraft:cooked_porkchop":30,"minecraft:diamond_axe":9,"tconstruct:modifier_worktable":1,"minecraft:smithing_table":3,"minecraft:copper_ingot":78,"minecraft:fletching_table":13,"ic2:electric_jetpack":1,"ic2:generator":1,"ic2:rubber":32,"minecraft:lectern":9,"minecraft:wooden_hoe":1,"minecraft:stone_slab":6,"minecraft:iron_pickaxe":11,"minecraft:iron_block":18,"minecraft:gold_ingot":106,"minecraft:golden_carrot":94,"minecraft:stone_shovel":5,"tconstruct:part_builder":1,"minecraft:iron_nugget":1,"minecraft:diamond_hoe":6,"mekanismtools:osmium_shovel":1,"tconstruct:seared_basin":1,"minecraft:bone_meal":688,"ic2:diamond_drill":1,"minecraft:spruce_fence":30,"tconstruct:tinker_station":2,"minecraft:ladder":3,"minecraft:spruce_slab":54,"minecraft:stone_pickaxe":23,"minecraft:diamond_boots":7,"minecraft:spruce_boat":3,"minecraft:chainmail_leggings":37,"minecraft:wheat":596,"ic2:ingot_silver":8,"ic2:advanced_circuit":1,"minecraft:enchanting_table":1,"ic2:tree_tap":7,"minecraft:enchanted_book":26,"minecraft:chainmail_boots":12,"minecraft:iron_shovel":7,"minecraft:iron_leggings":1,"minecraft:white_bed":25,"tconstruct:grout":264,"minecraft:grindstone":2,"minecraft:oak_planks":452,"minecraft:cobblestone_slab":6,"tconstruct:puny_smelting":1,"minecraft:cooked_chicken":4,"minecraft:stone":40,"minecraft:hopper":4,"minecraft:bow":6,"minecraft:iron_boots":13,"tconstruct:seared_brick":256,"minecraft:chest":38,"minecraft:stone_hoe":6,"mekanismtools:osmium_pickaxe":1,"minecraft:oak_slab":6,"ic2:drill":1,"minecraft:crafting_table":11,"minecraft:spruce_planks":46532,"minecraft:wooden_pickaxe":1,"minecraft:iron_helmet":31,"minecraft:chainmail_chestplate":12,"minecraft:birch_planks":92,"mekanismtools:osmium_leggings":1,"minecraft:spruce_trapdoor":72,"minecraft:iron_chestplate":11,"minecraft:book":1,"minecraft:paper":3,"minecraft:diamond_pickaxe":11,"minecraft:shield":25,"ic2:batbox":1,"minecraft:stick":91525,"minecraft:iron_ingot":620,"minecraft:stone_sword":1,"tconstruct:seared_bricks":52,"minecraft:shears":2,"ic2:iron_furnace":2,"minecraft:oak_door":3,"tconstruct:pattern":15,"ic2:copper_insulated_cable_item":18,"minecraft:furnace":13,"minecraft:blast_furnace":3,"minecraft:flint_and_steel":1,"mekanismtools:osmium_axe":1,"ic2:re_battery":5,"minecraft:iron_axe":72,"electrodynamics:resourceblocktin":3,"mekanismtools:osmium_helmet":1,"minecraft:cooked_beef":38,"mekanismtools:osmium_sword":1,"minecraft:diamond_sword":3,"ic2:circuit":2,"minecraft:iron_sword":1,"minecraft:cooked_salmon":1,"minecraft:bucket":3,"minecraft:stone_axe":2,"minecraft:bread":448,"minecraft:air":0,"minecraft:oak_boat":1,"tconstruct:seared_ingot_gauge":1,"minecraft:gold_nugget":765,"tconstruct:crafting_station":1,"tconstruct:seared_faucet":3,"minecraft:anvil":5,"minecraft:acacia_planks":220,"minecraft:torch":516,"minecraft:lapis_block":3,"minecraft:diamond_chestplate":8},"minecraft:used":{"minecraft:spruce_slab":5,"minecraft:poppy":2,"minecraft:ladder":5,"minecraft:chest":48,"minecraft:rotten_flesh":15,"minecraft:spruce_boat":4,"minecraft:grass_block":1,"tconstruct:seared_faucet":1,"minecraft:bow":161,"create:shaft":2,"minecraft:furnace":16,"minecraft:acacia_fence":9,"minecraft:egg":1,"minecraft:potato":33,"iceandfire:troll_weapon_hammer":17,"minecraft:wooden_pickaxe":13,"minecraft:blast_furnace":10,"minecraft:lectern":542,"minecraft:diamond_sword":453,"minecraft:smithing_table":9,"minecraft:birch_log":10,"minecraft:oak_boat":1,"ic2:ranged_pump":1,"ic2:vacuum_canner":1,"minecraft:enchanting_table":1,"minecraft:stone_sword":23,"minecraft:cooked_salmon":1,"minecraft:netherrack":287,"minecraft:orange_bed":3,"minecraft:torch":558,"minecraft:brewing_stand":4,"minecraft:anvil":6,"ic2:iron_furnace":1,"tconstruct:seared_heater":1,"minecraft:iron_axe":3222,"minecraft:melon_seeds":1,"minecraft:diamond_chestplate":2,"ic2:mass_fabricator":1,"ic2:rubber_sapling":8,"minecraft:cobbled_deepslate":168,"minecraft:calcite":1,"minecraft:wheat_seeds":893,"minecraft:water_bucket":56,"minecraft:cartography_table":1,"minecraft:cauldron":2,"minecraft:fletching_table":54,"ic2:colossal_recycler":1,"minecraft:crafting_table":17,"mekanismtools:osmium_boots":1,"minecraft:white_bed":35,"minecraft:spruce_log":16,"mekanismtools:osmium_pickaxe":521,"minecraft:diamond_pickaxe":6528,"minecraft:diamond_shovel":2770,"minecraft:suspicious_stew":1,"minecraft:iron_pickaxe":867,"minecraft:spruce_trapdoor":67,"minecraft:spruce_sapling":609,"tconstruct:seared_melter":2,"minecraft:cobblestone":1558,"ic2:colossal_furnace":1,"minecraft:cooked_porkchop":30,"ic2:generator":1,"minecraft:iron_shovel":174,"minecraft:diamond_hoe":863,"minecraft:shield":98,"minecraft:iron_sword":168,"ic2:diamond_drill":125,"minecraft:bell":2,"ic2:colossal_compressor":1,"minecraft:spruce_leaves":2,"create:cogwheel":2,"mekanismtools:osmium_sword":913,"minecraft:carrot":1208,"minecraft:tuff":1,"minecraft:obsidian":10,"minecraft:iron_helmet":2,"minecraft:gray_bed":2,"iceandfire:podium_acacia":1,"minecraft:stone_pickaxe":31,"minecraft:oak_planks":206,"minecraft:diamond_axe":9139,"minecraft:white_wool":1,"minecraft:yellow_terracotta":1,"ic2:ore_scanner":1,"iceandfire:silver_axe":14,"minecraft:bread":14,"minecraft:melon_slice":2,"minecraft:gravel":133,"create:asurine":12,"mekanismtools:osmium_shovel":76,"minecraft:grindstone":5,"tconstruct:crafting_station":2,"minecraft:andesite":17,"minecraft:bone_meal":509,"minecraft:experience_bottle":256,"minecraft:flint_and_steel":39,"minecraft:spruce_planks":193,"minecraft:wooden_shovel":177,"minecraft:cooked_chicken":6,"ic2:tree_tap":65,"minecraft:oak_door":4,"minecraft:dirt":648,"minecraft:hopper":9,"tconstruct:seared_bricks":27,"minecraft:spruce_fence":22,"minecraft:bookshelf":32,"tconstruct:tinker_station":1,"minecraft:golden_carrot":45,"minecraft:soul_soil":1,"minecraft:cooked_beef":38,"tconstruct:part_builder":1,"minecraft:iron_leggings":1,"minecraft:cooked_mutton":18,"ic2:colossal_extractor":2,"mekanismtools:osmium_axe":425,"minecraft:cobblestone_slab":8,"tconstruct:seared_basin":1,"minecraft:smoker":1,"minecraft:wooden_hoe":15,"minecraft:stone_axe":127,"minecraft:fishing_rod":10,"minecraft:bucket":58,"ic2:uranium_enricher":1},"minecraft:custom":{"minecraft:interact_with_crafting_table":264,"minecraft:open_barrel":2,"minecraft:bell_ring":18,"minecraft:leave_game":15,"minecraft:time_since_death":260793,"minecraft:damage_blocked_by_shield":5110,"minecraft:play_time":1784045,"minecraft:deaths":15,"minecraft:jump":22159,"minecraft:enchant_item":3,"minecraft:interact_with_furnace":384,"minecraft:traded_with_villager":3456,"minecraft:sleep_in_bed":46,"minecraft:damage_dealt":89768,"minecraft:interact_with_smoker":1,"minecraft:interact_with_smithing_table":10,"minecraft:interact_with_anvil":66,"minecraft:inspect_hopper":3,"ic2:blocks_drilled":125,"minecraft:sneak_time":25881,"minecraft:interact_with_blast_furnace":10,"minecraft:total_world_time":1784045,"ic2:jetpack_fly_time":4156,"minecraft:time_since_rest":102315,"minecraft:swim_one_cm":280552,"minecraft:fly_one_cm":4071429,"minecraft:open_chest":1124,"minecraft:fish_caught":1,"minecraft:fall_one_cm":602760,"minecraft:sprint_one_cm":3205110,"minecraft:drop":428,"minecraft:talked_to_villager":1756,"minecraft:walk_on_water_one_cm":127507,"minecraft:crouch_one_cm":54666,"minecraft:mob_kills":550,"minecraft:climb_one_cm":33798,"minecraft:walk_one_cm":2514432,"minecraft:walk_under_water_one_cm":66307,"minecraft:boat_one_cm":430152,"minecraft:interact_with_grindstone":13,"minecraft:damage_taken":18875},"minecraft:mined":{"minecraft:white_bed":10,"tconstruct:sky_slime_crystal_block":1,"minecraft:obsidian":34,"minecraft:granite":115,"ic2:tin_ore":25,"minecraft:acacia_log":55,"minecraft:hopper":5,"minecraft:nether_wart":20,"minecraft:spawner":4,"minecraft:tall_seagrass":1,"minecraft:cobbled_deepslate":22,"electrodynamics:oreniter":6,"minecraft:fire":23,"tconstruct:cobalt_ore":18,"tconstruct:seared_melter":1,"minecraft:fletching_table":41,"minecraft:deepslate_lapis_ore":44,"minecraft:water_cauldron":2,"minecraft:dirt_path":62,"create:limestone":3,"minecraft:orange_bed":3,"electrodynamics:oremonazite":2,"create:cogwheel":1,"mekanism:osmium_ore":22,"minecraft:smoker":2,"minecraft:crimson_nylium":3,"iceandfire:podium_acacia":2,"minecraft:torch":24,"minecraft:blast_furnace":7,"minecraft:melon":5,"mekanism:tin_ore":13,"minecraft:sugar_cane":7,"minecraft:amethyst_block":10,"minecraft:wheat":760,"ic2:deepslate_silver_ore":13,"minecraft:grass":534,"mekanism:lead_ore":2,"minecraft:deepslate":1894,"create:zinc_ore":5,"minecraft:yellow_terracotta":3,"ic2:aluminium_ore_nether":1,"iceandfire:silver_ore":3,"minecraft:mossy_cobblestone":3,"ic2:deepslate_tin_ore":3,"minecraft:nether_bricks":53,"minecraft:spruce_fence":9,"minecraft:cartography_table":2,"create:shaft":2,"electrodynamics:orelead":2,"electrodynamics:deepslateoretin":1,"minecraft:acacia_wood":1,"minecraft:andesite":113,"minecraft:potatoes":22,"minecraft:cobblestone_slab":4,"electrodynamics:orealuminum":3,"minecraft:bone_block":26,"minecraft:white_wool":1,"electrodynamics:deepslateoresilver":3,"minecraft:smithing_table":7,"minecraft:soul_sand":2,"electrodynamics:deepslateorefluorite":1,"minecraft:dandelion":2,"minecraft:emerald_ore":2,"minecraft:tall_grass":27,"minecraft:copper_ore":39,"minecraft:deepslate_gold_ore":82,"minecraft:diorite":117,"tconstruct:sky_slime_leaves":1,"minecraft:spruce_log":11907,"minecraft:birch_leaves":8,"minecraft:dripstone_block":3,"minecraft:sunflower":1,"minecraft:gravel":325,"mekanism:deepslate_fluorite_ore":6,"minecraft:cobweb":28,"mekanism:deepslate_uranium_ore":9,"minecraft:gold_ore":5,"minecraft:infested_stone":6,"tconstruct:sky_congealed_slime":1,"create:deepslate_zinc_ore":12,"minecraft:spruce_planks":10,"minecraft:attached_melon_stem":1,"minecraft:sculk_vein":5,"tconstruct:seared_bricks":3,"minecraft:brewing_stand":5,"minecraft:spruce_trapdoor":3,"minecraft:budding_amethyst":1,"minecraft:grass_block":784,"iceandfire:lectern":1,"minecraft:soul_soil":38,"electrodynamics:oretin":2,"minecraft:glowstone":15,"minecraft:iron_ore":197,"minecraft:anvil":1,"create:asurine":12,"minecraft:pointed_dripstone":1,"electrodynamics:deepslateoreniter":3,"minecraft:spruce_slab":2,"minecraft:deepslate_redstone_ore":70,"ic2:rubber_leaves":299,"minecraft:blackstone":3,"minecraft:melon_stem":4,"minecraft:clay":46,"minecraft:calcite":4,"minecraft:poppy":5,"minecraft:chest":14,"iceandfire:fire_lily":1,"minecraft:nether_quartz_ore":15,"minecraft:cobblestone":134,"minecraft:grindstone":3,"minecraft:oak_planks":12,"minecraft:wall_torch":10,"minecraft:cauldron":2,"electrodynamics:orehalite":1,"minecraft:birch_log":34,"minecraft:smooth_stone_slab":2,"mekanism:deepslate_tin_ore":3,"minecraft:oak_log":113,"minecraft:acacia_fence":3,"minecraft:sand":193,"minecraft:dirt":1678,"tconstruct:crafting_station":1,"minecraft:netherrack":1019,"minecraft:oak_leaves":21,"minecraft:nether_gold_ore":1,"electrodynamics:deepslateorerutile":3,"minecraft:tuff":160,"minecraft:deepslate_diamond_ore":26,"electrodynamics:oremolybdenum":1,"minecraft:oak_door":2,"mekanism:deepslate_osmium_ore":19,"minecraft:glow_lichen":2,"minecraft:ladder":2,"minecraft:spruce_leaves":220,"minecraft:hay_block":68,"electrodynamics:orechromite":1,"minecraft:spruce_sapling":23,"minecraft:furnace":6,"minecraft:carrots":464,"minecraft:stripped_spruce_log":1,"minecraft:bell":2,"minecraft:bookshelf":21,"minecraft:deepslate_iron_ore":216,"minecraft:shroomlight":1,"minecraft:stone":2896,"minecraft:orange_glazed_terracotta":1,"minecraft:podzol":206,"mekanism:deepslate_lead_ore":5,"electrodynamics:deepslateorelead":1,"tconstruct:sky_slime_tall_grass":9,"minecraft:acacia_leaves":14,"electrodynamics:deepslateorevanadinite":3,"minecraft:basalt":61,"minecraft:crafting_table":8,"minecraft:sculk_sensor":4,"minecraft:lectern":535,"minecraft:lapis_ore":16,"minecraft:sculk":40,"minecraft:bee_nest":1,"minecraft:coal_ore":365},"minecraft:picked_up":{"minecraft:iron_chestplate":6,"minecraft:anvil":1,"mekanism:raw_uranium":10,"minecraft:diamond_sword":2,"minecraft:smithing_table":7,"minecraft:lead":1,"minecraft:brewing_stand":5,"minecraft:golden_sword":4,"minecraft:amethyst_block":10,"create:limestone":1,"minecraft:string":64,"minecraft:soul_soil":31,"electrodynamics:raworetin":1,"minecraft:diamond_leggings":2,"minecraft:gold_nugget":12,"minecraft:cobbled_deepslate":1912,"minecraft:spruce_planks":76,"minecraft:enchanted_golden_apple":2,"minecraft:melon_slice":44,"minecraft:golden_helmet":1,"electrodynamics:raworefluorite":2,"minecraft:acacia_log":54,"iceandfire:silver_ore":3,"minecraft:golden_chestplate":1,"mekanism:raw_tin":30,"minecraft:cauldron":4,"minecraft:orange_bed":3,"minecraft:stone_sword":1,"electrodynamics:oremonazite":2,"minecraft:iron_block":1,"minecraft:bookshelf":3,"minecraft:birch_log":34,"minecraft:feather":13,"minecraft:cooked_beef":4,"minecraft:water_bucket":2,"minecraft:brown_wool":3,"minecraft:acacia_leaves":1,"minecraft:smoker":2,"minecraft:flint":1434,"create:shaft":2,"minecraft:diamond_helmet":1,"minecraft:glowstone_dust":126,"minecraft:stripped_spruce_log":1,"electrodynamics:guidebook":3,"ic2:raw_silver":53,"iceandfire:lectern":1,"minecraft:granite":116,"electrodynamics:crystalhalite":3,"minecraft:bread":98,"minecraft:chainmail_helmet":10,"minecraft:spruce_leaves":20,"electrodynamics:raworevanadinite":3,"iceandfire:dragon_skull_lightning":2,"minecraft:diamond_pickaxe":6,"minecraft:crafting_table":10,"iceandfire:witherbone":2,"minecraft:nether_wart":22,"minecraft:clay_ball":180,"tconstruct:materials_and_you":3,"minecraft:flint_and_steel":1,"minecraft:iron_shovel":2,"iceandfire:bestiary":1,"minecraft:cartography_table":2,"minecraft:beef":85,"ic2:hemp_seeds":77,"minecraft:poppy":8,"minecraft:spruce_slab":2,"minecraft:birch_sapling":2,"minecraft:chest":14,"minecraft:egg":5,"minecraft:oak_door":2,"minecraft:spruce_fence":9,"minecraft:carrot":1829,"minecraft:redstone":529,"minecraft:diamond_chestplate":2,"minecraft:diamond_boots":2,"minecraft:hay_block":67,"minecraft:yellow_terracotta":3,"minecraft:mutton":30,"minecraft:bone_block":25,"minecraft:white_wool":94,"mekanism:raw_lead":5,"ic2:ore_uranium":1,"iceandfire:troll_leather_mountain":4,"minecraft:acacia_wood":1,"minecraft:oak_log":113,"minecraft:golden_boots":1,"minecraft:kelp":224,"minecraft:iron_sword":1,"iceandfire:copper_nugget":50,"ic2:wiki_item":2,"minecraft:gravel":310,"minecraft:spruce_sapling":719,"minecraft:spruce_log":12380,"electrodynamics:dustniter":20,"minecraft:diamond_shovel":2,"iceandfire:cockatrice_skull":1,"minecraft:slime_ball":5,"mekanismtools:osmium_boots":2,"minecraft:stone_axe":4,"minecraft:diamond_axe":1,"tconstruct:seared_melter":1,"minecraft:gray_wool":8,"mekanismtools:osmium_pickaxe":3,"minecraft:melon_seeds":6,"minecraft:hopper":5,"minecraft:ender_pearl":1,"minecraft:wheat":745,"iceandfire:troll_weapon_hammer":1,"minecraft:raw_copper":187,"minecraft:iron_leggings":3,"create:andesite_funnel":3,"minecraft:bucket":1,"minecraft:cobblestone_slab":4,"minecraft:calcite":1,"minecraft:iron_pickaxe":5,"minecraft:iron_boots":1,"minecraft:furnace":9,"minecraft:stick":449,"minecraft:acacia_fence":3,"minecraft:torch":141,"minecraft:porkchop":41,"ic2:raw_aluminium":96,"iceandfire:crackled_gravel":1,"minecraft:diorite":83,"minecraft:pointed_dripstone":2,"create:large_cogwheel":64,"minecraft:rotten_flesh":247,"create:asurine":12,"mekanism:ingot_osmium":2,"minecraft:obsidian":35,"minecraft:cobblestone":3007,"tconstruct:seared_bricks":3,"minecraft:andesite":139,"minecraft:potato":82,"minecraft:tuff":200,"create:raw_zinc":38,"minecraft:lapis_lazuli":621,"minecraft:dirt":2727,"minecraft:leather_boots":2,"minecraft:bone":159,"minecraft:bow":17,"minecraft:wheat_seeds":2082,"minecraft:raw_gold":145,"minecraft:bell":3,"minecraft:grindstone":3,"minecraft:fletching_table":41,"minecraft:oak_planks":145,"tconstruct:necrotic_bone":10,"minecraft:cooked_porkchop":7,"create:cogwheel":1,"mekanismtools:osmium_chestplate":2,"minecraft:poisonous_potato":15,"minecraft:sand":189,"minecraft:grass_block":3,"minecraft:spruce_boat":2,"minecraft:diamond":43,"minecraft:emerald":105,"minecraft:oak_sapling":3,"minecraft:netherrack":1208,"electrodynamics:raworesilver":6,"tconstruct:crafting_station":1,"minecraft:chicken":8,"minecraft:ladder":2,"electrodynamics:orealuminum":2,"iceandfire:fire_lily":1,"minecraft:shield":4,"minecraft:iron_axe":46,"minecraft:blackstone":4,"electrodynamics:oremolybdenum":1,"minecraft:lectern":535,"minecraft:sugar_cane":27,"iceandfire:podium_acacia":2,"minecraft:spruce_trapdoor":3,"minecraft:phantom_membrane":2,"tconstruct:raw_cobalt":36,"iceandfire:dragonbone":21,"minecraft:raw_iron":649,"mekanismtools:bronze_boots":1,"minecraft:copper_ingot":3,"mekanismtools:steel_chestplate":1,"minecraft:arrow":184,"minecraft:nether_bricks":34,"minecraft:basalt":118,"minecraft:golden_carrot":12,"minecraft:glow_ink_sac":3,"minecraft:salmon":2,"minecraft:leather":25,"mekanismtools:osmium_sword":3,"create:andesite_alloy":4,"minecraft:gunpowder":31,"electrodynamics:raworetitanium":2,"mekanismtools:refined_glowstone_chestplate":1,"minecraft:podzol":1,"minecraft:iron_ingot":162,"minecraft:cooked_chicken":3,"ic2:rubber_sapling":8,"minecraft:soul_sand":2,"minecraft:acacia_sapling":10,"minecraft:book":60,"electrodynamics:raworelead":7,"ic2:raw_tin":189,"electrodynamics:raworechromium":4,"minecraft:quartz":27,"minecraft:dandelion":3,"minecraft:dripstone_block":5,"minecraft:blast_furnace":7,"minecraft:white_bed":10,"mekanism:raw_osmium":67,"minecraft:spider_eye":17,"ic2:sticky_resin":64,"minecraft:iron_helmet":14,"mekanism:fluorite_gem":26,"minecraft:black_wool":2,"minecraft:coal":855,"minecraft:sunflower":2},"minecraft:killed":{"minecraft:cave_spider":2,"tconstruct:sky_slime":1,"minecraft:skeleton":157,"minecraft:chicken":6,"minecraft:salmon":1,"iceandfire:cockatrice":1,"minecraft:zombie":186,"minecraft:cow":19,"minecraft:warden":1,"minecraft:enderman":1,"minecraft:zombified_piglin":1,"minecraft:witch":1,"minecraft:spider":42,"minecraft:bee":2,"minecraft:silverfish":11,"minecraft:piglin_brute":2,"minecraft:piglin":9,"minecraft:pig":16,"minecraft:zombie_villager":3,"minecraft:creeper":35,"minecraft:sheep":14,"iceandfire:pixie":2,"minecraft:slime":9,"minecraft:phantom":7,"minecraft:drowned":1,"iceandfire:troll":1,"minecraft:wither_skeleton":5},"minecraft:broken":{"minecraft:wooden_shovel":3,"ic2:tree_tap":3,"minecraft:shield":1,"minecraft:iron_axe":12,"minecraft:iron_pickaxe":2,"minecraft:iron_helmet":1,"minecraft:stone_axe":1,"minecraft:diamond_axe":1,"mekanismtools:osmium_chestplate":1},"minecraft:killed_by":{"minecraft:piglin_brute":3,"minecraft:zombie":1,"minecraft:warden":1,"minecraft:wither_skeleton":1,"minecraft:creeper":2,"minecraft:drowned":2,"minecraft:piglin":1,"iceandfire:fire_dragon":3,"iceandfire:lightning_dragon":1}},"DataVersion":3120}