{"stats":{"minecraft:killed":{"minecraft:cave_spider":2,"minecraft:spider":2,"minecraft:skeleton":8,"minecraft:drowned":1,"minecraft:pig":3,"minecraft:creeper":2,"minecraft:sheep":3,"minecraft:zombie":15,"minecraft:cow":8},"minecraft:killed_by":{"minecraft:drowned":2,"iceandfire:fire_dragon":3},"minecraft:dropped":{"minecraft:wheat_seeds":3,"minecraft:cobblestone":1,"minecraft:iron_pickaxe":1,"ic2:hemp_seeds":2,"minecraft:bowl":1,"minecraft:filled_map":3,"minecraft:spruce_log":19,"minecraft:wooden_pickaxe":1},"minecraft:crafted":{"minecraft:furnace":3,"minecraft:bow":1,"minecraft:iron_boots":1,"minecraft:iron_axe":1,"minecraft:stone_pickaxe":1,"minecraft:chest":2,"minecraft:cooked_beef":13,"minecraft:cooked_porkchop":5,"minecraft:crafting_table":4,"minecraft:spruce_planks":116,"minecraft:wooden_pickaxe":1,"minecraft:cooked_salmon":1,"minecraft:stone_axe":2,"minecraft:bread":3,"minecraft:iron_chestplate":1,"minecraft:diamond_pickaxe":1,"minecraft:shield":1,"minecraft:stick":48,"minecraft:iron_ingot":56,"minecraft:iron_pickaxe":2,"minecraft:stone_sword":1,"minecraft:iron_shovel":1,"minecraft:iron_leggings":1,"minecraft:gold_ingot":14,"minecraft:white_bed":1,"minecraft:torch":100},"minecraft:broken":{"minecraft:stone_axe":1,"minecraft:iron_pickaxe":1},"minecraft:custom":{"minecraft:mob_kills":44,"minecraft:interact_with_crafting_table":38,"minecraft:open_barrel":2,"minecraft:leave_game":1,"minecraft:time_since_death":74032,"minecraft:sprint_one_cm":252848,"minecraft:walk_one_cm":162670,"minecraft:damage_blocked_by_shield":210,"minecraft:drop":10,"minecraft:play_time":107140,"minecraft:deaths":5,"minecraft:sneak_time":2845,"minecraft:walk_under_water_one_cm":15575,"minecraft:boat_one_cm":232836,"minecraft:jump":1575,"minecraft:walk_on_water_one_cm":22247,"minecraft:total_world_time":107140,"minecraft:interact_with_furnace":77,"minecraft:sleep_in_bed":2,"minecraft:time_since_rest":12855,"minecraft:damage_taken":3477,"minecraft:damage_dealt":7012,"minecraft:fly_one_cm":293549,"minecraft:swim_one_cm":105314,"minecraft:crouch_one_cm":2943,"minecraft:open_chest":48,"minecraft:fish_caught":1,"minecraft:fall_one_cm":49625},"minecraft:mined":{"minecraft:deepslate_diamond_ore":4,"minecraft:glow_lichen":1,"minecraft:budding_amethyst":1,"minecraft:grass_block":44,"minecraft:spruce_leaves":36,"minecraft:spawner":2,"minecraft:hay_block":1,"minecraft:furnace":3,"minecraft:iron_ore":23,"minecraft:andesite":6,"minecraft:deepslate_lapis_ore":11,"create:asurine":12,"minecraft:pointed_dripstone":1,"minecraft:deepslate_iron_ore":34,"minecraft:stone":427,"minecraft:white_wool":1,"minecraft:deepslate_redstone_ore":12,"electrodynamics:deepslateorefluorite":1,"minecraft:crafting_table":2,"minecraft:calcite":1,"minecraft:tall_grass":2,"minecraft:cobblestone":4,"minecraft:lapis_ore":2,"minecraft:deepslate_gold_ore":13,"minecraft:sugar_cane":2,"minecraft:wall_torch":1,"minecraft:amethyst_block":10,"minecraft:birch_log":33,"minecraft:spruce_log":122,"minecraft:birch_leaves":1,"minecraft:grass":13,"minecraft:oak_log":76,"minecraft:coal_ore":64,"minecraft:gravel":1,"minecraft:dirt":36,"minecraft:cobweb":19,"minecraft:gold_ore":1,"minecraft:oak_leaves":10,"minecraft:deepslate":12},"minecraft:used":{"minecraft:stone_sword":23,"minecraft:iron_shovel":65,"minecraft:spruce_planks":10,"minecraft:chest":2,"minecraft:shield":5,"minecraft:iron_sword":145,"minecraft:cooked_salmon":1,"minecraft:rotten_flesh":10,"minecraft:torch":104,"minecraft:dirt":52,"minecraft:iron_axe":124,"minecraft:bow":1,"minecraft:furnace":6,"minecraft:cooked_beef":11,"minecraft:cobbled_deepslate":11,"minecraft:calcite":1,"minecraft:stone_pickaxe":31,"minecraft:wooden_pickaxe":13,"minecraft:white_wool":1,"minecraft:crafting_table":6,"minecraft:white_bed":1,"minecraft:diamond_pickaxe":285,"minecraft:bread":11,"minecraft:iron_pickaxe":333,"minecraft:suspicious_stew":1,"minecraft:gravel":2,"create:asurine":12,"minecraft:stone_axe":127,"minecraft:fishing_rod":10,"minecraft:cobblestone":62,"minecraft:cooked_porkchop":5},"minecraft:picked_up":{"minecraft:crafting_table":4,"minecraft:wheat":4,"tconstruct:materials_and_you":3,"minecraft:amethyst_block":10,"minecraft:string":21,"minecraft:cobbled_deepslate":11,"minecraft:spruce_planks":66,"minecraft:beef":48,"minecraft:calcite":1,"ic2:hemp_seeds":3,"minecraft:iron_pickaxe":4,"minecraft:sugar_cane":18,"minecraft:birch_sapling":2,"minecraft:furnace":6,"minecraft:raw_iron":79,"minecraft:stick":14,"electrodynamics:raworefluorite":1,"minecraft:torch":5,"minecraft:porkchop":5,"iceandfire:crackled_gravel":1,"minecraft:diorite":3,"minecraft:redstone":57,"minecraft:arrow":10,"minecraft:rotten_flesh":14,"create:asurine":12,"minecraft:cobblestone":427,"minecraft:white_wool":10,"minecraft:birch_log":32,"minecraft:cooked_beef":1,"minecraft:glow_ink_sac":1,"minecraft:salmon":2,"minecraft:andesite":6,"minecraft:leather":10,"minecraft:oak_log":76,"minecraft:lapis_lazuli":84,"minecraft:dirt":70,"minecraft:leather_boots":2,"minecraft:bone":8,"minecraft:kelp":224,"minecraft:wheat_seeds":5,"minecraft:raw_gold":14,"minecraft:iron_ingot":1,"minecraft:iron_sword":1,"minecraft:acacia_sapling":1,"iceandfire:copper_nugget":50,"ic2:wiki_item":2,"minecraft:poisonous_potato":15,"minecraft:gravel":9,"minecraft:spruce_sapling":4,"minecraft:spruce_log":515,"minecraft:spider_eye":1,"electrodynamics:guidebook":3,"minecraft:diamond":4,"minecraft:stone_axe":4,"minecraft:iron_helmet":1,"minecraft:emerald":3,"minecraft:oak_sapling":1,"minecraft:coal":258}},"DataVersion":3120}