{"stats":{"minecraft:killed":{"minecraft:cave_spider":2,"minecraft:spider":2,"minecraft:skeleton":8,"minecraft:drowned":1,"minecraft:pig":3,"minecraft:creeper":2,"minecraft:sheep":3,"minecraft:zombie":16,"minecraft:cow":8},"minecraft:killed_by":{"minecraft:drowned":2,"iceandfire:fire_dragon":3},"minecraft:dropped":{"minecraft:wheat_seeds":3,"minecraft:cobblestone":1,"minecraft:iron_pickaxe":1,"ic2:hemp_seeds":2,"minecraft:bowl":1,"minecraft:filled_map":3,"minecraft:spruce_log":19,"minecraft:wooden_pickaxe":1},"minecraft:crafted":{"minecraft:oak_door":3,"minecraft:oak_planks":304,"minecraft:furnace":3,"minecraft:bow":1,"minecraft:iron_boots":1,"minecraft:iron_axe":1,"minecraft:stone_pickaxe":1,"minecraft:chest":2,"minecraft:cooked_beef":13,"minecraft:cooked_porkchop":5,"minecraft:crafting_table":4,"minecraft:spruce_planks":248,"minecraft:wooden_pickaxe":1,"minecraft:cooked_salmon":1,"minecraft:stone_axe":2,"minecraft:bread":3,"minecraft:iron_chestplate":1,"minecraft:diamond_pickaxe":1,"minecraft:shield":1,"minecraft:stick":48,"minecraft:iron_ingot":56,"minecraft:iron_pickaxe":2,"minecraft:stone_sword":1,"minecraft:iron_shovel":1,"minecraft:iron_leggings":1,"minecraft:gold_ingot":14,"minecraft:white_bed":1,"minecraft:torch":100},"minecraft:broken":{"minecraft:stone_axe":1,"minecraft:iron_pickaxe":1},"minecraft:custom":{"minecraft:mob_kills":45,"minecraft:interact_with_crafting_table":42,"minecraft:open_barrel":2,"minecraft:leave_game":1,"minecraft:time_since_death":98032,"minecraft:sprint_one_cm":267665,"minecraft:walk_one_cm":207204,"minecraft:damage_blocked_by_shield":210,"minecraft:drop":10,"minecraft:play_time":131140,"minecraft:deaths":5,"minecraft:sneak_time":3261,"minecraft:walk_under_water_one_cm":15575,"minecraft:boat_one_cm":232836,"minecraft:jump":1688,"minecraft:walk_on_water_one_cm":22247,"minecraft:total_world_time":131140,"minecraft:interact_with_furnace":81,"minecraft:sleep_in_bed":2,"minecraft:time_since_rest":36855,"minecraft:damage_taken":3559,"minecraft:damage_dealt":7239,"minecraft:fly_one_cm":303432,"minecraft:swim_one_cm":105314,"minecraft:crouch_one_cm":3304,"minecraft:open_chest":50,"minecraft:fish_caught":1,"minecraft:fall_one_cm":51553},"minecraft:mined":{"minecraft:spruce_planks":5,"minecraft:white_bed":1,"minecraft:deepslate_diamond_ore":4,"minecraft:oak_door":2,"minecraft:glow_lichen":1,"minecraft:budding_amethyst":1,"minecraft:grass_block":68,"minecraft:spruce_leaves":36,"minecraft:spawner":2,"minecraft:hay_block":1,"minecraft:furnace":6,"minecraft:iron_ore":23,"minecraft:andesite":6,"minecraft:deepslate_lapis_ore":11,"create:asurine":12,"minecraft:pointed_dripstone":1,"minecraft:deepslate_iron_ore":34,"minecraft:stone":672,"minecraft:white_wool":1,"minecraft:deepslate_redstone_ore":12,"electrodynamics:deepslateorefluorite":1,"minecraft:crafting_table":3,"minecraft:calcite":1,"minecraft:tall_grass":2,"minecraft:cobblestone":6,"minecraft:lapis_ore":2,"minecraft:deepslate_gold_ore":13,"minecraft:oak_planks":3,"minecraft:sugar_cane":2,"minecraft:wall_torch":1,"minecraft:amethyst_block":10,"minecraft:birch_log":33,"minecraft:spruce_log":122,"minecraft:birch_leaves":1,"minecraft:grass":13,"minecraft:oak_log":76,"minecraft:coal_ore":64,"minecraft:gravel":1,"minecraft:dirt":115,"minecraft:cobweb":19,"minecraft:gold_ore":1,"minecraft:oak_leaves":10,"minecraft:deepslate":12},"minecraft:used":{"minecraft:stone_sword":23,"minecraft:iron_shovel":163,"minecraft:spruce_planks":171,"minecraft:chest":2,"minecraft:shield":5,"minecraft:iron_sword":150,"minecraft:cooked_salmon":1,"minecraft:rotten_flesh":10,"minecraft:oak_door":4,"minecraft:torch":107,"minecraft:dirt":57,"minecraft:iron_axe":135,"minecraft:bow":1,"minecraft:furnace":6,"minecraft:cooked_beef":12,"minecraft:cobbled_deepslate":11,"minecraft:calcite":1,"minecraft:stone_pickaxe":31,"minecraft:oak_planks":140,"minecraft:wooden_pickaxe":13,"minecraft:white_wool":1,"minecraft:crafting_table":6,"minecraft:white_bed":1,"minecraft:diamond_pickaxe":538,"minecraft:bread":11,"minecraft:iron_pickaxe":333,"minecraft:suspicious_stew":1,"minecraft:gravel":2,"create:asurine":12,"minecraft:stone_axe":127,"minecraft:fishing_rod":10,"minecraft:cobblestone":64,"minecraft:cooked_porkchop":5,"minecraft:birch_log":10},"minecraft:picked_up":{"minecraft:crafting_table":5,"minecraft:wheat":4,"tconstruct:materials_and_you":3,"minecraft:amethyst_block":10,"minecraft:string":21,"minecraft:cobbled_deepslate":11,"minecraft:spruce_planks":70,"minecraft:beef":48,"minecraft:calcite":1,"ic2:hemp_seeds":3,"minecraft:iron_pickaxe":4,"minecraft:sugar_cane":18,"minecraft:birch_sapling":2,"minecraft:furnace":9,"minecraft:raw_iron":79,"minecraft:stick":14,"minecraft:oak_door":2,"electrodynamics:raworefluorite":1,"minecraft:torch":9,"minecraft:porkchop":5,"iceandfire:crackled_gravel":1,"minecraft:diorite":3,"minecraft:redstone":57,"minecraft:arrow":10,"minecraft:rotten_flesh":14,"create:asurine":12,"minecraft:cobblestone":656,"minecraft:white_wool":10,"minecraft:birch_log":32,"minecraft:cooked_beef":1,"minecraft:glow_ink_sac":1,"minecraft:salmon":2,"minecraft:andesite":6,"minecraft:leather":10,"minecraft:oak_log":76,"minecraft:lapis_lazuli":84,"minecraft:dirt":176,"minecraft:leather_boots":2,"minecraft:bone":8,"minecraft:kelp":224,"minecraft:wheat_seeds":5,"minecraft:raw_gold":14,"minecraft:iron_ingot":1,"minecraft:oak_planks":2,"minecraft:iron_sword":1,"minecraft:acacia_sapling":1,"iceandfire:copper_nugget":50,"ic2:wiki_item":2,"minecraft:poisonous_potato":15,"minecraft:gravel":9,"minecraft:spruce_sapling":4,"minecraft:white_bed":1,"minecraft:spruce_log":515,"minecraft:spider_eye":1,"electrodynamics:guidebook":3,"minecraft:diamond":4,"minecraft:stone_axe":4,"minecraft:iron_helmet":1,"minecraft:emerald":3,"minecraft:oak_sapling":1,"minecraft:coal":307}},"DataVersion":3120}