{"stats":{"minecraft:killed_by":{"minecraft:creeper":2,"minecraft:drowned":2,"iceandfire:lightning_dragon":1,"iceandfire:fire_dragon":3},"minecraft:killed":{"minecraft:cave_spider":2,"minecraft:spider":12,"minecraft:skeleton":38,"minecraft:chicken":2,"minecraft:drowned":1,"minecraft:pig":12,"minecraft:zombie_villager":1,"minecraft:creeper":5,"minecraft:sheep":12,"minecraft:zombie":53,"iceandfire:pixie":1,"minecraft:cow":14},"minecraft:custom":{"minecraft:mob_kills":155,"minecraft:inspect_hopper":1,"minecraft:interact_with_crafting_table":86,"minecraft:open_barrel":2,"minecraft:bell_ring":12,"minecraft:leave_game":3,"minecraft:time_since_death":36110,"minecraft:climb_one_cm":476,"minecraft:sprint_one_cm":793107,"minecraft:walk_one_cm":507592,"minecraft:damage_blocked_by_shield":2410,"minecraft:drop":13,"minecraft:play_time":354087,"minecraft:sneak_time":4666,"minecraft:deaths":8,"minecraft:walk_under_water_one_cm":25377,"minecraft:boat_one_cm":232836,"minecraft:jump":5054,"minecraft:walk_on_water_one_cm":48350,"minecraft:total_world_time":354087,"minecraft:interact_with_furnace":171,"minecraft:sleep_in_bed":3,"minecraft:time_since_rest":36141,"minecraft:damage_taken":8344,"minecraft:damage_dealt":25318,"minecraft:swim_one_cm":163669,"minecraft:fly_one_cm":1009495,"minecraft:open_chest":153,"minecraft:crouch_one_cm":6184,"minecraft:fish_caught":1,"minecraft:fall_one_cm":156814},"minecraft:used":{"minecraft:stone_sword":23,"minecraft:iron_shovel":174,"ic2:tree_tap":48,"minecraft:chest":10,"minecraft:spruce_planks":171,"minecraft:shield":41,"minecraft:iron_sword":168,"minecraft:cooked_salmon":1,"minecraft:rotten_flesh":15,"minecraft:bell":2,"minecraft:oak_door":4,"minecraft:torch":215,"minecraft:dirt":58,"mekanismtools:osmium_sword":307,"minecraft:carrot":86,"ic2:iron_furnace":1,"minecraft:iron_axe":145,"minecraft:iron_helmet":2,"minecraft:golden_carrot":16,"minecraft:bow":51,"minecraft:furnace":10,"ic2:rubber_sapling":6,"minecraft:cooked_beef":28,"minecraft:cobbled_deepslate":11,"minecraft:iron_leggings":1,"minecraft:calcite":1,"minecraft:cooked_mutton":3,"minecraft:water_bucket":11,"minecraft:stone_pickaxe":31,"minecraft:oak_planks":203,"minecraft:wooden_pickaxe":13,"minecraft:white_wool":1,"minecraft:crafting_table":8,"mekanismtools:osmium_boots":1,"minecraft:white_bed":2,"mekanismtools:osmium_pickaxe":461,"minecraft:wooden_hoe":15,"minecraft:diamond_pickaxe":1180,"minecraft:bread":14,"minecraft:iron_pickaxe":866,"minecraft:suspicious_stew":1,"create:asurine":12,"minecraft:gravel":7,"minecraft:stone_axe":127,"minecraft:fishing_rod":10,"minecraft:cobblestone":97,"ic2:generator":1,"minecraft:cooked_porkchop":21,"minecraft:bucket":12,"minecraft:birch_log":10,"minecraft:bone_meal":156},"minecraft:picked_up":{"minecraft:iron_chestplate":1,"minecraft:crafting_table":5,"minecraft:wheat":4,"minecraft:chicken":4,"tconstruct:materials_and_you":3,"minecraft:shield":3,"minecraft:amethyst_block":10,"minecraft:string":39,"create:limestone":1,"minecraft:raw_copper":78,"minecraft:iron_axe":3,"electrodynamics:raworetin":1,"minecraft:iron_leggings":3,"minecraft:iron_shovel":2,"minecraft:gold_nugget":6,"minecraft:cobbled_deepslate":120,"minecraft:bucket":1,"minecraft:spruce_planks":70,"minecraft:beef":75,"minecraft:calcite":1,"minecraft:poppy":2,"ic2:hemp_seeds":5,"minecraft:iron_pickaxe":5,"minecraft:sugar_cane":23,"minecraft:birch_sapling":2,"minecraft:furnace":9,"minecraft:iron_boots":1,"minecraft:egg":2,"minecraft:stick":15,"minecraft:raw_iron":246,"minecraft:oak_door":2,"electrodynamics:raworefluorite":2,"minecraft:torch":53,"minecraft:porkchop":32,"minecraft:pointed_dripstone":2,"iceandfire:crackled_gravel":1,"minecraft:diorite":9,"minecraft:carrot":327,"minecraft:redstone":222,"mekanism:raw_tin":21,"minecraft:arrow":69,"minecraft:rotten_flesh":70,"create:asurine":12,"minecraft:obsidian":2,"minecraft:mutton":27,"minecraft:white_wool":24,"minecraft:cobblestone":1897,"minecraft:birch_log":32,"minecraft:feather":4,"minecraft:cooked_beef":4,"minecraft:salmon":2,"minecraft:glow_ink_sac":3,"minecraft:golden_carrot":1,"minecraft:water_bucket":2,"minecraft:andesite":16,"ic2:ore_uranium":1,"minecraft:leather":21,"mekanismtools:osmium_sword":3,"minecraft:flint":1,"minecraft:tuff":5,"minecraft:oak_log":76,"minecraft:gunpowder":5,"minecraft:lapis_lazuli":212,"minecraft:dirt":193,"minecraft:leather_boots":2,"minecraft:bone":48,"minecraft:bow":8,"minecraft:kelp":224,"minecraft:wheat_seeds":9,"minecraft:raw_gold":31,"minecraft:bell":3,"minecraft:iron_ingot":11,"ic2:rubber_sapling":6,"minecraft:iron_sword":1,"minecraft:oak_planks":141,"minecraft:acacia_sapling":1,"iceandfire:copper_nugget":50,"ic2:wiki_item":2,"minecraft:cooked_porkchop":7,"ic2:raw_tin":109,"mekanismtools:osmium_chestplate":2,"minecraft:poisonous_potato":15,"minecraft:dripstone_block":4,"minecraft:gravel":19,"minecraft:spruce_sapling":4,"minecraft:white_bed":1,"minecraft:spruce_log":515,"mekanism:raw_osmium":51,"minecraft:spider_eye":4,"electrodynamics:guidebook":3,"mekanismtools:osmium_boots":2,"ic2:raw_silver":22,"minecraft:diamond":5,"minecraft:stone_axe":4,"ic2:sticky_resin":32,"minecraft:iron_helmet":4,"minecraft:granite":9,"mekanismtools:osmium_pickaxe":3,"minecraft:gray_wool":2,"minecraft:emerald":5,"minecraft:bread":6,"minecraft:oak_sapling":1,"minecraft:coal":443,"electrodynamics:raworevanadinite":1,"minecraft:diamond_pickaxe":3,"minecraft:sunflower":2},"minecraft:mined":{"minecraft:tuff":2,"minecraft:spruce_planks":5,"minecraft:white_bed":1,"minecraft:deepslate_diamond_ore":5,"minecraft:oak_door":2,"minecraft:obsidian":1,"ic2:tin_ore":12,"ic2:deepslate_tin_ore":3,"mekanism:deepslate_osmium_ore":17,"minecraft:budding_amethyst":1,"minecraft:glow_lichen":2,"minecraft:granite":2,"minecraft:grass_block":76,"minecraft:spruce_leaves":36,"minecraft:spawner":4,"minecraft:hay_block":1,"minecraft:furnace":6,"minecraft:carrots":72,"minecraft:iron_ore":62,"electrodynamics:deepslateoretin":1,"minecraft:andesite":11,"minecraft:deepslate_lapis_ore":23,"minecraft:bell":2,"create:asurine":12,"minecraft:pointed_dripstone":1,"minecraft:deepslate_iron_ore":122,"minecraft:stone":1807,"electrodynamics:orealuminum":1,"minecraft:white_wool":1,"create:limestone":3,"ic2:rubber_leaves":181,"minecraft:deepslate_redstone_ore":33,"mekanism:osmium_ore":18,"electrodynamics:deepslateorevanadinite":1,"electrodynamics:deepslateorefluorite":1,"minecraft:crafting_table":3,"minecraft:torch":1,"minecraft:emerald_ore":2,"minecraft:calcite":1,"minecraft:poppy":1,"mekanism:tin_ore":9,"minecraft:copper_ore":23,"minecraft:tall_grass":3,"minecraft:cobblestone":34,"minecraft:deepslate_gold_ore":26,"minecraft:lapis_ore":3,"minecraft:oak_planks":9,"minecraft:sugar_cane":6,"minecraft:diorite":6,"minecraft:wall_torch":3,"minecraft:amethyst_block":10,"minecraft:birch_log":33,"minecraft:spruce_log":122,"minecraft:birch_leaves":8,"ic2:deepslate_silver_ore":7,"mekanism:deepslate_tin_ore":2,"minecraft:grass":28,"minecraft:oak_log":76,"minecraft:coal_ore":147,"minecraft:sand":2,"minecraft:sunflower":1,"minecraft:gravel":12,"minecraft:dirt":118,"minecraft:cobweb":28,"minecraft:gold_ore":5,"minecraft:oak_leaves":17,"minecraft:deepslate":93},"minecraft:crafted":{"minecraft:golden_carrot":24,"minecraft:oak_door":3,"minecraft:oak_planks":304,"ic2:copper_insulated_cable_item":1,"ic2:copper_cable_item":6,"mekanism:ingot_osmium":35,"mekanismtools:osmium_chestplate":1,"minecraft:furnace":4,"minecraft:bone_meal":156,"minecraft:cooked_mutton":15,"ic2:re_battery":1,"minecraft:bow":1,"minecraft:iron_boots":1,"minecraft:iron_axe":1,"minecraft:stone_pickaxe":1,"mekanismtools:osmium_boots":1,"minecraft:chest":10,"mekanismtools:osmium_helmet":1,"mekanismtools:osmium_pickaxe":1,"minecraft:cooked_beef":28,"mekanism:ingot_tin":61,"mekanismtools:osmium_sword":1,"minecraft:oak_slab":6,"minecraft:cooked_porkchop":21,"minecraft:crafting_table":5,"minecraft:spruce_planks":312,"minecraft:wooden_pickaxe":1,"minecraft:iron_helmet":1,"ic2:tree_tap":3,"minecraft:iron_sword":1,"minecraft:cooked_salmon":1,"minecraft:copper_ingot":20,"minecraft:bucket":2,"mekanismtools:osmium_leggings":1,"minecraft:stone_axe":2,"minecraft:bread":3,"minecraft:air":0,"ic2:generator":1,"ic2:rubber":25,"minecraft:wooden_hoe":1,"minecraft:iron_chestplate":1,"minecraft:diamond_pickaxe":1,"minecraft:gold_nugget":198,"minecraft:shield":1,"minecraft:stick":84,"minecraft:iron_ingot":182,"minecraft:iron_pickaxe":7,"minecraft:stone_sword":1,"minecraft:iron_shovel":1,"minecraft:gold_ingot":22,"minecraft:iron_leggings":1,"minecraft:white_bed":1,"minecraft:torch":200,"ic2:iron_furnace":2},"minecraft:broken":{"ic2:tree_tap":3,"minecraft:stone_axe":1,"minecraft:iron_pickaxe":2,"minecraft:iron_helmet":1},"minecraft:dropped":{"minecraft:wheat_seeds":3,"minecraft:cobblestone":1,"minecraft:granite":9,"minecraft:iron_pickaxe":1,"ic2:hemp_seeds":2,"minecraft:bowl":1,"minecraft:birch_sapling":2,"minecraft:filled_map":3,"minecraft:andesite":5,"minecraft:spruce_log":19,"minecraft:wooden_pickaxe":1}},"DataVersion":3120}