{"stats":{"minecraft:killed_by":{"minecraft:creeper":2,"minecraft:drowned":2,"iceandfire:fire_dragon":3,"iceandfire:lightning_dragon":1},"minecraft:custom":{"minecraft:interact_with_crafting_table":122,"minecraft:open_barrel":2,"minecraft:bell_ring":15,"minecraft:leave_game":3,"minecraft:time_since_death":174110,"minecraft:sprint_one_cm":1094638,"minecraft:damage_blocked_by_shield":2785,"minecraft:drop":78,"minecraft:talked_to_villager":108,"minecraft:play_time":492087,"minecraft:deaths":8,"minecraft:jump":7347,"minecraft:walk_on_water_one_cm":58387,"minecraft:interact_with_furnace":182,"minecraft:traded_with_villager":294,"minecraft:sleep_in_bed":10,"minecraft:damage_dealt":35151,"minecraft:crouch_one_cm":8054,"minecraft:interact_with_smoker":1,"minecraft:interact_with_smithing_table":4,"minecraft:mob_kills":209,"minecraft:inspect_hopper":1,"minecraft:climb_one_cm":3520,"minecraft:walk_one_cm":719445,"minecraft:sneak_time":6073,"minecraft:walk_under_water_one_cm":29031,"minecraft:boat_one_cm":354507,"minecraft:interact_with_blast_furnace":2,"minecraft:total_world_time":492087,"minecraft:time_since_rest":5259,"minecraft:damage_taken":9996,"minecraft:swim_one_cm":182683,"minecraft:fly_one_cm":1491353,"minecraft:open_chest":218,"minecraft:fish_caught":1,"minecraft:fall_one_cm":227202},"minecraft:killed":{"minecraft:cave_spider":2,"minecraft:spider":16,"minecraft:skeleton":71,"minecraft:chicken":2,"minecraft:pig":12,"minecraft:zombie_villager":1,"minecraft:creeper":7,"minecraft:sheep":14,"minecraft:zombie":59,"iceandfire:pixie":2,"minecraft:cow":16,"minecraft:drowned":1},"minecraft:used":{"minecraft:iron_shovel":174,"minecraft:poppy":1,"minecraft:ladder":5,"minecraft:chest":12,"minecraft:shield":51,"minecraft:iron_sword":168,"minecraft:bell":2,"minecraft:rotten_flesh":15,"mekanismtools:osmium_sword":489,"minecraft:carrot":100,"minecraft:spruce_boat":3,"minecraft:iron_helmet":2,"minecraft:bow":65,"minecraft:furnace":11,"minecraft:gray_bed":1,"iceandfire:podium_acacia":1,"minecraft:stone_pickaxe":31,"minecraft:oak_planks":205,"minecraft:wooden_pickaxe":13,"minecraft:white_wool":1,"minecraft:yellow_terracotta":1,"minecraft:blast_furnace":1,"minecraft:bread":14,"minecraft:lectern":2,"minecraft:gravel":85,"create:asurine":12,"mekanismtools:osmium_shovel":76,"minecraft:smithing_table":1,"minecraft:birch_log":10,"minecraft:bone_meal":251,"minecraft:stone_sword":23,"minecraft:flint_and_steel":3,"minecraft:spruce_planks":171,"minecraft:wooden_shovel":177,"minecraft:cooked_salmon":1,"ic2:tree_tap":48,"minecraft:oak_door":4,"minecraft:orange_bed":3,"minecraft:torch":217,"minecraft:brewing_stand":4,"minecraft:dirt":187,"ic2:iron_furnace":1,"minecraft:iron_axe":843,"minecraft:golden_carrot":24,"ic2:rubber_sapling":6,"minecraft:cooked_beef":32,"minecraft:cobbled_deepslate":11,"minecraft:iron_leggings":1,"minecraft:calcite":1,"minecraft:cooked_mutton":15,"minecraft:water_bucket":11,"minecraft:cartography_table":1,"minecraft:cauldron":2,"minecraft:fletching_table":8,"mekanismtools:osmium_axe":304,"minecraft:crafting_table":12,"mekanismtools:osmium_boots":1,"minecraft:white_bed":9,"minecraft:smoker":1,"mekanismtools:osmium_pickaxe":521,"minecraft:wooden_hoe":15,"minecraft:diamond_pickaxe":1180,"minecraft:suspicious_stew":1,"minecraft:iron_pickaxe":866,"minecraft:spruce_sapling":69,"minecraft:stone_axe":127,"minecraft:fishing_rod":10,"minecraft:cobblestone":119,"minecraft:cooked_porkchop":21,"ic2:generator":1,"minecraft:bucket":12},"minecraft:picked_up":{"minecraft:iron_chestplate":1,"minecraft:wheat":4,"minecraft:smithing_table":1,"minecraft:brewing_stand":5,"minecraft:amethyst_block":10,"electrodynamics:raworetin":1,"minecraft:string":41,"minecraft:raw_copper":78,"create:limestone":1,"minecraft:iron_leggings":3,"minecraft:gold_nugget":6,"minecraft:cobbled_deepslate":120,"minecraft:bucket":1,"minecraft:spruce_planks":70,"minecraft:calcite":1,"minecraft:iron_pickaxe":5,"minecraft:iron_boots":1,"minecraft:furnace":9,"minecraft:stick":46,"electrodynamics:raworefluorite":2,"minecraft:torch":55,"minecraft:acacia_log":31,"minecraft:porkchop":32,"iceandfire:crackled_gravel":1,"minecraft:diorite":9,"minecraft:pointed_dripstone":2,"mekanism:raw_tin":21,"minecraft:cauldron":4,"minecraft:orange_bed":3,"minecraft:rotten_flesh":76,"create:asurine":12,"mekanism:ingot_osmium":2,"minecraft:obsidian":2,"minecraft:cobblestone":1936,"minecraft:birch_log":33,"minecraft:feather":4,"minecraft:cooked_beef":4,"minecraft:water_bucket":2,"minecraft:andesite":16,"minecraft:smoker":2,"minecraft:flint":10,"minecraft:tuff":5,"minecraft:lapis_lazuli":212,"minecraft:dirt":438,"minecraft:leather_boots":2,"minecraft:bone":76,"minecraft:bow":12,"minecraft:wheat_seeds":24,"minecraft:raw_gold":31,"minecraft:bell":3,"minecraft:fletching_table":4,"minecraft:oak_planks":143,"minecraft:cooked_porkchop":7,"mekanismtools:osmium_chestplate":2,"minecraft:poisonous_potato":15,"electrodynamics:guidebook":3,"minecraft:diamond":5,"ic2:raw_silver":22,"minecraft:spruce_boat":2,"iceandfire:lectern":1,"minecraft:granite":9,"minecraft:bread":98,"minecraft:emerald":13,"minecraft:oak_sapling":3,"electrodynamics:raworevanadinite":1,"minecraft:diamond_pickaxe":3,"iceandfire:dragon_skull_lightning":1,"minecraft:crafting_table":7,"minecraft:chicken":4,"minecraft:ladder":2,"iceandfire:fire_lily":1,"tconstruct:materials_and_you":3,"minecraft:shield":3,"minecraft:iron_axe":3,"minecraft:iron_shovel":2,"iceandfire:bestiary":1,"minecraft:cartography_table":2,"minecraft:beef":79,"ic2:hemp_seeds":21,"minecraft:poppy":3,"minecraft:lectern":2,"minecraft:birch_sapling":2,"minecraft:sugar_cane":27,"iceandfire:podium_acacia":2,"minecraft:egg":2,"minecraft:raw_iron":246,"iceandfire:dragonbone":18,"minecraft:oak_door":2,"minecraft:carrot":327,"minecraft:redstone":222,"minecraft:arrow":106,"minecraft:hay_block":67,"minecraft:yellow_terracotta":2,"minecraft:mutton":30,"minecraft:white_wool":45,"minecraft:golden_carrot":1,"minecraft:glow_ink_sac":3,"minecraft:salmon":2,"minecraft:leather":22,"ic2:ore_uranium":1,"mekanismtools:osmium_sword":3,"minecraft:oak_log":97,"minecraft:gunpowder":6,"minecraft:kelp":224,"minecraft:iron_ingot":11,"ic2:rubber_sapling":6,"minecraft:acacia_sapling":1,"minecraft:iron_sword":1,"minecraft:book":24,"iceandfire:copper_nugget":50,"ic2:wiki_item":2,"ic2:raw_tin":109,"minecraft:dandelion":1,"minecraft:dripstone_block":4,"minecraft:gravel":109,"minecraft:spruce_sapling":73,"minecraft:blast_furnace":1,"minecraft:white_bed":1,"minecraft:spruce_log":1403,"mekanism:raw_osmium":51,"minecraft:spider_eye":5,"mekanismtools:osmium_boots":2,"minecraft:stone_axe":4,"ic2:sticky_resin":32,"minecraft:iron_helmet":4,"minecraft:gray_wool":6,"mekanismtools:osmium_pickaxe":3,"minecraft:black_wool":2,"minecraft:coal":443,"minecraft:sunflower":2},"minecraft:mined":{"minecraft:spruce_planks":5,"minecraft:white_bed":1,"minecraft:brewing_stand":5,"minecraft:obsidian":1,"minecraft:granite":2,"minecraft:budding_amethyst":1,"ic2:tin_ore":12,"minecraft:acacia_log":32,"minecraft:grass_block":141,"iceandfire:lectern":1,"minecraft:spawner":4,"minecraft:iron_ore":62,"minecraft:fire":2,"minecraft:fletching_table":4,"minecraft:deepslate_lapis_ore":23,"create:asurine":12,"minecraft:pointed_dripstone":1,"minecraft:water_cauldron":2,"minecraft:dirt_path":8,"create:limestone":3,"minecraft:orange_bed":3,"minecraft:deepslate_redstone_ore":33,"ic2:rubber_leaves":181,"mekanism:osmium_ore":18,"minecraft:smoker":2,"iceandfire:podium_acacia":2,"minecraft:torch":3,"minecraft:blast_furnace":1,"minecraft:calcite":1,"minecraft:poppy":3,"mekanism:tin_ore":9,"iceandfire:fire_lily":1,"minecraft:cobblestone":36,"minecraft:sugar_cane":7,"minecraft:oak_planks":11,"minecraft:wall_torch":3,"minecraft:amethyst_block":10,"minecraft:cauldron":2,"minecraft:birch_log":33,"minecraft:wheat":1,"ic2:deepslate_silver_ore":7,"minecraft:smooth_stone_slab":2,"minecraft:grass":141,"mekanism:deepslate_tin_ore":2,"minecraft:oak_log":97,"minecraft:sand":2,"minecraft:dirt":218,"minecraft:oak_leaves":21,"minecraft:deepslate":93,"minecraft:yellow_terracotta":2,"minecraft:tuff":2,"minecraft:deepslate_diamond_ore":5,"minecraft:oak_door":2,"ic2:deepslate_tin_ore":3,"mekanism:deepslate_osmium_ore":17,"minecraft:glow_lichen":2,"minecraft:ladder":2,"minecraft:spruce_leaves":151,"minecraft:cartography_table":2,"minecraft:hay_block":68,"minecraft:spruce_sapling":6,"minecraft:furnace":6,"minecraft:carrots":72,"electrodynamics:deepslateoretin":1,"minecraft:andesite":11,"minecraft:bell":2,"minecraft:bookshelf":8,"minecraft:deepslate_iron_ore":122,"minecraft:stone":1845,"electrodynamics:orealuminum":1,"minecraft:white_wool":1,"minecraft:podzol":1,"minecraft:orange_glazed_terracotta":1,"minecraft:smithing_table":1,"minecraft:acacia_leaves":1,"electrodynamics:deepslateorevanadinite":1,"electrodynamics:deepslateorefluorite":1,"minecraft:crafting_table":5,"minecraft:emerald_ore":2,"minecraft:lectern":2,"minecraft:tall_grass":7,"minecraft:copper_ore":23,"minecraft:lapis_ore":3,"minecraft:deepslate_gold_ore":26,"minecraft:diorite":6,"minecraft:birch_leaves":8,"minecraft:spruce_log":1013,"minecraft:coal_ore":147,"minecraft:sunflower":1,"minecraft:gravel":117,"minecraft:cobweb":28,"minecraft:gold_ore":5},"minecraft:crafted":{"minecraft:oak_planks":388,"minecraft:chainmail_helmet":5,"mekanism:ingot_osmium":35,"ic2:copper_cable_item":6,"mekanismtools:osmium_chestplate":1,"minecraft:cooked_mutton":15,"minecraft:diamond_leggings":1,"minecraft:bow":1,"minecraft:iron_boots":13,"mekanismtools:osmium_boots":1,"minecraft:chest":12,"minecraft:gray_bed":1,"mekanismtools:osmium_pickaxe":1,"iceandfire:silver_axe":1,"mekanism:ingot_tin":61,"minecraft:oak_slab":6,"minecraft:wooden_shovel":3,"minecraft:emerald":237,"minecraft:cooked_porkchop":21,"minecraft:crafting_table":7,"minecraft:spruce_planks":3900,"minecraft:wooden_pickaxe":1,"minecraft:iron_helmet":1,"minecraft:copper_ingot":75,"minecraft:fletching_table":4,"mekanismtools:osmium_leggings":1,"ic2:generator":1,"ic2:rubber":32,"minecraft:iron_chestplate":1,"minecraft:wooden_hoe":1,"minecraft:diamond_pickaxe":1,"minecraft:shield":13,"minecraft:stick":7588,"minecraft:iron_ingot":182,"minecraft:iron_pickaxe":7,"minecraft:stone_sword":1,"minecraft:gold_ingot":22,"minecraft:shears":2,"ic2:iron_furnace":2,"minecraft:golden_carrot":24,"minecraft:oak_door":3,"ic2:copper_insulated_cable_item":1,"mekanismtools:osmium_shovel":1,"minecraft:furnace":5,"minecraft:bone_meal":254,"minecraft:flint_and_steel":1,"mekanismtools:osmium_axe":1,"ic2:re_battery":1,"minecraft:iron_axe":5,"minecraft:ladder":3,"minecraft:stone_pickaxe":13,"minecraft:diamond_boots":2,"minecraft:spruce_boat":2,"mekanismtools:osmium_helmet":1,"minecraft:chainmail_leggings":13,"minecraft:wheat":596,"minecraft:cooked_beef":32,"mekanismtools:osmium_sword":1,"ic2:ingot_silver":8,"ic2:tree_tap":3,"minecraft:iron_sword":1,"minecraft:cooked_salmon":1,"minecraft:bucket":2,"minecraft:stone_axe":2,"minecraft:bread":201,"minecraft:air":0,"minecraft:gold_nugget":198,"minecraft:iron_shovel":1,"minecraft:iron_leggings":1,"minecraft:white_bed":8,"minecraft:acacia_planks":124,"minecraft:torch":200},"minecraft:broken":{"minecraft:wooden_shovel":3,"minecraft:stone_axe":1,"ic2:tree_tap":3,"minecraft:shield":1,"minecraft:iron_axe":2,"minecraft:iron_pickaxe":2,"minecraft:iron_helmet":1},"minecraft:dropped":{"minecraft:iron_pickaxe":1,"ic2:hemp_seeds":2,"minecraft:wheat":2,"minecraft:birch_sapling":2,"minecraft:rotten_flesh":1,"mekanismtools:osmium_leggings":1,"minecraft:bread":317,"minecraft:wheat_seeds":7,"mekanismtools:osmium_boots":1,"minecraft:cobblestone":1,"minecraft:granite":9,"minecraft:chainmail_helmet":5,"minecraft:chainmail_leggings":13,"minecraft:string":1,"minecraft:bowl":1,"minecraft:iron_boots":10,"minecraft:filled_map":3,"minecraft:shield":9,"minecraft:andesite":5,"minecraft:oak_sapling":1,"minecraft:diamond_boots":1,"minecraft:spruce_log":19,"minecraft:bow":4,"minecraft:wooden_pickaxe":1}},"DataVersion":3120}