{"stats":{"minecraft:dropped":{"minecraft:iron_pickaxe":2,"ic2:hemp_seeds":2,"minecraft:birch_sapling":2,"minecraft:wheat":2,"minecraft:rotten_flesh":1,"minecraft:carrot":48,"minecraft:chainmail_boots":12,"mekanismtools:osmium_leggings":1,"minecraft:bread":317,"minecraft:wheat_seeds":7,"mekanismtools:osmium_boots":1,"minecraft:iron_helmet":9,"minecraft:cobblestone":1,"minecraft:granite":9,"minecraft:chainmail_helmet":5,"minecraft:chainmail_leggings":13,"minecraft:string":1,"minecraft:bowl":1,"minecraft:iron_boots":10,"minecraft:filled_map":3,"minecraft:shield":9,"minecraft:andesite":5,"minecraft:oak_sapling":1,"minecraft:spruce_log":19,"minecraft:diamond_boots":1,"minecraft:bow":4,"minecraft:stone_pickaxe":12,"minecraft:wooden_pickaxe":1},"minecraft:crafted":{"minecraft:oak_planks":388,"minecraft:smooth_stone":3,"minecraft:chainmail_helmet":5,"mekanism:ingot_osmium":35,"ic2:copper_cable_item":6,"mekanismtools:osmium_chestplate":1,"minecraft:stone":6,"minecraft:diamond_shovel":6,"minecraft:bookshelf":1,"minecraft:cooked_mutton":15,"minecraft:diamond_helmet":1,"minecraft:bow":1,"minecraft:diamond_leggings":2,"minecraft:iron_boots":13,"mekanismtools:osmium_boots":1,"minecraft:chest":14,"minecraft:gray_bed":1,"mekanismtools:osmium_pickaxe":1,"iceandfire:silver_axe":1,"mekanism:ingot_tin":61,"minecraft:oak_slab":6,"minecraft:wooden_shovel":3,"minecraft:emerald":638,"minecraft:cooked_porkchop":21,"minecraft:crafting_table":7,"minecraft:spruce_planks":9916,"minecraft:wooden_pickaxe":1,"minecraft:iron_helmet":11,"minecraft:smithing_table":1,"minecraft:copper_ingot":75,"minecraft:fletching_table":6,"minecraft:birch_planks":92,"mekanismtools:osmium_leggings":1,"ic2:generator":1,"ic2:rubber":32,"minecraft:wooden_hoe":1,"minecraft:iron_chestplate":1,"minecraft:diamond_pickaxe":1,"minecraft:shield":25,"minecraft:stick":19776,"minecraft:iron_ingot":182,"minecraft:iron_pickaxe":11,"minecraft:iron_block":3,"minecraft:stone_sword":1,"minecraft:gold_ingot":22,"minecraft:shears":2,"ic2:iron_furnace":2,"minecraft:golden_carrot":24,"minecraft:oak_door":3,"ic2:copper_insulated_cable_item":1,"mekanismtools:osmium_shovel":1,"minecraft:furnace":6,"minecraft:blast_furnace":1,"minecraft:bone_meal":331,"minecraft:flint_and_steel":1,"mekanismtools:osmium_axe":1,"ic2:re_battery":1,"minecraft:iron_axe":11,"minecraft:ladder":3,"minecraft:stone_pickaxe":13,"minecraft:diamond_boots":5,"minecraft:spruce_boat":3,"mekanismtools:osmium_helmet":1,"minecraft:chainmail_leggings":13,"minecraft:wheat":596,"minecraft:cooked_beef":32,"mekanismtools:osmium_sword":1,"ic2:ingot_silver":8,"ic2:tree_tap":3,"minecraft:iron_sword":1,"minecraft:cooked_salmon":1,"minecraft:bucket":2,"minecraft:stone_axe":2,"minecraft:bread":201,"minecraft:air":0,"minecraft:gold_nugget":198,"minecraft:chainmail_boots":12,"minecraft:iron_shovel":4,"minecraft:iron_leggings":1,"minecraft:anvil":1,"minecraft:white_bed":10,"minecraft:acacia_planks":128,"minecraft:torch":200},"minecraft:used":{"minecraft:iron_shovel":174,"minecraft:ladder":5,"minecraft:poppy":1,"minecraft:chest":14,"minecraft:shield":69,"minecraft:iron_sword":168,"minecraft:bell":2,"minecraft:rotten_flesh":15,"mekanismtools:osmium_sword":676,"minecraft:carrot":159,"minecraft:spruce_boat":4,"minecraft:iron_helmet":2,"minecraft:bow":109,"minecraft:furnace":11,"minecraft:gray_bed":1,"minecraft:acacia_fence":1,"iceandfire:podium_acacia":1,"minecraft:stone_pickaxe":31,"minecraft:oak_planks":205,"minecraft:wooden_pickaxe":13,"minecraft:white_wool":1,"minecraft:yellow_terracotta":1,"minecraft:blast_furnace":3,"minecraft:bread":14,"minecraft:lectern":5,"create:asurine":12,"minecraft:gravel":133,"mekanismtools:osmium_shovel":76,"minecraft:smithing_table":2,"minecraft:birch_log":10,"minecraft:bone_meal":331,"minecraft:stone_sword":23,"minecraft:flint_and_steel":5,"minecraft:spruce_planks":171,"minecraft:wooden_shovel":177,"minecraft:cooked_salmon":1,"ic2:tree_tap":48,"minecraft:oak_door":4,"minecraft:orange_bed":3,"minecraft:torch":218,"minecraft:brewing_stand":4,"minecraft:dirt":219,"minecraft:anvil":1,"ic2:iron_furnace":1,"minecraft:iron_axe":2260,"minecraft:golden_carrot":24,"ic2:rubber_sapling":6,"minecraft:cooked_beef":32,"minecraft:cobbled_deepslate":11,"minecraft:calcite":1,"minecraft:iron_leggings":1,"minecraft:cooked_mutton":15,"minecraft:water_bucket":11,"minecraft:cartography_table":1,"minecraft:cauldron":2,"mekanismtools:osmium_axe":405,"minecraft:fletching_table":12,"minecraft:crafting_table":12,"mekanismtools:osmium_boots":1,"minecraft:white_bed":11,"minecraft:spruce_log":4,"minecraft:smoker":1,"mekanismtools:osmium_pickaxe":521,"minecraft:wooden_hoe":15,"minecraft:diamond_pickaxe":1180,"minecraft:diamond_shovel":608,"minecraft:iron_pickaxe":867,"minecraft:suspicious_stew":1,"minecraft:spruce_sapling":159,"minecraft:stone_axe":127,"minecraft:fishing_rod":10,"minecraft:cobblestone":119,"ic2:generator":1,"minecraft:cooked_porkchop":21,"minecraft:bucket":12},"minecraft:custom":{"minecraft:interact_with_crafting_table":141,"minecraft:open_barrel":2,"minecraft:bell_ring":15,"minecraft:leave_game":6,"minecraft:time_since_death":289095,"minecraft:sprint_one_cm":1286917,"minecraft:damage_blocked_by_shield":3575,"minecraft:drop":115,"minecraft:talked_to_villager":246,"minecraft:play_time":607072,"minecraft:deaths":8,"minecraft:jump":9210,"minecraft:walk_on_water_one_cm":58484,"minecraft:interact_with_furnace":196,"minecraft:traded_with_villager":748,"minecraft:sleep_in_bed":13,"minecraft:damage_dealt":45329,"minecraft:crouch_one_cm":8570,"minecraft:interact_with_smoker":1,"minecraft:interact_with_smithing_table":6,"minecraft:interact_with_anvil":7,"minecraft:mob_kills":271,"minecraft:inspect_hopper":1,"minecraft:climb_one_cm":8376,"minecraft:walk_one_cm":913124,"minecraft:sneak_time":6813,"minecraft:walk_under_water_one_cm":29411,"minecraft:boat_one_cm":388067,"minecraft:interact_with_blast_furnace":3,"minecraft:total_world_time":607072,"minecraft:time_since_rest":13151,"minecraft:damage_taken":11129,"minecraft:swim_one_cm":185360,"minecraft:fly_one_cm":1872720,"minecraft:open_chest":295,"minecraft:fish_caught":1,"minecraft:fall_one_cm":284452},"minecraft:mined":{"minecraft:spruce_planks":5,"minecraft:white_bed":1,"minecraft:brewing_stand":5,"minecraft:obsidian":1,"minecraft:granite":2,"minecraft:budding_amethyst":1,"ic2:tin_ore":12,"minecraft:acacia_log":32,"minecraft:grass_block":291,"iceandfire:lectern":1,"minecraft:spawner":4,"minecraft:iron_ore":62,"minecraft:fire":2,"minecraft:fletching_table":6,"minecraft:deepslate_lapis_ore":23,"create:asurine":12,"minecraft:pointed_dripstone":1,"minecraft:water_cauldron":2,"minecraft:dirt_path":14,"create:limestone":3,"minecraft:orange_bed":3,"minecraft:deepslate_redstone_ore":33,"ic2:rubber_leaves":181,"mekanism:osmium_ore":18,"minecraft:smoker":2,"iceandfire:podium_acacia":2,"minecraft:torch":4,"minecraft:blast_furnace":2,"minecraft:calcite":1,"minecraft:poppy":4,"mekanism:tin_ore":9,"iceandfire:fire_lily":1,"minecraft:cobblestone":36,"minecraft:sugar_cane":7,"minecraft:oak_planks":11,"minecraft:wall_torch":3,"minecraft:amethyst_block":10,"minecraft:cauldron":2,"minecraft:birch_log":33,"minecraft:wheat":1,"ic2:deepslate_silver_ore":7,"minecraft:smooth_stone_slab":2,"minecraft:grass":234,"mekanism:deepslate_tin_ore":2,"minecraft:oak_log":97,"minecraft:acacia_fence":1,"minecraft:sand":2,"minecraft:dirt":440,"minecraft:oak_leaves":21,"minecraft:deepslate":93,"minecraft:yellow_terracotta":2,"minecraft:tuff":2,"minecraft:deepslate_diamond_ore":5,"minecraft:oak_door":2,"ic2:deepslate_tin_ore":3,"mekanism:deepslate_osmium_ore":17,"minecraft:glow_lichen":2,"minecraft:ladder":2,"minecraft:spruce_leaves":174,"minecraft:cartography_table":2,"minecraft:hay_block":68,"minecraft:spruce_sapling":8,"minecraft:furnace":6,"minecraft:carrots":72,"electrodynamics:deepslateoretin":1,"minecraft:acacia_wood":1,"minecraft:andesite":11,"minecraft:bell":2,"minecraft:bookshelf":8,"minecraft:deepslate_iron_ore":122,"minecraft:stone":1845,"electrodynamics:orealuminum":1,"minecraft:white_wool":1,"minecraft:orange_glazed_terracotta":1,"minecraft:podzol":169,"minecraft:smithing_table":1,"minecraft:acacia_leaves":1,"electrodynamics:deepslateorevanadinite":1,"electrodynamics:deepslateorefluorite":1,"minecraft:dandelion":1,"minecraft:crafting_table":5,"minecraft:emerald_ore":2,"minecraft:lectern":5,"minecraft:tall_grass":11,"minecraft:copper_ore":23,"minecraft:lapis_ore":3,"minecraft:deepslate_gold_ore":26,"minecraft:diorite":6,"minecraft:spruce_log":2517,"minecraft:birch_leaves":8,"minecraft:coal_ore":147,"minecraft:sunflower":1,"minecraft:gravel":165,"minecraft:cobweb":28,"minecraft:gold_ore":5},"minecraft:picked_up":{"minecraft:iron_chestplate":1,"minecraft:wheat":4,"minecraft:smithing_table":1,"minecraft:brewing_stand":5,"minecraft:amethyst_block":10,"minecraft:string":49,"electrodynamics:raworetin":1,"minecraft:raw_copper":78,"create:limestone":1,"minecraft:iron_leggings":3,"minecraft:gold_nugget":6,"minecraft:cobbled_deepslate":120,"minecraft:bucket":1,"minecraft:spruce_planks":70,"minecraft:calcite":1,"minecraft:iron_pickaxe":5,"minecraft:furnace":9,"minecraft:iron_boots":1,"minecraft:stick":113,"minecraft:acacia_fence":1,"electrodynamics:raworefluorite":2,"minecraft:torch":56,"minecraft:acacia_log":31,"minecraft:porkchop":32,"iceandfire:crackled_gravel":1,"minecraft:pointed_dripstone":2,"minecraft:diorite":9,"mekanism:raw_tin":21,"minecraft:cauldron":4,"minecraft:orange_bed":3,"minecraft:rotten_flesh":116,"create:asurine":12,"mekanism:ingot_osmium":2,"minecraft:obsidian":2,"minecraft:cobblestone":1936,"minecraft:birch_log":33,"minecraft:feather":4,"minecraft:cooked_beef":4,"minecraft:water_bucket":2,"minecraft:andesite":16,"minecraft:smoker":2,"minecraft:potato":1,"minecraft:flint":17,"minecraft:tuff":5,"minecraft:lapis_lazuli":212,"minecraft:dirt":944,"minecraft:leather_boots":2,"minecraft:bone":108,"minecraft:bow":14,"minecraft:wheat_seeds":31,"minecraft:raw_gold":31,"minecraft:bell":3,"minecraft:fletching_table":6,"minecraft:oak_planks":143,"minecraft:cooked_porkchop":7,"mekanismtools:osmium_chestplate":2,"minecraft:poisonous_potato":15,"minecraft:grass_block":1,"electrodynamics:guidebook":3,"ic2:raw_silver":22,"minecraft:diamond":5,"minecraft:spruce_boat":2,"iceandfire:lectern":1,"minecraft:granite":9,"minecraft:emerald":13,"minecraft:bread":98,"minecraft:oak_sapling":3,"electrodynamics:raworevanadinite":1,"minecraft:diamond_pickaxe":3,"iceandfire:dragon_skull_lightning":2,"minecraft:crafting_table":7,"minecraft:chicken":4,"minecraft:ladder":2,"iceandfire:fire_lily":1,"tconstruct:materials_and_you":3,"minecraft:shield":3,"minecraft:iron_axe":3,"minecraft:iron_shovel":2,"iceandfire:bestiary":1,"minecraft:cartography_table":2,"minecraft:beef":79,"minecraft:poppy":5,"ic2:hemp_seeds":36,"minecraft:lectern":5,"minecraft:sugar_cane":27,"iceandfire:podium_acacia":2,"minecraft:birch_sapling":2,"minecraft:egg":2,"minecraft:raw_iron":246,"iceandfire:dragonbone":21,"mekanismtools:bronze_boots":1,"minecraft:oak_door":2,"minecraft:carrot":327,"minecraft:redstone":222,"minecraft:arrow":126,"minecraft:hay_block":67,"minecraft:yellow_terracotta":2,"minecraft:mutton":30,"minecraft:white_wool":56,"minecraft:golden_carrot":1,"minecraft:glow_ink_sac":3,"minecraft:salmon":2,"ic2:ore_uranium":1,"minecraft:leather":22,"minecraft:acacia_wood":1,"mekanismtools:osmium_sword":3,"minecraft:oak_log":97,"minecraft:gunpowder":9,"mekanismtools:refined_glowstone_chestplate":1,"minecraft:kelp":224,"minecraft:iron_ingot":11,"ic2:rubber_sapling":6,"minecraft:iron_sword":1,"minecraft:acacia_sapling":1,"minecraft:book":24,"iceandfire:copper_nugget":50,"ic2:wiki_item":2,"ic2:raw_tin":109,"minecraft:dandelion":2,"minecraft:dripstone_block":4,"minecraft:gravel":150,"minecraft:blast_furnace":2,"minecraft:spruce_sapling":176,"minecraft:white_bed":1,"minecraft:spruce_log":2903,"mekanism:raw_osmium":51,"minecraft:spider_eye":6,"mekanismtools:osmium_boots":2,"minecraft:stone_axe":4,"ic2:sticky_resin":32,"minecraft:iron_helmet":4,"mekanismtools:osmium_pickaxe":3,"minecraft:gray_wool":6,"minecraft:black_wool":2,"minecraft:coal":443,"minecraft:sunflower":2,"minecraft:ender_pearl":1},"minecraft:killed":{"minecraft:cave_spider":2,"minecraft:witch":1,"minecraft:spider":26,"minecraft:skeleton":95,"minecraft:chicken":2,"minecraft:pig":12,"minecraft:zombie_villager":1,"minecraft:creeper":10,"minecraft:sheep":14,"minecraft:zombie":84,"iceandfire:pixie":2,"minecraft:cow":16,"minecraft:drowned":1},"minecraft:broken":{"minecraft:wooden_shovel":3,"minecraft:stone_axe":1,"ic2:tree_tap":3,"minecraft:shield":1,"minecraft:iron_axe":9,"minecraft:iron_pickaxe":2,"minecraft:iron_helmet":1},"minecraft:killed_by":{"minecraft:creeper":2,"minecraft:drowned":2,"iceandfire:fire_dragon":3,"iceandfire:lightning_dragon":1}},"DataVersion":3120}