{"stats":{"minecraft:used":{"minecraft:iron_shovel":174,"minecraft:diamond_hoe":58,"minecraft:ladder":5,"minecraft:poppy":1,"minecraft:chest":20,"minecraft:shield":85,"minecraft:iron_sword":168,"minecraft:bell":2,"minecraft:rotten_flesh":15,"mekanismtools:osmium_sword":858,"minecraft:carrot":278,"minecraft:spruce_boat":4,"minecraft:iron_helmet":2,"minecraft:bow":116,"minecraft:furnace":14,"minecraft:gray_bed":1,"minecraft:acacia_fence":1,"iceandfire:podium_acacia":1,"minecraft:oak_planks":205,"minecraft:stone_pickaxe":31,"minecraft:wooden_pickaxe":13,"minecraft:diamond_axe":928,"minecraft:white_wool":1,"minecraft:yellow_terracotta":1,"minecraft:blast_furnace":3,"minecraft:bread":14,"minecraft:lectern":54,"create:asurine":12,"minecraft:gravel":133,"mekanismtools:osmium_shovel":76,"minecraft:smithing_table":6,"minecraft:birch_log":10,"minecraft:oak_boat":1,"minecraft:bone_meal":406,"minecraft:stone_sword":23,"minecraft:flint_and_steel":7,"minecraft:spruce_planks":171,"minecraft:wooden_shovel":177,"minecraft:cooked_salmon":1,"ic2:tree_tap":48,"minecraft:oak_door":4,"minecraft:orange_bed":3,"minecraft:torch":272,"minecraft:brewing_stand":4,"minecraft:dirt":410,"minecraft:anvil":1,"ic2:iron_furnace":1,"minecraft:bookshelf":3,"minecraft:iron_axe":3221,"minecraft:golden_carrot":24,"ic2:rubber_sapling":6,"minecraft:cooked_beef":36,"minecraft:cobbled_deepslate":74,"minecraft:calcite":1,"minecraft:iron_leggings":1,"minecraft:wheat_seeds":57,"minecraft:cooked_mutton":18,"minecraft:water_bucket":15,"minecraft:cartography_table":1,"minecraft:cauldron":2,"mekanismtools:osmium_axe":425,"minecraft:fletching_table":20,"minecraft:crafting_table":12,"mekanismtools:osmium_boots":1,"minecraft:white_bed":18,"minecraft:spruce_log":4,"minecraft:smoker":1,"mekanismtools:osmium_pickaxe":521,"minecraft:wooden_hoe":15,"minecraft:diamond_pickaxe":2503,"minecraft:diamond_shovel":1279,"minecraft:iron_pickaxe":867,"minecraft:suspicious_stew":1,"minecraft:spruce_sapling":295,"minecraft:stone_axe":127,"minecraft:fishing_rod":10,"minecraft:cobblestone":119,"ic2:generator":1,"minecraft:cooked_porkchop":21,"minecraft:bucket":16},"minecraft:dropped":{"minecraft:diamond_axe":1,"minecraft:dirt":8,"minecraft:iron_pickaxe":3,"ic2:hemp_seeds":11,"minecraft:cooked_chicken":1,"minecraft:cobbled_deepslate":64,"minecraft:wheat":2,"minecraft:birch_sapling":2,"minecraft:rotten_flesh":1,"mekanism:raw_tin":6,"minecraft:carrot":48,"minecraft:chainmail_boots":12,"mekanismtools:osmium_leggings":1,"minecraft:stone_hoe":6,"minecraft:bread":351,"minecraft:wheat_seeds":11,"mekanismtools:osmium_boots":1,"minecraft:diamond_leggings":1,"minecraft:iron_helmet":9,"minecraft:cobblestone":1,"minecraft:granite":24,"minecraft:copper_ingot":3,"minecraft:chainmail_helmet":5,"minecraft:stick":8,"ic2:raw_tin":15,"minecraft:diorite":21,"minecraft:melon_slice":17,"minecraft:diamond_helmet":1,"mekanism:raw_osmium":5,"minecraft:iron_shovel":3,"minecraft:chainmail_leggings":13,"minecraft:string":1,"minecraft:bowl":1,"minecraft:stone_shovel":5,"minecraft:iron_boots":10,"iceandfire:silver_ore":1,"minecraft:flint_and_steel":1,"electrodynamics:orealuminum":2,"minecraft:filled_map":3,"electrodynamics:crystalhalite":3,"minecraft:shield":10,"minecraft:andesite":11,"minecraft:oak_sapling":1,"minecraft:spruce_log":19,"minecraft:diamond_boots":2,"minecraft:stone_pickaxe":22,"minecraft:bow":4,"minecraft:wooden_pickaxe":1},"minecraft:broken":{"minecraft:wooden_shovel":3,"minecraft:stone_axe":1,"ic2:tree_tap":3,"minecraft:shield":1,"minecraft:iron_axe":12,"minecraft:iron_pickaxe":2,"minecraft:iron_helmet":1},"minecraft:picked_up":{"minecraft:iron_chestplate":1,"minecraft:wheat":108,"mekanism:raw_uranium":8,"minecraft:smithing_table":4,"minecraft:brewing_stand":5,"minecraft:amethyst_block":10,"minecraft:string":58,"electrodynamics:raworetin":1,"minecraft:raw_copper":89,"create:limestone":1,"minecraft:iron_leggings":3,"minecraft:gold_nugget":6,"minecraft:cobbled_deepslate":362,"minecraft:bucket":1,"minecraft:spruce_planks":70,"minecraft:calcite":1,"minecraft:iron_pickaxe":5,"minecraft:melon_slice":37,"minecraft:furnace":9,"minecraft:iron_boots":1,"minecraft:stick":250,"minecraft:acacia_fence":1,"electrodynamics:raworefluorite":2,"minecraft:torch":60,"minecraft:acacia_log":31,"iceandfire:silver_ore":2,"minecraft:porkchop":41,"iceandfire:crackled_gravel":1,"minecraft:pointed_dripstone":2,"minecraft:diorite":36,"mekanism:raw_tin":27,"minecraft:cauldron":4,"minecraft:orange_bed":3,"minecraft:rotten_flesh":135,"create:asurine":12,"minecraft:bookshelf":1,"mekanism:ingot_osmium":2,"minecraft:obsidian":2,"minecraft:cobblestone":2461,"minecraft:birch_log":33,"minecraft:feather":6,"minecraft:cooked_beef":4,"minecraft:water_bucket":2,"minecraft:andesite":47,"minecraft:smoker":2,"minecraft:potato":1,"minecraft:flint":17,"minecraft:tuff":28,"create:raw_zinc":4,"minecraft:lapis_lazuli":270,"minecraft:dirt":1599,"minecraft:leather_boots":2,"minecraft:bone":125,"minecraft:bow":15,"minecraft:wheat_seeds":331,"minecraft:raw_gold":40,"minecraft:bell":3,"minecraft:fletching_table":14,"minecraft:oak_planks":143,"minecraft:cooked_porkchop":7,"mekanismtools:osmium_chestplate":2,"minecraft:poisonous_potato":15,"minecraft:stripped_spruce_log":1,"minecraft:grass_block":1,"electrodynamics:guidebook":3,"ic2:raw_silver":22,"minecraft:diamond":11,"minecraft:spruce_boat":2,"iceandfire:lectern":1,"minecraft:granite":32,"electrodynamics:crystalhalite":3,"minecraft:emerald":13,"minecraft:bread":98,"minecraft:oak_sapling":3,"minecraft:spruce_leaves":3,"electrodynamics:raworevanadinite":3,"minecraft:diamond_pickaxe":3,"iceandfire:dragon_skull_lightning":2,"minecraft:crafting_table":7,"minecraft:chicken":5,"minecraft:ladder":2,"iceandfire:fire_lily":1,"electrodynamics:orealuminum":2,"tconstruct:materials_and_you":3,"minecraft:shield":4,"minecraft:iron_axe":3,"minecraft:flint_and_steel":1,"minecraft:iron_shovel":2,"iceandfire:bestiary":1,"minecraft:cartography_table":2,"minecraft:beef":85,"minecraft:poppy":7,"ic2:hemp_seeds":54,"minecraft:lectern":53,"minecraft:sugar_cane":27,"iceandfire:podium_acacia":2,"minecraft:birch_sapling":2,"minecraft:egg":4,"minecraft:raw_iron":395,"iceandfire:dragonbone":21,"mekanismtools:bronze_boots":1,"minecraft:oak_door":2,"minecraft:copper_ingot":3,"minecraft:carrot":391,"minecraft:redstone":222,"minecraft:arrow":147,"minecraft:hay_block":67,"minecraft:yellow_terracotta":2,"minecraft:mutton":30,"minecraft:white_wool":75,"mekanism:raw_lead":3,"minecraft:golden_carrot":1,"minecraft:glow_ink_sac":3,"minecraft:salmon":2,"ic2:ore_uranium":1,"minecraft:leather":25,"minecraft:acacia_wood":1,"mekanismtools:osmium_sword":3,"minecraft:oak_log":99,"minecraft:gunpowder":11,"mekanismtools:refined_glowstone_chestplate":1,"minecraft:kelp":224,"minecraft:iron_ingot":12,"ic2:rubber_sapling":6,"minecraft:iron_sword":1,"minecraft:acacia_sapling":1,"minecraft:book":30,"iceandfire:copper_nugget":50,"ic2:wiki_item":2,"ic2:raw_tin":130,"minecraft:dandelion":2,"minecraft:dripstone_block":4,"minecraft:gravel":150,"minecraft:spruce_sapling":337,"minecraft:blast_furnace":2,"minecraft:white_bed":1,"minecraft:spruce_log":4834,"mekanism:raw_osmium":61,"electrodynamics:dustniter":5,"minecraft:spider_eye":8,"mekanismtools:osmium_boots":2,"minecraft:stone_axe":4,"ic2:sticky_resin":32,"minecraft:iron_helmet":4,"mekanismtools:osmium_pickaxe":3,"minecraft:gray_wool":6,"minecraft:melon_seeds":3,"minecraft:black_wool":2,"minecraft:coal":590,"minecraft:sunflower":2,"minecraft:ender_pearl":1},"minecraft:killed":{"minecraft:cave_spider":2,"minecraft:witch":1,"minecraft:spider":33,"minecraft:skeleton":114,"minecraft:chicken":3,"minecraft:pig":16,"minecraft:zombie_villager":2,"minecraft:creeper":12,"minecraft:sheep":14,"minecraft:zombie":108,"iceandfire:pixie":2,"minecraft:cow":19,"minecraft:drowned":1},"minecraft:custom":{"minecraft:interact_with_crafting_table":159,"minecraft:open_barrel":2,"minecraft:bell_ring":15,"minecraft:leave_game":6,"minecraft:time_since_death":518474,"minecraft:sprint_one_cm":1601754,"minecraft:damage_blocked_by_shield":4665,"minecraft:drop":170,"minecraft:talked_to_villager":505,"minecraft:play_time":836451,"minecraft:deaths":8,"minecraft:jump":11742,"minecraft:walk_on_water_one_cm":63469,"minecraft:interact_with_furnace":249,"minecraft:traded_with_villager":1317,"minecraft:sleep_in_bed":18,"minecraft:damage_dealt":55670,"minecraft:crouch_one_cm":10864,"minecraft:interact_with_smoker":1,"minecraft:interact_with_smithing_table":9,"minecraft:interact_with_anvil":11,"minecraft:mob_kills":335,"minecraft:inspect_hopper":1,"minecraft:climb_one_cm":14434,"minecraft:walk_one_cm":1247192,"minecraft:sneak_time":8766,"minecraft:walk_under_water_one_cm":30703,"minecraft:boat_one_cm":430152,"minecraft:interact_with_blast_furnace":4,"minecraft:total_world_time":836451,"minecraft:time_since_rest":36231,"minecraft:damage_taken":12272,"minecraft:swim_one_cm":197386,"minecraft:fly_one_cm":2283356,"minecraft:open_chest":394,"minecraft:fish_caught":1,"minecraft:fall_one_cm":349645},"minecraft:killed_by":{"minecraft:creeper":2,"minecraft:drowned":2,"iceandfire:fire_dragon":3,"iceandfire:lightning_dragon":1},"minecraft:mined":{"create:deepslate_zinc_ore":4,"minecraft:spruce_planks":5,"minecraft:white_bed":1,"tconstruct:sky_slime_crystal_block":1,"minecraft:brewing_stand":5,"minecraft:obsidian":1,"minecraft:granite":29,"minecraft:budding_amethyst":1,"ic2:tin_ore":16,"minecraft:acacia_log":32,"minecraft:grass_block":392,"iceandfire:lectern":1,"electrodynamics:oretin":2,"minecraft:spawner":4,"minecraft:iron_ore":142,"minecraft:cobbled_deepslate":3,"electrodynamics:oreniter":2,"minecraft:fire":2,"minecraft:fletching_table":14,"minecraft:deepslate_lapis_ore":26,"create:asurine":12,"minecraft:pointed_dripstone":1,"minecraft:water_cauldron":2,"minecraft:dirt_path":22,"create:limestone":3,"minecraft:orange_bed":3,"minecraft:deepslate_redstone_ore":33,"ic2:rubber_leaves":181,"mekanism:osmium_ore":20,"minecraft:melon_stem":2,"minecraft:smoker":2,"iceandfire:podium_acacia":2,"minecraft:torch":5,"minecraft:blast_furnace":2,"minecraft:calcite":4,"minecraft:poppy":4,"minecraft:melon":4,"mekanism:tin_ore":12,"iceandfire:fire_lily":1,"minecraft:cobblestone":36,"minecraft:oak_planks":11,"minecraft:sugar_cane":7,"minecraft:wall_torch":4,"electrodynamics:orehalite":1,"minecraft:amethyst_block":10,"minecraft:cauldron":2,"minecraft:birch_log":33,"minecraft:wheat":113,"ic2:deepslate_silver_ore":7,"minecraft:smooth_stone_slab":2,"minecraft:grass":333,"mekanism:deepslate_tin_ore":2,"minecraft:oak_log":99,"mekanism:lead_ore":1,"minecraft:acacia_fence":1,"minecraft:sand":2,"minecraft:dirt":1006,"minecraft:oak_leaves":21,"minecraft:deepslate":402,"minecraft:yellow_terracotta":2,"electrodynamics:deepslateorerutile":2,"minecraft:tuff":25,"iceandfire:silver_ore":2,"minecraft:mossy_cobblestone":3,"minecraft:deepslate_diamond_ore":10,"minecraft:oak_door":2,"ic2:deepslate_tin_ore":3,"mekanism:deepslate_osmium_ore":18,"minecraft:glow_lichen":2,"minecraft:ladder":2,"minecraft:spruce_leaves":185,"minecraft:cartography_table":2,"minecraft:hay_block":68,"minecraft:spruce_sapling":12,"minecraft:furnace":6,"minecraft:carrots":89,"electrodynamics:deepslateoretin":1,"minecraft:acacia_wood":1,"minecraft:andesite":42,"minecraft:stripped_spruce_log":1,"minecraft:bell":2,"minecraft:bookshelf":11,"minecraft:deepslate_iron_ore":139,"minecraft:stone":2446,"electrodynamics:orealuminum":3,"minecraft:white_wool":1,"minecraft:orange_glazed_terracotta":1,"minecraft:smithing_table":4,"minecraft:podzol":185,"mekanism:deepslate_lead_ore":1,"minecraft:acacia_leaves":4,"electrodynamics:deepslateorevanadinite":3,"electrodynamics:deepslateorefluorite":1,"minecraft:dandelion":1,"minecraft:crafting_table":5,"minecraft:emerald_ore":2,"minecraft:lectern":53,"minecraft:copper_ore":25,"minecraft:tall_grass":13,"minecraft:lapis_ore":6,"minecraft:deepslate_gold_ore":34,"minecraft:diorite":70,"minecraft:birch_leaves":8,"minecraft:spruce_log":4347,"minecraft:coal_ore":246,"minecraft:dripstone_block":2,"minecraft:sunflower":1,"minecraft:gravel":165,"mekanism:deepslate_fluorite_ore":1,"minecraft:cobweb":28,"mekanism:deepslate_uranium_ore":7,"minecraft:gold_ore":5},"minecraft:crafted":{"minecraft:oak_planks":396,"minecraft:smooth_stone":3,"minecraft:chainmail_helmet":5,"electrodynamics:coalcoke":6,"mekanism:ingot_osmium":35,"ic2:copper_cable_item":6,"minecraft:cooked_chicken":1,"mekanismtools:osmium_chestplate":1,"minecraft:stone":15,"minecraft:diamond_shovel":12,"minecraft:bookshelf":10,"minecraft:cooked_mutton":17,"minecraft:bow":1,"minecraft:diamond_helmet":2,"minecraft:diamond_leggings":3,"minecraft:iron_boots":13,"mekanismtools:osmium_boots":1,"minecraft:chest":20,"minecraft:stone_hoe":6,"minecraft:gray_bed":1,"mekanismtools:osmium_pickaxe":1,"iceandfire:silver_axe":1,"mekanism:ingot_tin":61,"minecraft:oak_slab":6,"minecraft:wooden_shovel":3,"minecraft:emerald":1151,"minecraft:cooked_porkchop":30,"minecraft:diamond_axe":2,"minecraft:crafting_table":7,"minecraft:spruce_planks":17556,"minecraft:wooden_pickaxe":1,"minecraft:iron_helmet":11,"minecraft:smithing_table":2,"minecraft:copper_ingot":78,"minecraft:fletching_table":6,"minecraft:birch_planks":92,"mekanismtools:osmium_leggings":1,"ic2:generator":1,"ic2:rubber":32,"minecraft:lectern":2,"minecraft:wooden_hoe":1,"minecraft:iron_chestplate":1,"minecraft:diamond_pickaxe":7,"minecraft:shield":25,"minecraft:stick":34801,"minecraft:iron_ingot":331,"minecraft:iron_pickaxe":11,"minecraft:iron_block":3,"minecraft:stone_sword":1,"minecraft:gold_ingot":22,"minecraft:shears":2,"ic2:iron_furnace":2,"minecraft:golden_carrot":24,"minecraft:oak_door":3,"minecraft:stone_shovel":5,"ic2:copper_insulated_cable_item":1,"minecraft:diamond_hoe":6,"mekanismtools:osmium_shovel":1,"minecraft:furnace":9,"minecraft:blast_furnace":1,"minecraft:bone_meal":406,"minecraft:flint_and_steel":1,"mekanismtools:osmium_axe":1,"ic2:re_battery":1,"minecraft:iron_axe":13,"minecraft:ladder":3,"minecraft:spruce_slab":12,"minecraft:stone_pickaxe":23,"minecraft:diamond_boots":6,"minecraft:spruce_boat":3,"mekanismtools:osmium_helmet":1,"minecraft:chainmail_leggings":13,"minecraft:wheat":596,"minecraft:cooked_beef":38,"mekanismtools:osmium_sword":1,"ic2:ingot_silver":8,"ic2:tree_tap":3,"minecraft:iron_sword":1,"minecraft:cooked_salmon":1,"minecraft:bucket":3,"minecraft:stone_axe":2,"minecraft:bread":235,"minecraft:air":0,"minecraft:oak_boat":1,"minecraft:gold_nugget":198,"minecraft:chainmail_boots":12,"minecraft:iron_shovel":7,"minecraft:iron_leggings":1,"minecraft:anvil":1,"minecraft:white_bed":17,"minecraft:acacia_planks":128,"minecraft:torch":272}},"DataVersion":3120}