{"stats":{"minecraft:used":{"minecraft:iron_shovel":174,"minecraft:ladder":5,"minecraft:poppy":1,"minecraft:chest":16,"minecraft:shield":70,"minecraft:iron_sword":168,"minecraft:bell":2,"minecraft:rotten_flesh":15,"mekanismtools:osmium_sword":721,"minecraft:carrot":196,"minecraft:spruce_boat":4,"minecraft:iron_helmet":2,"minecraft:bow":109,"minecraft:furnace":14,"minecraft:gray_bed":1,"minecraft:acacia_fence":1,"iceandfire:podium_acacia":1,"minecraft:oak_planks":205,"minecraft:stone_pickaxe":31,"minecraft:wooden_pickaxe":13,"minecraft:diamond_axe":7,"minecraft:white_wool":1,"minecraft:yellow_terracotta":1,"minecraft:blast_furnace":3,"minecraft:bread":14,"minecraft:lectern":15,"create:asurine":12,"minecraft:gravel":133,"mekanismtools:osmium_shovel":76,"minecraft:smithing_table":3,"minecraft:birch_log":10,"minecraft:oak_boat":1,"minecraft:bone_meal":358,"minecraft:stone_sword":23,"minecraft:flint_and_steel":7,"minecraft:spruce_planks":171,"minecraft:wooden_shovel":177,"minecraft:cooked_salmon":1,"ic2:tree_tap":48,"minecraft:oak_door":4,"minecraft:orange_bed":3,"minecraft:torch":266,"minecraft:brewing_stand":4,"minecraft:dirt":281,"minecraft:anvil":1,"ic2:iron_furnace":1,"minecraft:iron_axe":3221,"minecraft:golden_carrot":24,"ic2:rubber_sapling":6,"minecraft:cooked_beef":32,"minecraft:cobbled_deepslate":74,"minecraft:calcite":1,"minecraft:iron_leggings":1,"minecraft:cooked_mutton":15,"minecraft:water_bucket":11,"minecraft:cartography_table":1,"minecraft:cauldron":2,"mekanismtools:osmium_axe":423,"minecraft:fletching_table":12,"minecraft:crafting_table":12,"mekanismtools:osmium_boots":1,"minecraft:white_bed":11,"minecraft:spruce_log":4,"minecraft:smoker":1,"mekanismtools:osmium_pickaxe":521,"minecraft:wooden_hoe":15,"minecraft:diamond_pickaxe":2494,"minecraft:diamond_shovel":800,"minecraft:iron_pickaxe":867,"minecraft:suspicious_stew":1,"minecraft:spruce_sapling":229,"minecraft:stone_axe":127,"minecraft:fishing_rod":10,"minecraft:cobblestone":119,"ic2:generator":1,"minecraft:cooked_porkchop":21,"minecraft:bucket":12},"minecraft:dropped":{"minecraft:diamond_axe":1,"minecraft:dirt":8,"minecraft:iron_pickaxe":3,"ic2:hemp_seeds":11,"minecraft:cobbled_deepslate":64,"minecraft:wheat":2,"minecraft:birch_sapling":2,"minecraft:rotten_flesh":1,"mekanism:raw_tin":6,"minecraft:carrot":48,"minecraft:chainmail_boots":12,"mekanismtools:osmium_leggings":1,"minecraft:stone_hoe":6,"minecraft:bread":317,"minecraft:wheat_seeds":11,"mekanismtools:osmium_boots":1,"minecraft:diamond_leggings":1,"minecraft:iron_helmet":9,"minecraft:cobblestone":1,"minecraft:granite":24,"minecraft:copper_ingot":3,"minecraft:chainmail_helmet":5,"minecraft:stick":8,"ic2:raw_tin":15,"minecraft:diorite":21,"minecraft:diamond_helmet":1,"mekanism:raw_osmium":5,"minecraft:iron_shovel":3,"minecraft:chainmail_leggings":13,"minecraft:string":1,"minecraft:bowl":1,"minecraft:stone_shovel":5,"minecraft:iron_boots":10,"iceandfire:silver_ore":1,"minecraft:flint_and_steel":1,"electrodynamics:orealuminum":2,"minecraft:filled_map":3,"electrodynamics:crystalhalite":3,"minecraft:shield":10,"minecraft:andesite":11,"minecraft:oak_sapling":1,"minecraft:spruce_log":19,"minecraft:diamond_boots":2,"minecraft:stone_pickaxe":22,"minecraft:bow":4,"minecraft:wooden_pickaxe":1},"minecraft:broken":{"minecraft:wooden_shovel":3,"minecraft:stone_axe":1,"ic2:tree_tap":3,"minecraft:shield":1,"minecraft:iron_axe":12,"minecraft:iron_pickaxe":2,"minecraft:iron_helmet":1},"minecraft:picked_up":{"minecraft:iron_chestplate":1,"minecraft:wheat":4,"mekanism:raw_uranium":8,"minecraft:smithing_table":1,"minecraft:brewing_stand":5,"minecraft:amethyst_block":10,"minecraft:string":50,"electrodynamics:raworetin":1,"minecraft:raw_copper":89,"create:limestone":1,"minecraft:iron_leggings":3,"minecraft:gold_nugget":6,"minecraft:cobbled_deepslate":362,"minecraft:bucket":1,"minecraft:spruce_planks":70,"minecraft:calcite":1,"minecraft:iron_pickaxe":5,"minecraft:furnace":9,"minecraft:iron_boots":1,"minecraft:stick":220,"minecraft:acacia_fence":1,"electrodynamics:raworefluorite":2,"minecraft:torch":59,"minecraft:acacia_log":31,"iceandfire:silver_ore":2,"minecraft:porkchop":32,"iceandfire:crackled_gravel":1,"minecraft:pointed_dripstone":2,"minecraft:diorite":36,"mekanism:raw_tin":27,"minecraft:cauldron":4,"minecraft:orange_bed":3,"minecraft:rotten_flesh":121,"create:asurine":12,"mekanism:ingot_osmium":2,"minecraft:obsidian":2,"minecraft:cobblestone":2456,"minecraft:birch_log":33,"minecraft:feather":6,"minecraft:cooked_beef":4,"minecraft:water_bucket":2,"minecraft:andesite":47,"minecraft:smoker":2,"minecraft:potato":1,"minecraft:flint":17,"minecraft:tuff":28,"create:raw_zinc":4,"minecraft:lapis_lazuli":270,"minecraft:dirt":1094,"minecraft:leather_boots":2,"minecraft:bone":113,"minecraft:bow":15,"minecraft:wheat_seeds":39,"minecraft:raw_gold":40,"minecraft:bell":3,"minecraft:fletching_table":6,"minecraft:oak_planks":143,"minecraft:cooked_porkchop":7,"mekanismtools:osmium_chestplate":2,"minecraft:poisonous_potato":15,"minecraft:grass_block":1,"electrodynamics:guidebook":3,"ic2:raw_silver":22,"minecraft:diamond":11,"minecraft:spruce_boat":2,"iceandfire:lectern":1,"minecraft:granite":32,"electrodynamics:crystalhalite":3,"minecraft:emerald":13,"minecraft:bread":98,"minecraft:oak_sapling":3,"electrodynamics:raworevanadinite":3,"minecraft:diamond_pickaxe":3,"iceandfire:dragon_skull_lightning":2,"minecraft:crafting_table":7,"minecraft:chicken":5,"minecraft:ladder":2,"iceandfire:fire_lily":1,"electrodynamics:orealuminum":2,"tconstruct:materials_and_you":3,"minecraft:shield":4,"minecraft:iron_axe":3,"minecraft:flint_and_steel":1,"minecraft:iron_shovel":2,"iceandfire:bestiary":1,"minecraft:cartography_table":2,"minecraft:beef":79,"minecraft:poppy":5,"ic2:hemp_seeds":49,"minecraft:lectern":14,"minecraft:sugar_cane":27,"iceandfire:podium_acacia":2,"minecraft:birch_sapling":2,"minecraft:egg":4,"minecraft:raw_iron":395,"iceandfire:dragonbone":21,"mekanismtools:bronze_boots":1,"minecraft:oak_door":2,"minecraft:copper_ingot":3,"minecraft:carrot":327,"minecraft:redstone":222,"minecraft:arrow":128,"minecraft:hay_block":67,"minecraft:yellow_terracotta":2,"minecraft:mutton":30,"minecraft:white_wool":56,"mekanism:raw_lead":3,"minecraft:golden_carrot":1,"minecraft:glow_ink_sac":3,"minecraft:salmon":2,"ic2:ore_uranium":1,"minecraft:leather":22,"minecraft:acacia_wood":1,"mekanismtools:osmium_sword":3,"minecraft:oak_log":99,"minecraft:gunpowder":9,"mekanismtools:refined_glowstone_chestplate":1,"minecraft:kelp":224,"minecraft:iron_ingot":12,"ic2:rubber_sapling":6,"minecraft:iron_sword":1,"minecraft:acacia_sapling":1,"minecraft:book":24,"iceandfire:copper_nugget":50,"ic2:wiki_item":2,"ic2:raw_tin":130,"minecraft:dandelion":2,"minecraft:dripstone_block":4,"minecraft:gravel":150,"minecraft:spruce_sapling":262,"minecraft:blast_furnace":2,"minecraft:white_bed":1,"minecraft:spruce_log":3978,"mekanism:raw_osmium":61,"electrodynamics:dustniter":5,"minecraft:spider_eye":6,"mekanismtools:osmium_boots":2,"minecraft:stone_axe":4,"ic2:sticky_resin":32,"minecraft:iron_helmet":4,"mekanismtools:osmium_pickaxe":3,"minecraft:gray_wool":6,"minecraft:black_wool":2,"minecraft:coal":584,"minecraft:sunflower":2,"minecraft:ender_pearl":1},"minecraft:killed":{"minecraft:cave_spider":2,"minecraft:witch":1,"minecraft:spider":27,"minecraft:skeleton":99,"minecraft:chicken":3,"minecraft:pig":12,"minecraft:zombie_villager":1,"minecraft:creeper":11,"minecraft:sheep":14,"minecraft:zombie":92,"iceandfire:pixie":2,"minecraft:cow":16,"minecraft:drowned":1},"minecraft:custom":{"minecraft:interact_with_crafting_table":147,"minecraft:open_barrel":2,"minecraft:bell_ring":15,"minecraft:leave_game":6,"minecraft:time_since_death":440474,"minecraft:sprint_one_cm":1444950,"minecraft:damage_blocked_by_shield":3905,"minecraft:drop":165,"minecraft:talked_to_villager":394,"minecraft:play_time":758451,"minecraft:deaths":8,"minecraft:jump":10642,"minecraft:walk_on_water_one_cm":62599,"minecraft:interact_with_furnace":235,"minecraft:traded_with_villager":1080,"minecraft:sleep_in_bed":16,"minecraft:damage_dealt":48132,"minecraft:crouch_one_cm":10388,"minecraft:interact_with_smoker":1,"minecraft:interact_with_smithing_table":8,"minecraft:interact_with_anvil":11,"minecraft:mob_kills":286,"minecraft:inspect_hopper":1,"minecraft:climb_one_cm":11329,"minecraft:walk_one_cm":1087933,"minecraft:sneak_time":8148,"minecraft:walk_under_water_one_cm":30579,"minecraft:boat_one_cm":430152,"minecraft:interact_with_blast_furnace":3,"minecraft:total_world_time":758451,"minecraft:time_since_rest":28783,"minecraft:damage_taken":11591,"minecraft:swim_one_cm":196539,"minecraft:fly_one_cm":2074371,"minecraft:open_chest":350,"minecraft:fish_caught":1,"minecraft:fall_one_cm":319793},"minecraft:killed_by":{"minecraft:creeper":2,"minecraft:drowned":2,"iceandfire:fire_dragon":3,"iceandfire:lightning_dragon":1},"minecraft:mined":{"create:deepslate_zinc_ore":4,"minecraft:spruce_planks":5,"minecraft:white_bed":1,"tconstruct:sky_slime_crystal_block":1,"minecraft:brewing_stand":5,"minecraft:obsidian":1,"minecraft:granite":29,"minecraft:budding_amethyst":1,"ic2:tin_ore":16,"minecraft:acacia_log":32,"minecraft:grass_block":365,"iceandfire:lectern":1,"electrodynamics:oretin":2,"minecraft:spawner":4,"minecraft:iron_ore":142,"minecraft:cobbled_deepslate":3,"electrodynamics:oreniter":2,"minecraft:fire":2,"minecraft:fletching_table":6,"minecraft:deepslate_lapis_ore":26,"create:asurine":12,"minecraft:pointed_dripstone":1,"minecraft:water_cauldron":2,"minecraft:dirt_path":21,"create:limestone":3,"minecraft:orange_bed":3,"minecraft:deepslate_redstone_ore":33,"ic2:rubber_leaves":181,"mekanism:osmium_ore":20,"minecraft:smoker":2,"iceandfire:podium_acacia":2,"minecraft:torch":5,"minecraft:blast_furnace":2,"minecraft:calcite":4,"minecraft:poppy":4,"mekanism:tin_ore":12,"iceandfire:fire_lily":1,"minecraft:cobblestone":36,"minecraft:oak_planks":11,"minecraft:sugar_cane":7,"minecraft:wall_torch":4,"electrodynamics:orehalite":1,"minecraft:amethyst_block":10,"minecraft:cauldron":2,"minecraft:birch_log":33,"minecraft:wheat":1,"ic2:deepslate_silver_ore":7,"minecraft:smooth_stone_slab":2,"minecraft:grass":266,"mekanism:deepslate_tin_ore":2,"minecraft:oak_log":99,"mekanism:lead_ore":1,"minecraft:acacia_fence":1,"minecraft:sand":2,"minecraft:dirt":539,"minecraft:oak_leaves":21,"minecraft:deepslate":402,"minecraft:yellow_terracotta":2,"electrodynamics:deepslateorerutile":2,"minecraft:tuff":25,"iceandfire:silver_ore":2,"minecraft:mossy_cobblestone":3,"minecraft:deepslate_diamond_ore":10,"minecraft:oak_door":2,"ic2:deepslate_tin_ore":3,"mekanism:deepslate_osmium_ore":18,"minecraft:glow_lichen":2,"minecraft:ladder":2,"minecraft:spruce_leaves":177,"minecraft:cartography_table":2,"minecraft:hay_block":68,"minecraft:spruce_sapling":10,"minecraft:furnace":6,"minecraft:carrots":72,"electrodynamics:deepslateoretin":1,"minecraft:acacia_wood":1,"minecraft:andesite":42,"minecraft:bell":2,"minecraft:bookshelf":8,"minecraft:deepslate_iron_ore":139,"minecraft:stone":2441,"electrodynamics:orealuminum":3,"minecraft:white_wool":1,"minecraft:orange_glazed_terracotta":1,"minecraft:smithing_table":1,"minecraft:podzol":173,"mekanism:deepslate_lead_ore":1,"minecraft:acacia_leaves":1,"electrodynamics:deepslateorevanadinite":3,"electrodynamics:deepslateorefluorite":1,"minecraft:dandelion":1,"minecraft:crafting_table":5,"minecraft:emerald_ore":2,"minecraft:lectern":14,"minecraft:copper_ore":25,"minecraft:tall_grass":11,"minecraft:lapis_ore":6,"minecraft:deepslate_gold_ore":34,"minecraft:diorite":70,"minecraft:birch_leaves":8,"minecraft:spruce_log":3489,"minecraft:coal_ore":242,"minecraft:dripstone_block":2,"minecraft:sunflower":1,"minecraft:gravel":165,"mekanism:deepslate_fluorite_ore":1,"minecraft:cobweb":28,"mekanism:deepslate_uranium_ore":7,"minecraft:gold_ore":5},"minecraft:crafted":{"minecraft:oak_planks":396,"minecraft:smooth_stone":3,"minecraft:chainmail_helmet":5,"mekanism:ingot_osmium":35,"ic2:copper_cable_item":6,"mekanismtools:osmium_chestplate":1,"minecraft:stone":15,"minecraft:diamond_shovel":12,"minecraft:bookshelf":1,"minecraft:cooked_mutton":15,"minecraft:bow":1,"minecraft:diamond_helmet":2,"minecraft:diamond_leggings":3,"minecraft:iron_boots":13,"mekanismtools:osmium_boots":1,"minecraft:chest":16,"minecraft:stone_hoe":6,"minecraft:gray_bed":1,"mekanismtools:osmium_pickaxe":1,"iceandfire:silver_axe":1,"mekanism:ingot_tin":61,"minecraft:oak_slab":6,"minecraft:wooden_shovel":3,"minecraft:emerald":923,"minecraft:cooked_porkchop":21,"minecraft:diamond_axe":2,"minecraft:crafting_table":7,"minecraft:spruce_planks":13888,"minecraft:wooden_pickaxe":1,"minecraft:iron_helmet":11,"minecraft:smithing_table":2,"minecraft:copper_ingot":78,"minecraft:fletching_table":6,"minecraft:birch_planks":92,"mekanismtools:osmium_leggings":1,"ic2:generator":1,"ic2:rubber":32,"minecraft:lectern":1,"minecraft:wooden_hoe":1,"minecraft:iron_chestplate":1,"minecraft:diamond_pickaxe":7,"minecraft:shield":25,"minecraft:stick":27633,"minecraft:iron_ingot":269,"minecraft:iron_pickaxe":11,"minecraft:iron_block":3,"minecraft:stone_sword":1,"minecraft:gold_ingot":22,"minecraft:shears":2,"ic2:iron_furnace":2,"minecraft:golden_carrot":24,"minecraft:oak_door":3,"minecraft:stone_shovel":5,"ic2:copper_insulated_cable_item":1,"minecraft:diamond_hoe":6,"mekanismtools:osmium_shovel":1,"minecraft:furnace":9,"minecraft:blast_furnace":1,"minecraft:bone_meal":358,"minecraft:flint_and_steel":1,"mekanismtools:osmium_axe":1,"ic2:re_battery":1,"minecraft:iron_axe":13,"minecraft:ladder":3,"minecraft:spruce_slab":6,"minecraft:stone_pickaxe":23,"minecraft:diamond_boots":6,"minecraft:spruce_boat":3,"mekanismtools:osmium_helmet":1,"minecraft:chainmail_leggings":13,"minecraft:wheat":596,"minecraft:cooked_beef":32,"mekanismtools:osmium_sword":1,"ic2:ingot_silver":8,"ic2:tree_tap":3,"minecraft:iron_sword":1,"minecraft:cooked_salmon":1,"minecraft:bucket":2,"minecraft:stone_axe":2,"minecraft:bread":201,"minecraft:air":0,"minecraft:oak_boat":1,"minecraft:gold_nugget":198,"minecraft:chainmail_boots":12,"minecraft:iron_shovel":7,"minecraft:iron_leggings":1,"minecraft:anvil":1,"minecraft:white_bed":10,"minecraft:acacia_planks":128,"minecraft:torch":252}},"DataVersion":3120}