{"stats":{"minecraft:dropped":{"minecraft:iron_sword":1,"minecraft:cooked_porkchop":1,"minecraft:crossbow":7,"create:cogwheel":13,"create:fluid_tank":1,"minecraft:emerald":18,"minecraft:dirt":21,"minecraft:bone_meal":1,"minecraft:sand":2,"minecraft:iron_pickaxe":2,"minecraft:white_wool":2,"minecraft:bone":9,"minecraft:stone_axe":1,"minecraft:iron_nugget":29,"minecraft:cobbled_deepslate":1,"minecraft:wheat":2,"minecraft:rotten_flesh":4,"minecraft:oak_planks":3,"minecraft:charcoal":16,"minecraft:spruce_slab":7,"minecraft:glass":1,"minecraft:beef":2,"minecraft:iron_ingot":448,"minecraft:golden_boots":2,"minecraft:birch_leaves":1,"minecraft:wheat_seeds":482,"minecraft:dripstone_block":16,"minecraft:oak_fence":1,"minecraft:iron_helmet":1,"minecraft:cobblestone":511,"minecraft:apple":6,"minecraft:granite":2,"minecraft:pufferfish":1,"minecraft:pumpkin":1,"minecraft:paper":1,"minecraft:string":3,"minecraft:spruce_sapling":3,"minecraft:deepslate":19,"minecraft:clay_ball":9,"minecraft:shears":2,"minecraft:pumpkin_seeds":2,"minecraft:stone":56,"minecraft:spruce_planks":2,"create:zinc_ingot":77,"minecraft:spider_eye":4,"minecraft:stone_bricks":1,"create:belt_connector":1,"minecraft:diamond_axe":2,"minecraft:oak_log":1,"minecraft:leather":1,"minecraft:flint":1543,"minecraft:crimson_roots":3,"minecraft:polished_blackstone_bricks":3,"create:large_cogwheel":4,"minecraft:gold_ingot":16,"ic2:hemp_seeds":22,"minecraft:gravel":12,"minecraft:blackstone":19,"minecraft:pointed_dripstone":19,"minecraft:beetroot_seeds":4,"minecraft:melon_seeds":2,"minecraft:chest":1,"create:brass_ingot":40,"create:depot":1,"minecraft:arrow":5,"minecraft:oak_leaves":48,"minecraft:netherrack":53,"minecraft:oak_slab":8,"minecraft:mossy_cobblestone":2,"minecraft:bookshelf":1,"minecraft:copper_ingot":301,"minecraft:stick":67,"minecraft:diorite":25,"create:blaze_burner":3,"minecraft:iron_axe":1,"minecraft:bucket":2,"minecraft:dandelion":11,"create:shaft":9,"minecraft:tuff":30,"minecraft:oak_button":12,"minecraft:iron_chestplate":2,"minecraft:andesite":10,"minecraft:mossy_stone_bricks":1,"minecraft:oak_sapling":72,"minecraft:spruce_log":99,"minecraft:stone_pickaxe":3,"minecraft:calcite":2,"create:golden_sheet":9},"minecraft:crafted":{"minecraft:lever":1,"create:item_vault":9,"minecraft:cooked_mutton":17,"minecraft:iron_bars":16,"create:vertical_gearbox":8,"create:radial_chassis":6,"create:rotation_speed_controller":1,"minecraft:glass":117,"create:andesite_funnel":26,"create:mechanical_press":2,"minecraft:stone_pressure_plate":1,"create:brass_funnel":18,"create:cogwheel":263,"create:rose_quartz":62,"minecraft:emerald":324,"minecraft:cooked_porkchop":25,"minecraft:spruce_door":3,"minecraft:copper_ingot":361,"minecraft:campfire":6,"create:encased_chain_drive":41,"create:mechanical_mixer":1,"create:gearbox":22,"create:encased_fan":8,"minecraft:iron_pickaxe":11,"minecraft:iron_block":1,"minecraft:gold_ingot":19,"create:large_cogwheel":130,"create:propeller":8,"create:wrench":1,"minecraft:iron_nugget":828,"create:white_sail":20,"create:smart_chute":3,"minecraft:bone_meal":12,"minecraft:ladder":21,"minecraft:spruce_slab":18,"minecraft:stone_pickaxe":1,"minecraft:spruce_boat":2,"create:electron_tube":32,"create:belt_connector":24,"create:windmill_bearing":1,"minecraft:wheat":450,"create:brass_tunnel":4,"minecraft:dried_kelp":246,"create:goggles":3,"minecraft:enchanted_book":1,"create:mechanical_arm":2,"minecraft:wooden_axe":1,"minecraft:iron_shovel":3,"minecraft:iron_leggings":1,"minecraft:white_bed":2,"create:shaft":616,"minecraft:oak_planks":2486,"minecraft:barrel":62,"minecraft:stone":14,"create:mechanical_bearing":1,"create:deployer":4,"minecraft:hopper":5,"minecraft:bow":1,"minecraft:iron_boots":1,"create:cart_assembler":1,"minecraft:chest":46,"create:spout":2,"minecraft:oak_button":12,"minecraft:copper_block":5,"create:brass_hand":4,"minecraft:oak_slab":126,"create:depot":14,"minecraft:arrow":64,"minecraft:cauldron":46,"minecraft:crafting_table":24,"minecraft:spruce_planks":876,"create:mechanical_saw":3,"create:fluid_pipe":196,"minecraft:wooden_pickaxe":1,"minecraft:iron_helmet":2,"create:sand_paper":5,"minecraft:iron_chestplate":1,"minecraft:paper":6,"minecraft:diamond_pickaxe":2,"create:water_wheel":9,"create:super_glue":2,"create:portable_storage_interface":2,"minecraft:stick":1194,"create:mechanical_pump":11,"minecraft:iron_ingot":180,"minecraft:shears":1,"create:empty_blaze_burner":13,"create:chute":16,"create:steam_engine":4,"minecraft:furnace":3,"minecraft:oak_trapdoor":6,"minecraft:flint_and_steel":1,"minecraft:iron_axe":4,"minecraft:spruce_wood":3,"minecraft:iron_hoe":1,"create:millstone":8,"create:fluid_tank":53,"tconstruct:sky_slime_ball":4,"create:basin":5,"create:filter":2,"minecraft:minecart":2,"minecraft:cooked_cod":17,"create:andesite_alloy":395,"minecraft:iron_sword":1,"create:large_water_wheel":9,"minecraft:cooked_salmon":7,"minecraft:bucket":9,"minecraft:stone_axe":3,"minecraft:bread":212,"minecraft:acacia_boat":1,"minecraft:air":0,"minecraft:oak_boat":3,"create:whisk":1,"create:linear_chassis":12,"create:mechanical_crafter":24,"create:mechanical_drill":10,"minecraft:acacia_planks":16,"minecraft:torch":276,"create:zinc_ingot":71},"minecraft:used":{"create:deployer":11,"minecraft:ladder":14,"minecraft:chest":74,"minecraft:stone":18,"create:fluid_tank":88,"create:white_sail":37,"create:mechanical_crafter":51,"create:depot":11,"minecraft:stripped_spruce_log":1,"minecraft:spruce_boat":1,"minecraft:lava_bucket":31,"minecraft:copper_ore":22,"create:andesite_funnel":37,"create:rotation_speed_controller":16,"minecraft:bow":3,"create:shaft":372,"iceandfire:chared_stone":8,"minecraft:oak_sapling":83,"minecraft:sweet_berries":9,"create:steam_engine":11,"minecraft:furnace":9,"minecraft:cooked_cod":17,"minecraft:egg":1,"minecraft:diorite":29,"minecraft:spruce_door":6,"minecraft:wooden_pickaxe":12,"minecraft:oak_leaves":4,"create:spout":6,"minecraft:golden_apple":6,"minecraft:sand":65,"minecraft:deepslate_iron_ore":7,"iceandfire:chared_cobblestone":11,"minecraft:diamond_sword":122,"minecraft:nether_wart_block":3,"create:basin":11,"minecraft:oak_boat":9,"minecraft:oak_trapdoor":6,"create:veridium":17,"minecraft:cooked_salmon":7,"minecraft:netherrack":708,"minecraft:torch":237,"iceandfire:copper_sword":325,"create:wrench":2449,"create:gearbox":77,"minecraft:iron_axe":630,"iceandfire:dragon_ice":1,"minecraft:smooth_basalt":6,"create:encased_chain_drive":201,"minecraft:basalt":1,"create:fluid_pipe":210,"minecraft:acacia_planks":2,"minecraft:cobbled_deepslate":31,"create:belt_connector":119,"minecraft:pointed_dripstone":45,"minecraft:calcite":5,"minecraft:wheat_seeds":253,"minecraft:water_bucket":187,"create:brass_tunnel":4,"minecraft:cauldron":49,"create:blaze_burner":22,"minecraft:mossy_cobblestone":2,"minecraft:rail":1,"create:encased_fan":10,"minecraft:crafting_table":23,"minecraft:oak_slab":5,"minecraft:white_bed":14,"minecraft:campfire":11,"minecraft:spruce_log":71,"minecraft:oak_log":173,"minecraft:diamond_pickaxe":1651,"minecraft:diamond_shovel":758,"minecraft:iron_pickaxe":4146,"create:mechanical_arm":61,"minecraft:spruce_sapling":12,"minecraft:crimson_nylium":22,"minecraft:cobblestone":748,"minecraft:cooked_porkchop":20,"minecraft:stripped_oak_log":2,"minecraft:iron_shovel":214,"create:portable_storage_interface":4,"minecraft:iron_sword":27,"create:mechanical_bearing":3,"minecraft:iron_chestplate":1,"minecraft:spruce_leaves":11,"create:cogwheel":256,"minecraft:carrot":222,"minecraft:tuff":2,"minecraft:obsidian":14,"minecraft:glass":115,"minecraft:coal_ore":4,"minecraft:spruce_wood":3,"create:millstone":9,"minecraft:deepslate_diamond_ore":1,"create:mechanical_drill":12,"minecraft:golden_boots":2,"create:crushing_wheel":2,"minecraft:stone_pickaxe":105,"minecraft:oak_planks":633,"minecraft:sugar_cane":2,"minecraft:diamond_axe":1262,"create:mechanical_saw":4,"minecraft:golden_hoe":33,"minecraft:deepslate_redstone_ore":4,"minecraft:dripstone_block":154,"minecraft:shears":7,"minecraft:lever":1,"minecraft:bread":165,"minecraft:string":1,"minecraft:deepslate":95,"create:andesite_casing":7,"minecraft:gravel":4,"minecraft:andesite":52,"create:vertical_gearbox":76,"minecraft:bone_meal":11,"minecraft:golden_pickaxe":32,"create:large_cogwheel":171,"minecraft:flint_and_steel":16,"create:item_vault":25,"minecraft:redstone":3,"minecraft:spruce_planks":361,"create:mechanical_pump":29,"minecraft:dirt":987,"create:mechanical_mixer":8,"minecraft:hopper":25,"minecraft:golden_chestplate":2,"minecraft:granite":2,"create:chute":16,"create:smart_chute":3,"minecraft:iron_hoe":38,"minecraft:dark_oak_planks":1,"minecraft:wooden_axe":7,"minecraft:iron_boots":1,"create:cart_assembler":1,"minecraft:light_gray_wool":1,"create:radial_chassis":4,"minecraft:minecart":1,"minecraft:stone_pressure_plate":1,"minecraft:iron_leggings":1,"minecraft:cooked_mutton":16,"minecraft:acacia_boat":1,"minecraft:iron_ore":9,"create:empty_blaze_burner":5,"create:brass_funnel":29,"create:linear_chassis":16,"minecraft:black_wool":1,"minecraft:apple":5,"create:mechanical_press":11,"create:windmill_bearing":2,"minecraft:cracked_polished_blackstone_bricks":2,"create:large_water_wheel":47,"minecraft:stone_axe":220,"minecraft:fishing_rod":45,"minecraft:bucket":223,"tconstruct:sky_slime_crystal_block":12},"minecraft:custom":{"minecraft:interact_with_crafting_table":421,"minecraft:bell_ring":2,"minecraft:leave_game":23,"minecraft:time_since_death":101245,"minecraft:play_time":2222478,"minecraft:deaths":37,"minecraft:jump":19727,"minecraft:interact_with_furnace":247,"minecraft:traded_with_villager":331,"minecraft:sleep_in_bed":45,"minecraft:damage_dealt":18454,"minecraft:use_cauldron":1,"minecraft:horse_one_cm":2727430,"minecraft:interact_with_anvil":3,"minecraft:inspect_hopper":80,"minecraft:sneak_time":235482,"minecraft:interact_with_blast_furnace":10,"minecraft:total_world_time":2222478,"minecraft:time_since_rest":12187,"minecraft:swim_one_cm":519138,"minecraft:fly_one_cm":3632788,"minecraft:open_chest":1691,"minecraft:fish_caught":25,"minecraft:fall_one_cm":406889,"minecraft:sprint_one_cm":2541284,"minecraft:drop":646,"minecraft:talked_to_villager":372,"minecraft:walk_on_water_one_cm":309692,"minecraft:crouch_one_cm":686729,"minecraft:mob_kills":100,"minecraft:climb_one_cm":61373,"minecraft:walk_one_cm":4742247,"minecraft:walk_under_water_one_cm":247043,"minecraft:boat_one_cm":1024937,"minecraft:damage_taken":23834,"minecraft:damage_absorbed":158,"minecraft:trigger_trapped_chest":2},"minecraft:mined":{"minecraft:dark_oak_planks":1,"minecraft:white_bed":12,"electrodynamics:deepslateoresulfur":2,"create:andesite_casing":28,"tconstruct:sky_slime_crystal_block":14,"minecraft:obsidian":3,"minecraft:granite":8,"ic2:tin_ore":13,"minecraft:acacia_log":4,"create:item_vault":1,"minecraft:hopper":17,"create:belt":6,"minecraft:spawner":2,"electrodynamics:oresilver":4,"minecraft:polished_blackstone_bricks":11,"minecraft:tall_seagrass":3,"minecraft:magma_block":3,"minecraft:cobbled_deepslate":8,"electrodynamics:oreniter":1,"minecraft:fire":24,"minecraft:pumpkin":1,"minecraft:deepslate_lapis_ore":13,"create:veridium":17,"create:mechanical_press":5,"minecraft:tripwire":1,"electrodynamics:oremonazite":14,"create:cogwheel":45,"mekanism:osmium_ore":9,"minecraft:kelp_plant":70,"minecraft:crimson_nylium":28,"minecraft:torch":20,"minecraft:melon":2,"mekanism:tin_ore":11,"minecraft:glass":22,"minecraft:sugar_cane":4,"minecraft:amethyst_block":1,"create:basin":5,"minecraft:wheat":197,"create:mechanical_mixer":4,"ic2:deepslate_silver_ore":1,"minecraft:grass":123,"minecraft:smooth_basalt":12,"minecraft:deepslate":595,"create:zinc_ore":118,"create:millstone":1,"iceandfire:silver_ore":4,"minecraft:mossy_cobblestone":6,"minecraft:nether_bricks":24,"minecraft:dark_oak_fence":22,"minecraft:crimson_roots":2,"minecraft:redstone_wire":3,"minecraft:kelp":37,"minecraft:redstone_ore":3,"create:shaft":31,"electrodynamics:orelead":4,"minecraft:andesite":966,"minecraft:rail":2,"electrodynamics:orealuminum":9,"minecraft:oak_slab":2,"minecraft:dandelion":5,"create:fluid_pipe":8,"create:mechanical_pump":2,"minecraft:emerald_ore":8,"minecraft:campfire":11,"minecraft:tall_grass":35,"minecraft:copper_ore":154,"minecraft:deepslate_gold_ore":60,"minecraft:diorite":35,"minecraft:warped_wart_block":1,"create:water_wheel_structure":1,"create:gearbox":20,"electrodynamics:oresylvite":2,"minecraft:spruce_log":441,"minecraft:birch_leaves":3,"minecraft:dripstone_block":182,"minecraft:gravel":10,"mekanism:deepslate_fluorite_ore":13,"mekanism:deepslate_uranium_ore":1,"minecraft:stone_bricks":3,"minecraft:gold_ore":7,"minecraft:fern":1,"tconstruct:sky_congealed_slime":16,"create:deepslate_zinc_ore":76,"minecraft:spruce_planks":33,"minecraft:oak_sapling":4,"minecraft:sculk_vein":1,"minecraft:grass_block":312,"minecraft:cracked_polished_blackstone_bricks":9,"minecraft:soul_soil":2,"electrodynamics:oretin":14,"minecraft:glowstone":23,"minecraft:iron_ore":179,"create:asurine":4,"minecraft:pointed_dripstone":16,"electrodynamics:deepslateoreniter":21,"electrodynamics:orelepidolite":2,"iceandfire:chared_cobblestone":44,"minecraft:deepslate_redstone_ore":101,"ic2:rubber_leaves":4,"minecraft:blackstone":21,"minecraft:melon_stem":2,"minecraft:calcite":12,"minecraft:chest":34,"minecraft:nether_quartz_ore":101,"minecraft:cobblestone":119,"minecraft:oak_planks":35,"minecraft:wall_torch":12,"minecraft:cauldron":1,"electrodynamics:orehalite":27,"minecraft:deepslate_copper_ore":12,"create:large_water_wheel":1,"minecraft:seagrass":5,"minecraft:nether_wart_block":3,"minecraft:oak_log":658,"minecraft:sand":255,"minecraft:dirt":686,"minecraft:netherrack":1194,"minecraft:oak_leaves":275,"iceandfire:chared_stone":51,"create:brass_funnel":3,"minecraft:nether_gold_ore":20,"minecraft:crying_obsidian":1,"minecraft:tuff":49,"minecraft:deepslate_diamond_ore":24,"electrodynamics:oremolybdenum":3,"mekanism:deepslate_osmium_ore":4,"minecraft:lever":1,"create:large_cogwheel":35,"create:ochrum":1,"minecraft:spruce_leaves":88,"iceandfire:dragon_ice":1,"minecraft:large_fern":3,"minecraft:hay_block":49,"minecraft:furnace":7,"minecraft:carrots":44,"minecraft:stripped_spruce_log":1,"minecraft:gold_block":6,"minecraft:nether_brick_fence":2,"minecraft:deepslate_iron_ore":80,"minecraft:stripped_oak_log":3,"minecraft:stone":679,"mekanism:deepslate_lead_ore":6,"electrodynamics:deepslateorevanadinite":4,"minecraft:basalt":134,"minecraft:spruce_door":5,"minecraft:oak_fence":2,"minecraft:crafting_table":12,"minecraft:lapis_ore":12,"minecraft:sculk":1,"minecraft:sweet_berry_bush":4,"minecraft:black_wool":1,"minecraft:coal_ore":307,"minecraft:cracked_stone_bricks":2,"minecraft:mossy_stone_bricks":1},"minecraft:picked_up":{"minecraft:iron_chestplate":5,"iceandfire:copper_sword":16,"mekanism:raw_uranium":1,"create:spout":1,"minecraft:diamond_sword":9,"create:wrench":4,"minecraft:enchanted_book":4,"minecraft:string":9,"minecraft:soul_soil":5,"electrodynamics:raworetin":18,"minecraft:pufferfish":2,"minecraft:diamond_leggings":7,"minecraft:cobbled_deepslate":401,"minecraft:gold_nugget":107,"minecraft:spruce_planks":66,"minecraft:melon_slice":20,"mekanism:tin_ore":2,"minecraft:acacia_log":4,"create:andesite_casing":72,"iceandfire:silver_ore":12,"minecraft:golden_chestplate":3,"mekanism:raw_tin":20,"minecraft:cauldron":1,"electrodynamics:oremonazite":50,"create:ochrum":1,"minecraft:iron_block":1,"minecraft:glowstone":10,"minecraft:blaze_rod":1,"minecraft:birch_log":4,"minecraft:magma_block":3,"minecraft:water_bucket":9,"minecraft:flint":389,"create:encased_chain_drive":2,"create:mechanical_drill":2,"mekanism:deepslate_lead_ore":2,"create:goggles":4,"create:shaft":144,"minecraft:diamond_helmet":5,"minecraft:glowstone_dust":25,"minecraft:warped_wart_block":1,"create:empty_blaze_burner":3,"minecraft:stripped_spruce_log":1,"iceandfire:chared_cobblestone":69,"minecraft:iron_hoe":1,"minecraft:deepslate":622,"minecraft:lever":1,"minecraft:deepslate_gold_ore":12,"electrodynamics:orelepidolite":2,"minecraft:granite":7,"electrodynamics:crystalhalite":291,"minecraft:bread":410,"minecraft:dark_oak_fence":27,"minecraft:crimson_roots":3,"electrodynamics:raworevanadinite":8,"minecraft:diamond_pickaxe":7,"create:copper_sheet":55,"minecraft:spruce_leaves":11,"minecraft:crafting_table":15,"minecraft:clay_ball":3,"minecraft:golden_pickaxe":2,"tconstruct:materials_and_you":3,"create:fluid_pipe":68,"minecraft:flint_and_steel":7,"minecraft:iron_shovel":2,"create:deepslate_zinc_ore":15,"minecraft:cracked_stone_bricks":4,"create:brass_funnel":4,"minecraft:deepslate_diamond_ore":5,"minecraft:beef":5,"minecraft:iron_nugget":312,"ic2:hemp_seeds":41,"minecraft:spruce_slab":7,"minecraft:minecart":1,"minecraft:chest":34,"minecraft:egg":12,"minecraft:copper_ore":40,"minecraft:stone":390,"minecraft:fire_charge":2,"minecraft:carrot":220,"minecraft:redstone":475,"create:brass_casing":2,"create:steam_engine":5,"create:vertical_gearbox":19,"tconstruct:sky_slime_ball":60,"minecraft:cooked_cod":2,"minecraft:diamond_chestplate":4,"minecraft:beetroot_seeds":2,"minecraft:shears":2,"minecraft:diamond_boots":5,"minecraft:hay_block":120,"create:depot":4,"minecraft:gold_ingot":32,"minecraft:mutton":31,"minecraft:white_wool":32,"minecraft:rail":2,"minecraft:stripped_oak_log":3,"minecraft:birch_leaves":2,"create:iron_sheet":12,"mekanism:raw_lead":5,"minecraft:tripwire_hook":4,"minecraft:oak_log":874,"minecraft:golden_boots":20,"tconstruct:sky_slime_crystal_block":24,"create:crushing_wheel":6,"minecraft:stone_bricks":3,"minecraft:apple":23,"minecraft:kelp":246,"minecraft:stone_pickaxe":8,"minecraft:iron_ore":17,"minecraft:iron_sword":3,"iceandfire:chared_stone":121,"minecraft:smooth_basalt":6,"ic2:wiki_item":4,"minecraft:sweet_berries":9,"minecraft:gravel":59,"minecraft:spruce_sapling":20,"minecraft:spruce_log":475,"minecraft:crying_obsidian":1,"electrodynamics:dustniter":45,"create:gearbox":117,"create:millstone":2,"minecraft:coal_ore":6,"minecraft:stone_axe":6,"electrodynamics:oretin":2,"create:mechanical_pump":10,"minecraft:diamond_axe":7,"minecraft:deepslate_redstone_ore":4,"create:portable_storage_interface":1,"minecraft:melon_seeds":2,"minecraft:crimson_nylium":22,"minecraft:hopper":19,"minecraft:ender_pearl":1,"minecraft:wheat":188,"minecraft:nether_brick_fence":2,"minecraft:raw_copper":533,"minecraft:deepslate_lapis_ore":2,"minecraft:iron_leggings":4,"create:andesite_funnel":3,"create:mechanical_press":5,"minecraft:bucket":8,"minecraft:calcite":12,"minecraft:iron_pickaxe":26,"minecraft:deepslate_iron_ore":7,"minecraft:furnace":8,"minecraft:iron_boots":3,"minecraft:stick":240,"create:mechanical_mixer":4,"minecraft:oak_fence":1,"minecraft:torch":488,"minecraft:porkchop":41,"minecraft:dried_kelp":59,"minecraft:pointed_dripstone":106,"minecraft:diorite":121,"create:large_cogwheel":118,"minecraft:nether_gold_ore":12,"minecraft:rotten_flesh":24,"create:asurine":8,"create:veridium":17,"minecraft:obsidian":4,"minecraft:cod":21,"minecraft:cobblestone":2279,"create:fluid_tank":32,"minecraft:andesite":1994,"create:belt_connector":11,"minecraft:tuff":72,"create:raw_zinc":200,"minecraft:lapis_lazuli":222,"minecraft:dirt":1106,"electrodynamics:oresilver":4,"minecraft:glass":25,"minecraft:bone":67,"electrodynamics:crystalpotassiumchloride":4,"minecraft:bow":1,"minecraft:wheat_seeds":1030,"minecraft:raw_gold":72,"minecraft:bell":1,"tconstruct:sky_congealed_slime":1,"minecraft:mossy_stone_bricks":1,"minecraft:oak_planks":584,"tconstruct:necrotic_bone":2,"minecraft:cooked_porkchop":13,"create:cogwheel":209,"minecraft:sand":370,"minecraft:mossy_cobblestone":10,"minecraft:diamond":46,"create:filter":2,"minecraft:spruce_boat":1,"iceandfire:dragon_ice":1,"minecraft:cracked_polished_blackstone_bricks":8,"minecraft:crossbow":11,"minecraft:golden_apple":7,"minecraft:emerald":29,"iceandfire:silver_nugget":10,"minecraft:oak_sapling":98,"minecraft:netherrack":1162,"minecraft:oak_leaves":82,"minecraft:fishing_rod":3,"minecraft:charcoal":24,"mekanism:deepslate_osmium_ore":4,"minecraft:ladder":7,"electrodynamics:orealuminum":12,"minecraft:wooden_pickaxe":1,"create:rotation_speed_controller":8,"minecraft:gold_block":10,"minecraft:diamond_horse_armor":1,"minecraft:chain":1,"minecraft:iron_axe":4,"create:chute":20,"minecraft:blackstone":20,"minecraft:oak_boat":7,"electrodynamics:oremolybdenum":15,"create:basin":7,"minecraft:light_gray_wool":2,"minecraft:sugar_cane":8,"minecraft:phantom_membrane":4,"create:linear_chassis":1,"minecraft:raw_iron":266,"create:golden_sheet":4,"minecraft:copper_ingot":146,"minecraft:bowl":1,"minecraft:polished_blackstone_bricks":10,"create:zinc_ingot":14,"minecraft:dark_oak_planks":2,"iceandfire:silver_ingot":2,"minecraft:arrow":54,"minecraft:nether_bricks":34,"minecraft:saddle":1,"minecraft:basalt":132,"minecraft:salmon":10,"minecraft:leather":11,"create:andesite_alloy":171,"minecraft:nether_wart_block":3,"minecraft:gunpowder":5,"create:blaze_burner":16,"create:item_vault":1,"minecraft:cooked_mutton":19,"minecraft:iron_ingot":282,"minecraft:sculk_catalyst":1,"electrodynamics:raworelead":4,"minecraft:oak_slab":14,"create:mechanical_bearing":2,"create:large_water_wheel":10,"minecraft:pumpkin":1,"ic2:raw_tin":90,"minecraft:quartz":141,"minecraft:dandelion":22,"minecraft:dripstone_block":194,"minecraft:lava_bucket":2,"minecraft:white_bed":13,"create:brass_tunnel":1,"minecraft:spruce_door":11,"mekanism:raw_osmium":11,"minecraft:spider_eye":4,"create:brass_ingot":18,"minecraft:campfire":5,"mekanism:fluorite_gem":40,"minecraft:iron_helmet":10,"minecraft:black_wool":4,"minecraft:coal":507},"minecraft:killed":{"minecraft:skeleton":17,"minecraft:donkey":1,"minecraft:zombie":19,"minecraft:cow":4,"iceandfire:ghost":2,"minecraft:spider":8,"minecraft:piglin":1,"minecraft:pig":12,"minecraft:zombie_villager":2,"minecraft:creeper":3,"minecraft:sheep":13,"minecraft:blaze":4,"minecraft:phantom":7,"minecraft:wither_skeleton":1},"minecraft:broken":{"minecraft:iron_axe":2,"minecraft:iron_pickaxe":8,"minecraft:golden_hoe":1,"minecraft:golden_pickaxe":1,"create:sand_paper":4},"minecraft:killed_by":{"minecraft:piglin_brute":1,"minecraft:pillager":1,"minecraft:warden":1,"iceandfire:cyclops":2,"minecraft:creeper":6,"minecraft:piglin":1,"iceandfire:ice_dragon":1,"iceandfire:fire_dragon":15,"minecraft:skeleton":3}},"DataVersion":3120}