{"stats":{"minecraft:killed_by":{"iceandfire:cyclops":2,"minecraft:creeper":3,"minecraft:pillager":1,"iceandfire:fire_dragon":15,"minecraft:skeleton":2},"minecraft:killed":{"minecraft:spider":4,"minecraft:skeleton":7,"minecraft:pig":4,"minecraft:zombie_villager":2,"minecraft:creeper":2,"minecraft:sheep":13,"minecraft:zombie":10,"minecraft:cow":2,"iceandfire:ghost":1},"minecraft:custom":{"minecraft:interact_with_crafting_table":82,"minecraft:leave_game":4,"minecraft:time_since_death":12632,"minecraft:sprint_one_cm":707716,"minecraft:drop":102,"minecraft:play_time":401005,"minecraft:deaths":26,"minecraft:jump":4832,"minecraft:walk_on_water_one_cm":80953,"minecraft:interact_with_furnace":73,"minecraft:sleep_in_bed":3,"minecraft:damage_dealt":7281,"minecraft:crouch_one_cm":147762,"minecraft:mob_kills":48,"minecraft:inspect_hopper":14,"minecraft:climb_one_cm":20209,"minecraft:walk_one_cm":734425,"minecraft:sneak_time":53134,"minecraft:walk_under_water_one_cm":77292,"minecraft:boat_one_cm":554139,"minecraft:total_world_time":401005,"minecraft:time_since_rest":7562,"minecraft:damage_taken":11299,"minecraft:trigger_trapped_chest":1,"minecraft:swim_one_cm":232109,"minecraft:fly_one_cm":1330529,"minecraft:open_chest":146,"minecraft:fish_caught":6,"minecraft:fall_one_cm":122278},"minecraft:used":{"minecraft:iron_shovel":206,"minecraft:ladder":9,"minecraft:chest":10,"minecraft:iron_sword":17,"minecraft:iron_chestplate":1,"create:fluid_tank":5,"create:cogwheel":19,"minecraft:spruce_boat":1,"minecraft:spruce_wood":3,"iceandfire:chared_stone":8,"create:shaft":14,"minecraft:sweet_berries":9,"create:steam_engine":1,"minecraft:furnace":5,"minecraft:oak_sapling":65,"minecraft:cooked_cod":4,"minecraft:golden_boots":2,"minecraft:diorite":24,"minecraft:spruce_door":6,"minecraft:stone_pickaxe":105,"minecraft:oak_planks":247,"minecraft:wooden_pickaxe":12,"minecraft:sand":43,"minecraft:bread":52,"minecraft:string":1,"create:andesite_casing":6,"minecraft:gravel":2,"iceandfire:chared_cobblestone":11,"create:basin":3,"minecraft:andesite":27,"minecraft:oak_boat":4,"create:vertical_gearbox":2,"minecraft:golden_pickaxe":32,"create:large_cogwheel":15,"minecraft:flint_and_steel":8,"minecraft:spruce_planks":70,"minecraft:cooked_salmon":3,"minecraft:torch":71,"create:mechanical_pump":2,"minecraft:dirt":78,"create:mechanical_mixer":2,"minecraft:hopper":4,"iceandfire:copper_sword":263,"minecraft:golden_chestplate":1,"create:wrench":5,"create:gearbox":4,"minecraft:iron_axe":377,"minecraft:light_gray_wool":1,"create:fluid_pipe":19,"create:belt_connector":4,"minecraft:iron_leggings":1,"minecraft:calcite":4,"minecraft:cooked_mutton":16,"minecraft:water_bucket":32,"minecraft:mossy_cobblestone":2,"minecraft:crafting_table":9,"minecraft:campfire":4,"minecraft:white_bed":3,"minecraft:spruce_log":2,"minecraft:oak_log":19,"minecraft:black_wool":1,"minecraft:apple":2,"create:mechanical_press":1,"minecraft:iron_pickaxe":1138,"minecraft:spruce_sapling":2,"create:large_water_wheel":4,"minecraft:stone_axe":219,"minecraft:fishing_rod":16,"minecraft:cobblestone":256,"minecraft:bucket":35,"tconstruct:sky_slime_crystal_block":12},"minecraft:picked_up":{"minecraft:iron_chestplate":2,"iceandfire:copper_sword":16,"minecraft:string":9,"minecraft:raw_copper":125,"electrodynamics:raworetin":18,"minecraft:iron_leggings":3,"minecraft:gold_nugget":64,"minecraft:cobbled_deepslate":32,"minecraft:bucket":2,"minecraft:spruce_planks":16,"minecraft:calcite":8,"minecraft:iron_pickaxe":15,"minecraft:iron_boots":1,"minecraft:furnace":4,"minecraft:stick":78,"create:mechanical_mixer":1,"minecraft:oak_fence":1,"minecraft:torch":398,"create:andesite_casing":48,"iceandfire:silver_ore":12,"minecraft:porkchop":24,"minecraft:pointed_dripstone":6,"minecraft:diorite":115,"minecraft:golden_chestplate":1,"mekanism:raw_tin":20,"create:large_cogwheel":16,"minecraft:rotten_flesh":17,"electrodynamics:oremonazite":48,"minecraft:cobblestone":1014,"minecraft:cod":8,"minecraft:birch_log":4,"minecraft:water_bucket":8,"minecraft:andesite":997,"create:belt_connector":1,"minecraft:flint":4,"create:raw_zinc":56,"minecraft:lapis_lazuli":80,"minecraft:dirt":169,"minecraft:glass":18,"minecraft:bone":18,"electrodynamics:crystalpotassiumchloride":4,"minecraft:wheat_seeds":7,"create:shaft":26,"minecraft:mossy_stone_bricks":1,"minecraft:oak_planks":113,"minecraft:cooked_porkchop":11,"create:cogwheel":22,"minecraft:sand":364,"minecraft:mossy_cobblestone":6,"iceandfire:chared_cobblestone":69,"minecraft:spruce_boat":1,"minecraft:crossbow":11,"electrodynamics:crystalhalite":291,"minecraft:bread":405,"minecraft:emerald":11,"minecraft:oak_sapling":65,"minecraft:dark_oak_fence":27,"electrodynamics:raworevanadinite":8,"create:copper_sheet":29,"minecraft:fishing_rod":2,"minecraft:crafting_table":7,"electrodynamics:orealuminum":12,"minecraft:golden_pickaxe":2,"tconstruct:materials_and_you":3,"minecraft:wooden_pickaxe":1,"create:fluid_pipe":33,"minecraft:iron_axe":3,"minecraft:flint_and_steel":6,"minecraft:iron_shovel":2,"minecraft:beef":1,"minecraft:oak_boat":3,"electrodynamics:oremolybdenum":15,"create:basin":2,"minecraft:light_gray_wool":2,"minecraft:iron_nugget":56,"ic2:hemp_seeds":22,"minecraft:chest":2,"minecraft:egg":8,"minecraft:raw_iron":146,"create:golden_sheet":1,"minecraft:copper_ingot":101,"minecraft:fire_charge":2,"create:vertical_gearbox":2,"minecraft:arrow":27,"minecraft:cooked_cod":2,"minecraft:hay_block":105,"minecraft:gold_ingot":30,"minecraft:mutton":31,"minecraft:white_wool":21,"minecraft:stripped_oak_log":1,"create:iron_sheet":6,"minecraft:tripwire_hook":4,"minecraft:salmon":6,"minecraft:leather":6,"minecraft:oak_log":300,"create:andesite_alloy":64,"minecraft:golden_boots":19,"minecraft:gunpowder":3,"tconstruct:sky_slime_crystal_block":24,"minecraft:cooked_mutton":19,"minecraft:apple":10,"minecraft:stone_bricks":3,"minecraft:kelp":27,"minecraft:iron_ingot":142,"minecraft:stone_pickaxe":8,"minecraft:iron_sword":1,"electrodynamics:raworelead":4,"iceandfire:chared_stone":121,"create:mechanical_bearing":2,"create:large_water_wheel":3,"minecraft:sweet_berries":9,"minecraft:pumpkin":1,"ic2:wiki_item":4,"ic2:raw_tin":90,"minecraft:gravel":2,"minecraft:dripstone_block":28,"minecraft:spruce_sapling":2,"minecraft:white_bed":3,"minecraft:spruce_log":65,"minecraft:spider_eye":4,"electrodynamics:dustniter":45,"minecraft:spruce_door":11,"create:gearbox":1,"minecraft:stone_axe":6,"create:mechanical_pump":6,"minecraft:iron_helmet":10,"mekanism:fluorite_gem":6,"minecraft:black_wool":4,"minecraft:coal":294,"minecraft:hopper":5},"minecraft:mined":{"minecraft:spruce_planks":13,"minecraft:white_bed":2,"create:andesite_casing":22,"tconstruct:sky_slime_crystal_block":13,"minecraft:granite":2,"ic2:tin_ore":13,"minecraft:grass_block":16,"electrodynamics:oretin":12,"minecraft:hopper":3,"create:belt":1,"minecraft:tall_seagrass":2,"minecraft:iron_ore":118,"electrodynamics:oreniter":1,"minecraft:fire":2,"minecraft:pumpkin":1,"minecraft:pointed_dripstone":2,"electrodynamics:deepslateoreniter":21,"minecraft:tripwire":1,"iceandfire:chared_cobblestone":44,"electrodynamics:oremonazite":12,"create:cogwheel":12,"ic2:rubber_leaves":4,"minecraft:kelp_plant":34,"minecraft:torch":1,"minecraft:calcite":6,"minecraft:chest":2,"mekanism:tin_ore":10,"minecraft:cobblestone":37,"minecraft:oak_planks":3,"minecraft:wall_torch":1,"electrodynamics:orehalite":27,"create:large_water_wheel":1,"minecraft:seagrass":5,"create:basin":2,"create:mechanical_mixer":1,"minecraft:grass":61,"minecraft:oak_log":262,"minecraft:sand":249,"minecraft:dirt":35,"minecraft:oak_leaves":121,"minecraft:deepslate":34,"iceandfire:chared_stone":51,"create:zinc_ore":34,"iceandfire:silver_ore":4,"minecraft:mossy_cobblestone":2,"electrodynamics:oremolybdenum":3,"minecraft:dark_oak_fence":22,"create:large_cogwheel":11,"minecraft:spruce_leaves":19,"minecraft:kelp":28,"minecraft:large_fern":3,"minecraft:hay_block":34,"create:shaft":4,"minecraft:furnace":3,"electrodynamics:orelead":4,"minecraft:andesite":298,"minecraft:deepslate_iron_ore":4,"minecraft:stripped_oak_log":1,"minecraft:stone":292,"electrodynamics:orealuminum":9,"electrodynamics:deepslateorevanadinite":4,"minecraft:spruce_door":5,"minecraft:dandelion":2,"minecraft:oak_fence":2,"minecraft:crafting_table":6,"create:fluid_pipe":3,"minecraft:emerald_ore":8,"minecraft:tall_grass":18,"minecraft:copper_ore":36,"minecraft:lapis_ore":4,"minecraft:diorite":28,"create:water_wheel_structure":1,"create:gearbox":3,"electrodynamics:oresylvite":2,"minecraft:sweet_berry_bush":4,"minecraft:spruce_log":27,"minecraft:birch_leaves":1,"minecraft:black_wool":1,"minecraft:coal_ore":103,"minecraft:gravel":5,"mekanism:deepslate_fluorite_ore":2,"minecraft:stone_bricks":3,"minecraft:mossy_stone_bricks":1,"minecraft:fern":1},"minecraft:crafted":{"minecraft:oak_planks":638,"minecraft:barrel":13,"create:mechanical_bearing":1,"minecraft:cooked_mutton":17,"create:vertical_gearbox":1,"minecraft:glass":11,"minecraft:hopper":2,"minecraft:iron_boots":1,"create:mechanical_press":1,"minecraft:chest":10,"minecraft:copper_block":1,"create:cogwheel":33,"minecraft:oak_slab":108,"minecraft:cooked_porkchop":8,"minecraft:crafting_table":5,"minecraft:spruce_planks":92,"create:fluid_pipe":68,"minecraft:wooden_pickaxe":1,"minecraft:iron_helmet":1,"minecraft:spruce_door":3,"minecraft:copper_ingot":123,"minecraft:campfire":4,"create:mechanical_mixer":1,"create:gearbox":2,"minecraft:iron_chestplate":1,"create:water_wheel":2,"minecraft:stick":64,"create:mechanical_pump":5,"minecraft:iron_ingot":99,"minecraft:iron_pickaxe":5,"minecraft:iron_block":1,"minecraft:gold_ingot":1,"create:large_cogwheel":20,"create:wrench":1,"create:steam_engine":1,"minecraft:iron_nugget":90,"minecraft:furnace":2,"minecraft:iron_axe":2,"minecraft:spruce_wood":3,"minecraft:ladder":9,"minecraft:stone_pickaxe":1,"create:fluid_tank":8,"minecraft:spruce_boat":2,"create:basin":1,"create:belt_connector":4,"minecraft:wheat":315,"minecraft:cooked_cod":4,"create:andesite_alloy":70,"minecraft:dried_kelp":27,"create:goggles":2,"create:large_water_wheel":2,"minecraft:cooked_salmon":3,"minecraft:bucket":3,"minecraft:stone_axe":2,"minecraft:bread":107,"minecraft:air":0,"minecraft:oak_boat":2,"create:whisk":1,"minecraft:iron_shovel":1,"minecraft:iron_leggings":1,"minecraft:white_bed":1,"create:shaft":96,"minecraft:torch":168,"create:zinc_ingot":10},"minecraft:broken":{"minecraft:iron_pickaxe":3,"minecraft:golden_pickaxe":1},"minecraft:dropped":{"minecraft:iron_sword":1,"minecraft:crossbow":7,"minecraft:dirt":1,"minecraft:iron_pickaxe":2,"minecraft:white_wool":2,"minecraft:gold_ingot":10,"minecraft:bone":5,"ic2:hemp_seeds":12,"minecraft:stone_axe":1,"minecraft:rotten_flesh":1,"minecraft:beef":1,"minecraft:golden_boots":1,"minecraft:iron_ingot":9,"minecraft:mossy_cobblestone":2,"minecraft:dripstone_block":15,"minecraft:oak_fence":1,"minecraft:iron_helmet":1,"minecraft:cobblestone":210,"minecraft:copper_ingot":68,"minecraft:diorite":25,"minecraft:pumpkin":1,"minecraft:string":3,"minecraft:spruce_planks":2,"minecraft:andesite":3,"minecraft:mossy_stone_bricks":1,"minecraft:stone_bricks":1,"minecraft:spider_eye":4,"minecraft:stone_pickaxe":3}},"DataVersion":3120}