{"stats":{"minecraft:killed":{"minecraft:spider":2,"minecraft:skeleton":1,"minecraft:pig":3,"minecraft:zombie_villager":1,"minecraft:sheep":5,"iceandfire:ghost":1,"minecraft:cow":2},"minecraft:killed_by":{"iceandfire:cyclops":2,"minecraft:creeper":1,"minecraft:pillager":1,"iceandfire:fire_dragon":3},"minecraft:dropped":{"minecraft:golden_boots":1,"minecraft:iron_sword":1,"minecraft:dripstone_block":5,"minecraft:cobblestone":72,"minecraft:oak_fence":1,"minecraft:iron_helmet":1,"minecraft:diorite":24,"minecraft:string":3,"minecraft:white_wool":2,"minecraft:bone":4,"ic2:hemp_seeds":4,"minecraft:stone_axe":1,"minecraft:rotten_flesh":1,"minecraft:spruce_planks":2,"minecraft:andesite":3,"minecraft:mossy_stone_bricks":1,"minecraft:stone_bricks":1,"minecraft:spider_eye":4,"minecraft:stone_pickaxe":1,"minecraft:beef":1},"minecraft:crafted":{"minecraft:oak_planks":128,"minecraft:furnace":1,"minecraft:cooked_mutton":11,"minecraft:iron_axe":1,"minecraft:spruce_wood":3,"minecraft:stone_pickaxe":1,"minecraft:chest":2,"minecraft:spruce_boat":2,"minecraft:wheat":189,"minecraft:cooked_cod":4,"minecraft:cooked_porkchop":8,"minecraft:crafting_table":2,"minecraft:spruce_planks":92,"minecraft:wooden_pickaxe":1,"minecraft:spruce_door":3,"minecraft:cooked_salmon":3,"minecraft:bucket":2,"minecraft:stone_axe":1,"minecraft:bread":65,"minecraft:air":0,"minecraft:stick":24,"minecraft:iron_ingot":1,"minecraft:iron_pickaxe":2,"minecraft:torch":116},"minecraft:broken":{"minecraft:iron_pickaxe":1},"minecraft:custom":{"minecraft:mob_kills":15,"minecraft:interact_with_crafting_table":17,"minecraft:leave_game":1,"minecraft:time_since_death":443,"minecraft:sprint_one_cm":193382,"minecraft:walk_one_cm":176450,"minecraft:drop":29,"minecraft:play_time":97496,"minecraft:deaths":7,"minecraft:sneak_time":18354,"minecraft:walk_under_water_one_cm":20380,"minecraft:boat_one_cm":210553,"minecraft:jump":1385,"minecraft:walk_on_water_one_cm":18031,"minecraft:total_world_time":97496,"minecraft:interact_with_furnace":17,"minecraft:time_since_rest":530,"minecraft:damage_taken":3196,"minecraft:trigger_trapped_chest":1,"minecraft:damage_dealt":2129,"minecraft:fly_one_cm":266713,"minecraft:swim_one_cm":103404,"minecraft:open_chest":44,"minecraft:crouch_one_cm":46377,"minecraft:fish_caught":6,"minecraft:fall_one_cm":38602},"minecraft:mined":{"create:zinc_ore":12,"minecraft:spruce_planks":12,"iceandfire:silver_ore":4,"electrodynamics:oremolybdenum":3,"minecraft:granite":2,"minecraft:dark_oak_fence":22,"ic2:tin_ore":13,"minecraft:grass_block":7,"electrodynamics:oretin":12,"minecraft:spruce_leaves":19,"minecraft:large_fern":3,"minecraft:hay_block":34,"minecraft:furnace":1,"electrodynamics:orelead":4,"minecraft:iron_ore":11,"electrodynamics:oreniter":1,"minecraft:andesite":2,"minecraft:pointed_dripstone":2,"minecraft:deepslate_iron_ore":4,"minecraft:stripped_oak_log":1,"electrodynamics:deepslateoreniter":21,"electrodynamics:orealuminum":9,"minecraft:stone":163,"iceandfire:chared_cobblestone":33,"electrodynamics:oremonazite":12,"electrodynamics:deepslateorevanadinite":4,"ic2:rubber_leaves":4,"minecraft:spruce_door":5,"minecraft:oak_fence":2,"minecraft:crafting_table":3,"minecraft:emerald_ore":7,"mekanism:tin_ore":10,"minecraft:cobblestone":4,"minecraft:tall_grass":5,"minecraft:lapis_ore":2,"minecraft:oak_planks":1,"minecraft:diorite":28,"electrodynamics:orehalite":27,"electrodynamics:oresylvite":2,"minecraft:sweet_berry_bush":4,"minecraft:spruce_log":27,"minecraft:birch_leaves":1,"minecraft:grass":23,"minecraft:oak_log":92,"minecraft:coal_ore":73,"mekanism:deepslate_fluorite_ore":2,"minecraft:gravel":5,"minecraft:stone_bricks":3,"minecraft:mossy_stone_bricks":1,"minecraft:deepslate":34,"minecraft:oak_leaves":38,"minecraft:fern":1,"iceandfire:chared_stone":35},"minecraft:used":{"minecraft:spruce_planks":69,"minecraft:chest":2,"minecraft:iron_sword":17,"minecraft:cooked_salmon":3,"minecraft:torch":21,"minecraft:dirt":5,"iceandfire:copper_sword":61,"minecraft:spruce_boat":1,"minecraft:spruce_wood":3,"minecraft:iron_axe":144,"minecraft:light_gray_wool":1,"iceandfire:chared_stone":2,"minecraft:sweet_berries":9,"minecraft:furnace":2,"minecraft:oak_sapling":12,"minecraft:cooked_cod":4,"minecraft:cooked_mutton":7,"minecraft:water_bucket":1,"minecraft:spruce_door":6,"minecraft:stone_pickaxe":105,"minecraft:oak_planks":88,"minecraft:wooden_pickaxe":12,"minecraft:crafting_table":4,"minecraft:spruce_log":2,"minecraft:bread":4,"minecraft:iron_pickaxe":428,"minecraft:spruce_sapling":2,"minecraft:gravel":2,"minecraft:stone_axe":123,"minecraft:fishing_rod":16,"minecraft:cobblestone":19,"minecraft:bucket":3},"minecraft:picked_up":{"minecraft:fishing_rod":2,"minecraft:crafting_table":4,"iceandfire:copper_sword":6,"electrodynamics:orealuminum":12,"tconstruct:materials_and_you":3,"minecraft:wooden_pickaxe":1,"minecraft:string":3,"electrodynamics:raworetin":18,"minecraft:flint_and_steel":4,"minecraft:iron_leggings":1,"minecraft:gold_nugget":22,"minecraft:cobbled_deepslate":32,"minecraft:spruce_planks":12,"minecraft:beef":1,"electrodynamics:oremolybdenum":9,"ic2:hemp_seeds":4,"minecraft:iron_pickaxe":3,"minecraft:light_gray_wool":1,"minecraft:furnace":2,"minecraft:stick":45,"minecraft:raw_iron":24,"minecraft:copper_ingot":12,"minecraft:oak_fence":1,"minecraft:torch":104,"iceandfire:silver_ore":12,"minecraft:fire_charge":2,"minecraft:porkchop":24,"minecraft:pointed_dripstone":4,"minecraft:diorite":51,"mekanism:raw_tin":20,"electrodynamics:oremonazite":24,"minecraft:arrow":6,"minecraft:cooked_cod":2,"minecraft:rotten_flesh":1,"minecraft:hay_block":105,"minecraft:gold_ingot":24,"minecraft:mutton":25,"minecraft:cobblestone":326,"minecraft:cod":8,"minecraft:white_wool":6,"minecraft:stripped_oak_log":1,"minecraft:water_bucket":3,"minecraft:tripwire_hook":4,"minecraft:andesite":5,"minecraft:salmon":6,"minecraft:leather":6,"create:raw_zinc":24,"minecraft:oak_log":92,"minecraft:golden_boots":8,"minecraft:lapis_lazuli":26,"minecraft:dirt":12,"minecraft:cooked_mutton":4,"minecraft:bone":6,"electrodynamics:crystalpotassiumchloride":4,"minecraft:apple":3,"minecraft:stone_bricks":3,"minecraft:iron_ingot":44,"minecraft:stone_pickaxe":6,"minecraft:mossy_stone_bricks":1,"minecraft:oak_planks":15,"minecraft:iron_sword":1,"electrodynamics:raworelead":4,"iceandfire:chared_stone":60,"minecraft:cooked_porkchop":8,"ic2:wiki_item":4,"minecraft:sweet_berries":9,"ic2:raw_tin":90,"minecraft:dripstone_block":10,"minecraft:gravel":2,"minecraft:spruce_sapling":2,"minecraft:spruce_log":65,"electrodynamics:dustniter":45,"minecraft:spider_eye":4,"minecraft:spruce_door":11,"iceandfire:chared_cobblestone":58,"minecraft:stone_axe":4,"minecraft:spruce_boat":1,"minecraft:iron_helmet":5,"mekanism:fluorite_gem":6,"minecraft:crossbow":3,"electrodynamics:crystalhalite":138,"minecraft:bread":130,"minecraft:emerald":10,"minecraft:oak_sapling":12,"minecraft:dark_oak_fence":27,"minecraft:coal":185,"electrodynamics:raworevanadinite":8}},"DataVersion":3120}