{"stats":{"minecraft:crafted":{"minecraft:oak_planks":1530,"minecraft:barrel":54,"create:item_vault":3,"create:mechanical_bearing":1,"create:deployer":1,"minecraft:cooked_mutton":17,"minecraft:iron_bars":16,"create:vertical_gearbox":8,"minecraft:glass":115,"minecraft:hopper":2,"minecraft:iron_boots":1,"create:mechanical_press":1,"minecraft:stone_pressure_plate":1,"minecraft:chest":21,"minecraft:oak_button":12,"minecraft:copper_block":2,"create:brass_funnel":6,"create:cogwheel":104,"create:brass_hand":1,"create:depot":6,"minecraft:oak_slab":108,"create:rose_quartz":14,"minecraft:emerald":30,"minecraft:cooked_porkchop":25,"minecraft:crafting_table":20,"minecraft:spruce_planks":372,"create:fluid_pipe":100,"minecraft:wooden_pickaxe":1,"minecraft:iron_helmet":2,"minecraft:spruce_door":3,"minecraft:copper_ingot":315,"create:sand_paper":3,"minecraft:campfire":6,"create:encased_chain_drive":25,"create:mechanical_mixer":1,"create:gearbox":10,"create:encased_fan":6,"minecraft:iron_chestplate":1,"minecraft:paper":6,"minecraft:diamond_pickaxe":2,"create:water_wheel":3,"minecraft:stick":1162,"create:mechanical_pump":8,"minecraft:iron_ingot":171,"minecraft:iron_pickaxe":11,"minecraft:iron_block":1,"minecraft:gold_ingot":1,"create:large_cogwheel":57,"create:propeller":6,"create:empty_blaze_burner":5,"create:wrench":1,"create:steam_engine":2,"minecraft:iron_nugget":432,"minecraft:furnace":3,"minecraft:bone_meal":6,"minecraft:oak_trapdoor":6,"minecraft:flint_and_steel":1,"minecraft:iron_axe":4,"minecraft:spruce_wood":3,"minecraft:ladder":9,"minecraft:spruce_slab":18,"minecraft:iron_hoe":1,"minecraft:stone_pickaxe":1,"create:fluid_tank":43,"minecraft:spruce_boat":2,"create:basin":1,"create:electron_tube":14,"create:belt_connector":15,"minecraft:wheat":450,"minecraft:cooked_cod":17,"create:andesite_alloy":237,"create:brass_tunnel":4,"minecraft:dried_kelp":97,"minecraft:iron_sword":1,"create:goggles":2,"create:large_water_wheel":3,"minecraft:cooked_salmon":7,"minecraft:bucket":6,"minecraft:stone_axe":3,"minecraft:acacia_boat":1,"minecraft:bread":173,"minecraft:air":0,"minecraft:oak_boat":3,"create:whisk":1,"create:mechanical_crafter":24,"minecraft:wooden_axe":1,"minecraft:iron_shovel":3,"minecraft:iron_leggings":1,"minecraft:white_bed":2,"create:mechanical_drill":2,"create:shaft":296,"minecraft:torch":228,"minecraft:acacia_planks":16,"create:zinc_ingot":71},"minecraft:picked_up":{"minecraft:iron_chestplate":3,"minecraft:wheat":67,"iceandfire:copper_sword":16,"mekanism:raw_uranium":1,"minecraft:enchanted_book":4,"minecraft:string":9,"minecraft:raw_copper":504,"minecraft:deepslate_lapis_ore":2,"electrodynamics:raworetin":18,"minecraft:iron_leggings":4,"minecraft:pufferfish":2,"minecraft:diamond_leggings":2,"minecraft:gold_nugget":107,"create:mechanical_press":5,"minecraft:cobbled_deepslate":109,"minecraft:bucket":6,"minecraft:spruce_planks":16,"minecraft:calcite":12,"minecraft:iron_pickaxe":23,"minecraft:melon_slice":20,"minecraft:deepslate_iron_ore":7,"minecraft:iron_boots":3,"minecraft:furnace":8,"minecraft:stick":89,"create:mechanical_mixer":4,"minecraft:oak_fence":1,"mekanism:tin_ore":1,"minecraft:torch":414,"minecraft:acacia_log":4,"create:andesite_casing":60,"iceandfire:silver_ore":12,"minecraft:porkchop":41,"minecraft:pointed_dripstone":6,"minecraft:diorite":121,"minecraft:golden_chestplate":3,"mekanism:raw_tin":20,"create:large_cogwheel":39,"minecraft:nether_gold_ore":12,"electrodynamics:oremonazite":50,"minecraft:rotten_flesh":19,"minecraft:glowstone":10,"create:veridium":17,"minecraft:obsidian":4,"minecraft:cod":21,"minecraft:cobblestone":1634,"minecraft:birch_log":4,"minecraft:magma_block":3,"minecraft:water_bucket":9,"minecraft:andesite":1309,"create:belt_connector":4,"minecraft:flint":259,"minecraft:tuff":6,"create:raw_zinc":176,"minecraft:lapis_lazuli":166,"minecraft:dirt":967,"electrodynamics:oresilver":4,"minecraft:glass":24,"minecraft:bone":58,"electrodynamics:crystalpotassiumchloride":4,"minecraft:wheat_seeds":355,"minecraft:raw_gold":33,"minecraft:bell":1,"create:shaft":61,"minecraft:mossy_stone_bricks":1,"minecraft:diamond_helmet":2,"minecraft:glowstone_dust":25,"minecraft:oak_planks":147,"minecraft:cooked_porkchop":13,"create:cogwheel":75,"minecraft:warped_wart_block":1,"create:empty_blaze_burner":3,"minecraft:sand":370,"minecraft:stripped_spruce_log":1,"minecraft:mossy_cobblestone":10,"iceandfire:chared_cobblestone":69,"minecraft:diamond":10,"minecraft:deepslate":72,"minecraft:spruce_boat":1,"minecraft:deepslate_gold_ore":12,"electrodynamics:orelepidolite":2,"iceandfire:dragon_ice":1,"minecraft:cracked_polished_blackstone_bricks":4,"minecraft:crossbow":11,"minecraft:granite":5,"electrodynamics:crystalhalite":291,"minecraft:golden_apple":3,"minecraft:emerald":29,"minecraft:bread":410,"minecraft:oak_sapling":79,"minecraft:netherrack":1084,"minecraft:dark_oak_fence":27,"iceandfire:silver_nugget":10,"minecraft:oak_leaves":75,"minecraft:crimson_roots":3,"electrodynamics:raworevanadinite":8,"minecraft:diamond_pickaxe":2,"minecraft:spruce_leaves":11,"create:copper_sheet":37,"minecraft:fishing_rod":2,"minecraft:charcoal":2,"minecraft:crafting_table":12,"minecraft:golden_pickaxe":2,"electrodynamics:orealuminum":12,"tconstruct:materials_and_you":3,"minecraft:wooden_pickaxe":1,"minecraft:gold_block":10,"minecraft:diamond_horse_armor":1,"minecraft:chain":1,"create:fluid_pipe":37,"minecraft:iron_axe":4,"minecraft:flint_and_steel":7,"minecraft:iron_shovel":2,"create:deepslate_zinc_ore":15,"minecraft:blackstone":20,"minecraft:cracked_stone_bricks":4,"create:brass_funnel":3,"minecraft:deepslate_diamond_ore":5,"minecraft:beef":5,"minecraft:oak_boat":7,"electrodynamics:oremolybdenum":15,"create:basin":5,"minecraft:iron_nugget":200,"ic2:hemp_seeds":30,"minecraft:light_gray_wool":2,"minecraft:sugar_cane":8,"minecraft:chest":13,"minecraft:phantom_membrane":2,"minecraft:egg":12,"minecraft:copper_ore":40,"minecraft:raw_iron":266,"minecraft:stone":225,"create:golden_sheet":3,"minecraft:copper_ingot":108,"minecraft:bowl":1,"minecraft:fire_charge":2,"minecraft:polished_blackstone_bricks":6,"minecraft:carrot":4,"minecraft:redstone":91,"create:zinc_ingot":5,"create:vertical_gearbox":14,"minecraft:dark_oak_planks":2,"iceandfire:silver_ingot":2,"minecraft:arrow":45,"minecraft:cooked_cod":2,"minecraft:beetroot_seeds":2,"minecraft:diamond_boots":3,"minecraft:hay_block":120,"minecraft:saddle":1,"minecraft:gold_ingot":32,"minecraft:mutton":31,"minecraft:white_wool":21,"minecraft:rail":1,"minecraft:stripped_oak_log":3,"create:iron_sheet":8,"minecraft:birch_leaves":2,"minecraft:basalt":130,"mekanism:raw_lead":5,"minecraft:tripwire_hook":4,"minecraft:salmon":10,"minecraft:leather":11,"minecraft:oak_log":731,"create:andesite_alloy":124,"minecraft:golden_boots":20,"minecraft:nether_wart_block":3,"minecraft:gunpowder":5,"create:blaze_burner":3,"tconstruct:sky_slime_crystal_block":24,"create:item_vault":1,"minecraft:cooked_mutton":19,"create:crushing_wheel":2,"minecraft:apple":23,"minecraft:stone_bricks":3,"minecraft:kelp":246,"minecraft:iron_ingot":175,"minecraft:stone_pickaxe":8,"minecraft:iron_ore":17,"minecraft:iron_sword":3,"electrodynamics:raworelead":4,"minecraft:oak_slab":2,"iceandfire:chared_stone":121,"create:mechanical_bearing":2,"minecraft:smooth_basalt":6,"create:large_water_wheel":3,"ic2:wiki_item":4,"minecraft:pumpkin":1,"minecraft:sweet_berries":9,"ic2:raw_tin":90,"minecraft:quartz":131,"minecraft:dandelion":12,"minecraft:dripstone_block":28,"minecraft:gravel":43,"minecraft:spruce_sapling":15,"minecraft:white_bed":9,"minecraft:spruce_log":390,"create:brass_tunnel":1,"minecraft:crying_obsidian":1,"electrodynamics:dustniter":45,"mekanism:raw_osmium":11,"minecraft:spruce_door":11,"minecraft:spider_eye":4,"create:gearbox":5,"minecraft:coal_ore":4,"create:brass_ingot":10,"minecraft:campfire":5,"minecraft:stone_axe":6,"create:mechanical_pump":8,"electrodynamics:oretin":2,"minecraft:iron_helmet":10,"minecraft:diamond_axe":4,"mekanism:fluorite_gem":40,"minecraft:deepslate_redstone_ore":4,"minecraft:melon_seeds":2,"minecraft:black_wool":4,"minecraft:crimson_nylium":22,"minecraft:coal":506,"minecraft:hopper":11},"minecraft:used":{"create:deployer":5,"minecraft:iron_shovel":214,"minecraft:ladder":9,"minecraft:chest":30,"minecraft:stone":11,"minecraft:iron_sword":27,"minecraft:iron_chestplate":1,"minecraft:spruce_leaves":11,"create:fluid_tank":37,"create:cogwheel":165,"create:mechanical_crafter":34,"minecraft:carrot":6,"create:depot":3,"minecraft:tuff":2,"minecraft:obsidian":14,"minecraft:stripped_spruce_log":1,"minecraft:glass":98,"minecraft:spruce_boat":1,"minecraft:lava_bucket":2,"minecraft:coal_ore":4,"minecraft:spruce_wood":3,"minecraft:copper_ore":18,"minecraft:deepslate_diamond_ore":1,"create:rotation_speed_controller":6,"create:shaft":204,"iceandfire:chared_stone":8,"minecraft:oak_sapling":65,"minecraft:sweet_berries":9,"create:mechanical_drill":2,"create:steam_engine":2,"minecraft:furnace":9,"minecraft:cooked_cod":17,"minecraft:egg":1,"minecraft:golden_boots":2,"minecraft:diorite":29,"minecraft:spruce_door":6,"create:crushing_wheel":2,"minecraft:oak_planks":264,"minecraft:stone_pickaxe":105,"minecraft:wooden_pickaxe":12,"minecraft:sugar_cane":2,"minecraft:diamond_axe":902,"minecraft:oak_leaves":3,"minecraft:golden_apple":2,"minecraft:sand":65,"minecraft:golden_hoe":33,"minecraft:deepslate_redstone_ore":4,"minecraft:string":1,"minecraft:deepslate_iron_ore":7,"minecraft:bread":126,"create:andesite_casing":7,"minecraft:deepslate":36,"minecraft:gravel":3,"iceandfire:chared_cobblestone":11,"minecraft:nether_wart_block":3,"minecraft:andesite":35,"create:basin":6,"create:large_cogwheel":103,"create:vertical_gearbox":45,"minecraft:golden_pickaxe":32,"minecraft:oak_trapdoor":6,"minecraft:oak_boat":9,"minecraft:bone_meal":6,"minecraft:flint_and_steel":16,"create:item_vault":8,"minecraft:redstone":2,"create:veridium":17,"minecraft:spruce_planks":70,"minecraft:cooked_salmon":7,"minecraft:netherrack":705,"minecraft:torch":179,"minecraft:dirt":654,"create:mechanical_pump":11,"create:mechanical_mixer":6,"iceandfire:copper_sword":325,"minecraft:hopper":14,"minecraft:golden_chestplate":2,"minecraft:granite":2,"minecraft:iron_hoe":38,"minecraft:dark_oak_planks":1,"minecraft:wooden_axe":7,"create:gearbox":37,"create:wrench":851,"minecraft:iron_axe":630,"minecraft:iron_boots":1,"iceandfire:dragon_ice":1,"minecraft:smooth_basalt":6,"minecraft:light_gray_wool":1,"create:encased_chain_drive":59,"create:fluid_pipe":57,"minecraft:stone_pressure_plate":1,"minecraft:cobbled_deepslate":26,"minecraft:acacia_planks":2,"create:belt_connector":59,"minecraft:iron_leggings":1,"minecraft:calcite":5,"minecraft:cooked_mutton":16,"minecraft:wheat_seeds":138,"minecraft:acacia_boat":1,"minecraft:water_bucket":164,"minecraft:iron_ore":9,"create:brass_tunnel":4,"create:blaze_burner":9,"minecraft:mossy_cobblestone":2,"create:encased_fan":8,"create:brass_funnel":15,"minecraft:crafting_table":18,"minecraft:oak_slab":4,"minecraft:white_bed":10,"minecraft:campfire":10,"minecraft:spruce_log":47,"minecraft:black_wool":1,"minecraft:diamond_pickaxe":598,"minecraft:oak_log":80,"minecraft:apple":4,"minecraft:diamond_shovel":747,"create:mechanical_press":9,"minecraft:iron_pickaxe":3836,"minecraft:spruce_sapling":12,"create:large_water_wheel":28,"minecraft:crimson_nylium":22,"minecraft:stone_axe":220,"minecraft:fishing_rod":45,"minecraft:cobblestone":715,"minecraft:bucket":173,"minecraft:cooked_porkchop":18,"tconstruct:sky_slime_crystal_block":12,"minecraft:stripped_oak_log":2},"minecraft:broken":{"minecraft:golden_hoe":1,"minecraft:iron_axe":2,"minecraft:iron_pickaxe":8,"minecraft:golden_pickaxe":1,"create:sand_paper":1},"minecraft:dropped":{"minecraft:iron_sword":1,"minecraft:diamond_axe":2,"minecraft:oak_log":1,"minecraft:cooked_porkchop":1,"minecraft:crossbow":7,"create:cogwheel":12,"minecraft:leather":1,"minecraft:flint":72,"minecraft:dirt":17,"minecraft:crimson_roots":3,"create:large_cogwheel":2,"minecraft:sand":2,"minecraft:polished_blackstone_bricks":3,"minecraft:iron_pickaxe":2,"minecraft:white_wool":2,"minecraft:gold_ingot":15,"minecraft:bone":9,"ic2:hemp_seeds":14,"minecraft:gravel":8,"minecraft:stone_axe":1,"minecraft:blackstone":19,"minecraft:iron_nugget":4,"minecraft:cobbled_deepslate":1,"minecraft:rotten_flesh":1,"minecraft:oak_planks":2,"minecraft:beetroot_seeds":4,"minecraft:melon_seeds":2,"create:brass_ingot":23,"create:depot":1,"minecraft:arrow":3,"minecraft:glass":1,"minecraft:beef":2,"minecraft:oak_leaves":48,"minecraft:netherrack":43,"minecraft:iron_ingot":149,"minecraft:golden_boots":2,"minecraft:birch_leaves":1,"minecraft:wheat_seeds":104,"minecraft:mossy_cobblestone":2,"minecraft:dripstone_block":15,"minecraft:oak_fence":1,"minecraft:iron_helmet":1,"minecraft:cobblestone":423,"minecraft:apple":6,"minecraft:granite":1,"minecraft:copper_ingot":217,"minecraft:stick":67,"minecraft:pufferfish":1,"minecraft:diorite":25,"create:blaze_burner":3,"minecraft:pumpkin":1,"minecraft:iron_axe":1,"minecraft:paper":1,"minecraft:string":3,"minecraft:bucket":1,"minecraft:dandelion":1,"create:shaft":8,"minecraft:pumpkin_seeds":2,"minecraft:oak_button":12,"minecraft:spruce_planks":2,"create:zinc_ingot":54,"minecraft:andesite":8,"minecraft:mossy_stone_bricks":1,"minecraft:oak_sapling":2,"minecraft:spider_eye":4,"minecraft:stone_bricks":1,"minecraft:spruce_log":99,"minecraft:stone_pickaxe":3,"minecraft:calcite":2,"create:golden_sheet":4},"minecraft:killed_by":{"iceandfire:cyclops":2,"minecraft:creeper":5,"minecraft:pillager":1,"iceandfire:ice_dragon":1,"iceandfire:fire_dragon":15,"minecraft:skeleton":2},"minecraft:killed":{"minecraft:spider":8,"minecraft:skeleton":13,"minecraft:pig":12,"minecraft:zombie_villager":2,"minecraft:creeper":2,"minecraft:sheep":13,"minecraft:zombie":16,"minecraft:donkey":1,"minecraft:cow":4,"minecraft:phantom":5,"iceandfire:ghost":2},"minecraft:custom":{"minecraft:interact_with_crafting_table":279,"minecraft:bell_ring":2,"minecraft:leave_game":12,"minecraft:time_since_death":534148,"minecraft:sprint_one_cm":1757267,"minecraft:drop":395,"minecraft:talked_to_villager":77,"minecraft:play_time":1329316,"minecraft:deaths":31,"minecraft:jump":12525,"minecraft:walk_on_water_one_cm":215718,"minecraft:interact_with_furnace":204,"minecraft:traded_with_villager":31,"minecraft:sleep_in_bed":24,"minecraft:damage_dealt":14226,"minecraft:crouch_one_cm":486558,"minecraft:horse_one_cm":2727430,"minecraft:mob_kills":83,"minecraft:inspect_hopper":67,"minecraft:climb_one_cm":48989,"minecraft:walk_one_cm":2647819,"minecraft:sneak_time":172970,"minecraft:walk_under_water_one_cm":179059,"minecraft:boat_one_cm":1024937,"minecraft:interact_with_blast_furnace":3,"minecraft:total_world_time":1329316,"minecraft:time_since_rest":15492,"minecraft:damage_taken":17423,"minecraft:damage_absorbed":40,"minecraft:trigger_trapped_chest":2,"minecraft:swim_one_cm":398616,"minecraft:fly_one_cm":2607139,"minecraft:open_chest":726,"minecraft:fish_caught":25,"minecraft:fall_one_cm":271712},"minecraft:mined":{"minecraft:dark_oak_planks":1,"create:deepslate_zinc_ore":51,"minecraft:spruce_planks":13,"minecraft:white_bed":8,"electrodynamics:deepslateoresulfur":2,"create:andesite_casing":28,"tconstruct:sky_slime_crystal_block":14,"minecraft:obsidian":2,"minecraft:granite":7,"ic2:tin_ore":13,"minecraft:acacia_log":4,"minecraft:grass_block":311,"minecraft:cracked_polished_blackstone_bricks":5,"electrodynamics:oretin":14,"create:item_vault":1,"create:belt":4,"minecraft:hopper":9,"minecraft:spawner":2,"electrodynamics:oresilver":4,"minecraft:polished_blackstone_bricks":9,"minecraft:tall_seagrass":3,"minecraft:magma_block":3,"minecraft:glowstone":23,"minecraft:iron_ore":179,"electrodynamics:oreniter":1,"minecraft:fire":6,"minecraft:pumpkin":1,"minecraft:deepslate_lapis_ore":7,"minecraft:pointed_dripstone":2,"electrodynamics:deepslateoreniter":21,"electrodynamics:orelepidolite":2,"create:veridium":17,"create:mechanical_press":5,"iceandfire:chared_cobblestone":44,"minecraft:tripwire":1,"electrodynamics:oremonazite":14,"minecraft:deepslate_redstone_ore":24,"create:cogwheel":45,"mekanism:osmium_ore":9,"ic2:rubber_leaves":4,"minecraft:blackstone":21,"minecraft:kelp_plant":70,"minecraft:melon_stem":2,"minecraft:crimson_nylium":28,"minecraft:torch":7,"minecraft:calcite":12,"minecraft:melon":2,"minecraft:chest":13,"mekanism:tin_ore":11,"minecraft:glass":12,"minecraft:nether_quartz_ore":92,"minecraft:cobblestone":88,"minecraft:oak_planks":9,"minecraft:sugar_cane":4,"minecraft:wall_torch":8,"minecraft:amethyst_block":1,"electrodynamics:orehalite":27,"minecraft:deepslate_copper_ore":12,"create:large_water_wheel":1,"create:basin":5,"minecraft:seagrass":5,"minecraft:nether_wart_block":3,"minecraft:wheat":70,"create:mechanical_mixer":4,"ic2:deepslate_silver_ore":1,"minecraft:grass":121,"minecraft:oak_log":597,"minecraft:sand":255,"minecraft:dirt":543,"minecraft:smooth_basalt":12,"minecraft:deepslate":241,"create:zinc_ore":118,"minecraft:netherrack":1129,"minecraft:nether_gold_ore":20,"iceandfire:chared_stone":51,"minecraft:oak_leaves":263,"create:brass_funnel":2,"minecraft:crying_obsidian":1,"minecraft:tuff":15,"iceandfire:silver_ore":4,"minecraft:mossy_cobblestone":6,"minecraft:deepslate_diamond_ore":12,"electrodynamics:oremolybdenum":3,"mekanism:deepslate_osmium_ore":2,"minecraft:dark_oak_fence":22,"create:large_cogwheel":35,"minecraft:crimson_roots":2,"minecraft:redstone_wire":2,"minecraft:spruce_leaves":81,"iceandfire:dragon_ice":1,"minecraft:kelp":37,"minecraft:large_fern":3,"minecraft:hay_block":49,"create:shaft":29,"minecraft:furnace":7,"electrodynamics:orelead":4,"minecraft:andesite":610,"minecraft:stripped_spruce_log":1,"minecraft:gold_block":6,"minecraft:deepslate_iron_ore":80,"minecraft:rail":1,"minecraft:stripped_oak_log":3,"minecraft:stone":590,"electrodynamics:orealuminum":9,"mekanism:deepslate_lead_ore":5,"minecraft:oak_slab":1,"electrodynamics:deepslateorevanadinite":4,"minecraft:basalt":132,"minecraft:dandelion":5,"minecraft:spruce_door":5,"minecraft:oak_fence":2,"minecraft:crafting_table":10,"create:fluid_pipe":7,"create:mechanical_pump":2,"minecraft:emerald_ore":8,"minecraft:campfire":6,"minecraft:copper_ore":150,"minecraft:tall_grass":35,"minecraft:lapis_ore":10,"minecraft:deepslate_gold_ore":45,"minecraft:diorite":35,"minecraft:warped_wart_block":1,"create:water_wheel_structure":1,"create:gearbox":20,"electrodynamics:oresylvite":2,"minecraft:sweet_berry_bush":4,"minecraft:spruce_log":356,"minecraft:birch_leaves":3,"minecraft:black_wool":1,"minecraft:coal_ore":306,"mekanism:deepslate_fluorite_ore":13,"minecraft:gravel":8,"mekanism:deepslate_uranium_ore":1,"minecraft:cracked_stone_bricks":2,"minecraft:stone_bricks":3,"minecraft:mossy_stone_bricks":1,"minecraft:fern":1}},"DataVersion":3120}