{"stats":{"minecraft:crafted":{"minecraft:crafting_table":1,"minecraft:spruce_wood":3,"minecraft:spruce_planks":28,"minecraft:stick":8,"minecraft:wooden_pickaxe":1,"minecraft:stone_pickaxe":1,"minecraft:spruce_door":3,"minecraft:spruce_boat":2,"minecraft:stone_axe":1,"minecraft:bread":2},"minecraft:used":{"minecraft:spruce_boat":1,"minecraft:spruce_door":3,"minecraft:spruce_wood":3,"minecraft:stone_pickaxe":3,"minecraft:wooden_pickaxe":12,"minecraft:spruce_sapling":2,"minecraft:stone_axe":37,"minecraft:dirt":1,"minecraft:sweet_berries":8,"minecraft:crafting_table":2,"minecraft:spruce_log":2},"minecraft:custom":{"minecraft:time_since_rest":11171,"minecraft:sprint_one_cm":45556,"minecraft:damage_taken":401,"minecraft:walk_one_cm":23903,"minecraft:damage_dealt":66,"minecraft:swim_one_cm":61496,"minecraft:interact_with_crafting_table":6,"minecraft:fly_one_cm":37021,"minecraft:open_chest":22,"minecraft:crouch_one_cm":1015,"minecraft:play_time":17184,"minecraft:deaths":1,"minecraft:sneak_time":532,"minecraft:walk_under_water_one_cm":11432,"minecraft:boat_one_cm":58313,"minecraft:jump":196,"minecraft:walk_on_water_one_cm":6820,"minecraft:time_since_death":11144,"minecraft:total_world_time":17184,"minecraft:fall_one_cm":5535},"minecraft:mined":{"minecraft:large_fern":3,"minecraft:sweet_berry_bush":4,"minecraft:spruce_log":27,"minecraft:spruce_door":2,"minecraft:crafting_table":2,"minecraft:dark_oak_fence":22,"minecraft:grass_block":2,"minecraft:gravel":4,"minecraft:spruce_leaves":15,"minecraft:stone":13,"minecraft:mossy_stone_bricks":1,"minecraft:fern":1},"minecraft:picked_up":{"minecraft:stick":12,"minecraft:crafting_table":2,"ic2:wiki_item":1,"minecraft:sweet_berries":9,"tconstruct:materials_and_you":1,"minecraft:wooden_pickaxe":1,"minecraft:gravel":1,"minecraft:spruce_sapling":2,"minecraft:spruce_log":46,"minecraft:spruce_door":2,"minecraft:dirt":3,"minecraft:stone_axe":1,"minecraft:stone_pickaxe":1,"minecraft:mossy_stone_bricks":1,"minecraft:dark_oak_fence":27,"minecraft:cobblestone":13},"minecraft:killed_by":{"minecraft:pillager":1}},"DataVersion":3120}