{"stats":{"minecraft:killed_by":{"iceandfire:cyclops":2,"minecraft:creeper":3,"minecraft:pillager":1,"minecraft:skeleton":1,"iceandfire:fire_dragon":15},"minecraft:killed":{"minecraft:spider":4,"minecraft:skeleton":7,"minecraft:pig":4,"minecraft:zombie_villager":2,"minecraft:creeper":2,"minecraft:sheep":13,"minecraft:zombie":10,"iceandfire:ghost":1,"minecraft:cow":2},"minecraft:custom":{"minecraft:mob_kills":47,"minecraft:inspect_hopper":10,"minecraft:interact_with_crafting_table":56,"minecraft:leave_game":4,"minecraft:time_since_death":16481,"minecraft:climb_one_cm":14258,"minecraft:sprint_one_cm":604807,"minecraft:walk_one_cm":594717,"minecraft:drop":90,"minecraft:play_time":323005,"minecraft:sneak_time":43493,"minecraft:deaths":24,"minecraft:walk_under_water_one_cm":67212,"minecraft:boat_one_cm":554139,"minecraft:jump":4017,"minecraft:walk_on_water_one_cm":67723,"minecraft:total_world_time":323005,"minecraft:interact_with_furnace":62,"minecraft:sleep_in_bed":1,"minecraft:time_since_rest":16515,"minecraft:damage_taken":10538,"minecraft:trigger_trapped_chest":1,"minecraft:damage_dealt":7078,"minecraft:swim_one_cm":224767,"minecraft:fly_one_cm":1222156,"minecraft:open_chest":102,"minecraft:crouch_one_cm":122980,"minecraft:fall_one_cm":105283,"minecraft:fish_caught":6},"minecraft:used":{"minecraft:flint_and_steel":8,"minecraft:ladder":9,"minecraft:chest":5,"minecraft:spruce_planks":70,"minecraft:iron_sword":17,"minecraft:cooked_salmon":3,"minecraft:torch":67,"minecraft:dirt":53,"create:mechanical_mixer":1,"iceandfire:copper_sword":246,"minecraft:hopper":2,"create:cogwheel":9,"minecraft:golden_chestplate":1,"minecraft:spruce_boat":1,"create:gearbox":1,"minecraft:spruce_wood":3,"minecraft:iron_axe":369,"minecraft:light_gray_wool":1,"minecraft:sweet_berries":9,"iceandfire:chared_stone":8,"create:shaft":9,"minecraft:oak_sapling":65,"minecraft:furnace":5,"minecraft:cooked_cod":4,"create:belt_connector":4,"minecraft:golden_boots":2,"minecraft:cooked_mutton":16,"minecraft:water_bucket":26,"minecraft:diorite":24,"minecraft:spruce_door":6,"minecraft:stone_pickaxe":105,"minecraft:oak_planks":247,"minecraft:wooden_pickaxe":12,"minecraft:sand":32,"minecraft:crafting_table":8,"minecraft:white_bed":1,"minecraft:spruce_log":2,"minecraft:oak_log":19,"minecraft:apple":2,"create:mechanical_press":1,"minecraft:string":1,"minecraft:iron_pickaxe":977,"minecraft:bread":42,"minecraft:gravel":2,"minecraft:spruce_sapling":2,"create:andesite_casing":6,"create:large_water_wheel":2,"iceandfire:chared_cobblestone":11,"minecraft:stone_axe":219,"minecraft:fishing_rod":16,"create:basin":2,"minecraft:cobblestone":167,"minecraft:andesite":3,"minecraft:bucket":28,"minecraft:oak_boat":4,"minecraft:golden_pickaxe":32,"create:large_cogwheel":8},"minecraft:picked_up":{"create:copper_sheet":6,"minecraft:fishing_rod":2,"minecraft:crafting_table":7,"iceandfire:copper_sword":14,"minecraft:golden_pickaxe":2,"electrodynamics:orealuminum":12,"tconstruct:materials_and_you":3,"minecraft:wooden_pickaxe":1,"minecraft:string":7,"minecraft:raw_copper":117,"minecraft:iron_axe":1,"electrodynamics:raworetin":18,"minecraft:flint_and_steel":6,"minecraft:iron_leggings":1,"minecraft:gold_nugget":64,"minecraft:cobbled_deepslate":32,"minecraft:bucket":1,"create:basin":1,"minecraft:spruce_planks":16,"minecraft:beef":1,"minecraft:oak_boat":3,"electrodynamics:oremolybdenum":15,"minecraft:iron_nugget":56,"ic2:hemp_seeds":22,"minecraft:iron_pickaxe":13,"minecraft:light_gray_wool":2,"minecraft:chest":2,"minecraft:furnace":4,"minecraft:egg":8,"minecraft:stick":78,"minecraft:raw_iron":137,"minecraft:copper_ingot":74,"minecraft:oak_fence":1,"minecraft:torch":357,"create:andesite_casing":32,"iceandfire:silver_ore":12,"minecraft:fire_charge":2,"minecraft:porkchop":24,"minecraft:pointed_dripstone":6,"minecraft:diorite":115,"minecraft:golden_chestplate":1,"mekanism:raw_tin":20,"create:large_cogwheel":10,"minecraft:arrow":25,"electrodynamics:oremonazite":48,"minecraft:rotten_flesh":17,"minecraft:cooked_cod":2,"minecraft:hay_block":105,"minecraft:gold_ingot":30,"minecraft:mutton":31,"minecraft:cod":8,"minecraft:white_wool":13,"minecraft:cobblestone":860,"minecraft:stripped_oak_log":1,"minecraft:birch_log":4,"minecraft:salmon":6,"minecraft:tripwire_hook":4,"minecraft:water_bucket":7,"minecraft:andesite":893,"minecraft:leather":6,"create:belt_connector":1,"minecraft:flint":4,"create:raw_zinc":56,"minecraft:oak_log":280,"create:andesite_alloy":42,"minecraft:golden_boots":19,"minecraft:gunpowder":3,"minecraft:lapis_lazuli":80,"minecraft:dirt":121,"minecraft:cooked_mutton":19,"minecraft:bone":17,"minecraft:apple":9,"electrodynamics:crystalpotassiumchloride":4,"minecraft:stone_bricks":3,"minecraft:kelp":27,"minecraft:wheat_seeds":7,"minecraft:iron_ingot":111,"minecraft:stone_pickaxe":8,"create:shaft":3,"minecraft:mossy_stone_bricks":1,"minecraft:iron_sword":1,"minecraft:oak_planks":91,"electrodynamics:raworelead":4,"iceandfire:chared_stone":121,"create:large_water_wheel":1,"ic2:wiki_item":4,"minecraft:cooked_porkchop":11,"minecraft:pumpkin":1,"minecraft:sweet_berries":9,"create:cogwheel":8,"ic2:raw_tin":90,"minecraft:dripstone_block":28,"minecraft:gravel":2,"minecraft:sand":53,"minecraft:spruce_sapling":2,"minecraft:spruce_log":65,"electrodynamics:dustniter":45,"minecraft:spruce_door":11,"minecraft:spider_eye":4,"iceandfire:chared_cobblestone":69,"minecraft:spruce_boat":1,"minecraft:stone_axe":6,"minecraft:iron_helmet":8,"mekanism:fluorite_gem":6,"minecraft:crossbow":11,"electrodynamics:crystalhalite":291,"minecraft:emerald":11,"minecraft:bread":350,"minecraft:oak_sapling":65,"minecraft:black_wool":1,"minecraft:dark_oak_fence":27,"minecraft:coal":294,"minecraft:hopper":1,"electrodynamics:raworevanadinite":8},"minecraft:mined":{"create:zinc_ore":34,"minecraft:spruce_planks":13,"iceandfire:silver_ore":4,"electrodynamics:oremolybdenum":3,"create:andesite_casing":22,"ic2:tin_ore":13,"minecraft:dark_oak_fence":22,"minecraft:granite":2,"minecraft:grass_block":12,"create:large_cogwheel":5,"electrodynamics:oretin":12,"minecraft:spruce_leaves":19,"minecraft:kelp":28,"create:belt":1,"minecraft:hopper":1,"minecraft:large_fern":3,"minecraft:hay_block":34,"minecraft:tall_seagrass":2,"create:shaft":2,"minecraft:furnace":3,"electrodynamics:orelead":4,"minecraft:iron_ore":115,"electrodynamics:oreniter":1,"minecraft:fire":2,"minecraft:andesite":298,"minecraft:pumpkin":1,"minecraft:pointed_dripstone":2,"minecraft:deepslate_iron_ore":4,"minecraft:stripped_oak_log":1,"electrodynamics:deepslateoreniter":21,"minecraft:stone":191,"electrodynamics:orealuminum":9,"minecraft:tripwire":1,"iceandfire:chared_cobblestone":44,"electrodynamics:oremonazite":12,"create:cogwheel":5,"ic2:rubber_leaves":4,"electrodynamics:deepslateorevanadinite":4,"minecraft:kelp_plant":34,"minecraft:dandelion":1,"minecraft:spruce_door":5,"minecraft:oak_fence":2,"minecraft:crafting_table":6,"minecraft:torch":1,"minecraft:emerald_ore":8,"minecraft:chest":2,"mekanism:tin_ore":10,"minecraft:copper_ore":34,"minecraft:tall_grass":15,"minecraft:cobblestone":22,"minecraft:lapis_ore":4,"minecraft:oak_planks":3,"minecraft:diorite":28,"create:basin":1,"electrodynamics:orehalite":27,"create:large_water_wheel":1,"minecraft:seagrass":5,"electrodynamics:oresylvite":2,"minecraft:sweet_berry_bush":4,"minecraft:spruce_log":27,"minecraft:birch_leaves":1,"minecraft:grass":59,"minecraft:coal_ore":103,"minecraft:oak_log":262,"minecraft:gravel":5,"minecraft:sand":63,"mekanism:deepslate_fluorite_ore":2,"minecraft:dirt":12,"minecraft:stone_bricks":3,"minecraft:mossy_stone_bricks":1,"minecraft:deepslate":34,"minecraft:oak_leaves":113,"minecraft:fern":1,"iceandfire:chared_stone":51},"minecraft:crafted":{"minecraft:oak_planks":392,"minecraft:iron_nugget":90,"minecraft:furnace":2,"minecraft:cooked_mutton":17,"minecraft:hopper":1,"minecraft:iron_boots":1,"create:mechanical_press":1,"minecraft:iron_axe":2,"minecraft:spruce_wood":3,"minecraft:ladder":9,"minecraft:stone_pickaxe":1,"minecraft:chest":4,"minecraft:spruce_boat":2,"create:basin":1,"create:cogwheel":10,"create:belt_connector":4,"minecraft:wheat":315,"minecraft:cooked_cod":4,"minecraft:oak_slab":12,"create:andesite_alloy":70,"minecraft:cooked_porkchop":8,"minecraft:crafting_table":5,"minecraft:spruce_planks":92,"create:fluid_pipe":40,"minecraft:dried_kelp":27,"minecraft:wooden_pickaxe":1,"minecraft:iron_helmet":1,"minecraft:spruce_door":3,"create:large_water_wheel":1,"minecraft:cooked_salmon":3,"minecraft:copper_ingot":115,"minecraft:bucket":3,"minecraft:stone_axe":2,"create:mechanical_mixer":1,"minecraft:bread":107,"minecraft:air":0,"create:gearbox":1,"minecraft:oak_boat":2,"create:whisk":1,"minecraft:iron_chestplate":1,"create:water_wheel":1,"minecraft:stick":52,"minecraft:iron_ingot":99,"minecraft:iron_pickaxe":5,"minecraft:iron_block":1,"minecraft:iron_leggings":1,"minecraft:iron_shovel":1,"create:large_cogwheel":11,"minecraft:white_bed":1,"create:shaft":48,"minecraft:torch":168,"create:zinc_ingot":10},"minecraft:broken":{"minecraft:iron_pickaxe":3,"minecraft:golden_pickaxe":1},"minecraft:dropped":{"minecraft:golden_boots":1,"minecraft:iron_ingot":9,"minecraft:iron_sword":1,"minecraft:dripstone_block":15,"minecraft:crossbow":7,"minecraft:iron_helmet":1,"minecraft:oak_fence":1,"minecraft:cobblestone":210,"minecraft:copper_ingot":39,"minecraft:dirt":1,"minecraft:diorite":25,"minecraft:pumpkin":1,"minecraft:iron_pickaxe":2,"minecraft:string":3,"minecraft:white_wool":2,"ic2:hemp_seeds":12,"minecraft:bone":4,"minecraft:gold_ingot":9,"minecraft:stone_axe":1,"minecraft:rotten_flesh":1,"minecraft:spruce_planks":2,"minecraft:andesite":3,"minecraft:mossy_stone_bricks":1,"minecraft:spider_eye":4,"minecraft:stone_bricks":1,"minecraft:beef":1,"minecraft:stone_pickaxe":3}},"DataVersion":3120}