{"stats":{"minecraft:dropped":{"minecraft:iron_sword":1,"minecraft:oak_log":1,"minecraft:crossbow":7,"minecraft:dirt":1,"minecraft:iron_pickaxe":2,"minecraft:white_wool":2,"minecraft:bone":9,"minecraft:gold_ingot":10,"ic2:hemp_seeds":12,"minecraft:stone_axe":1,"minecraft:rotten_flesh":1,"minecraft:arrow":3,"minecraft:beef":1,"minecraft:iron_ingot":14,"minecraft:golden_boots":2,"minecraft:mossy_cobblestone":2,"minecraft:dripstone_block":15,"minecraft:iron_helmet":1,"minecraft:oak_fence":1,"minecraft:cobblestone":210,"minecraft:copper_ingot":79,"minecraft:stick":1,"minecraft:diorite":25,"minecraft:pumpkin":1,"minecraft:iron_axe":1,"minecraft:string":3,"minecraft:spruce_planks":2,"create:zinc_ingot":10,"minecraft:andesite":3,"minecraft:mossy_stone_bricks":1,"minecraft:stone_bricks":1,"minecraft:spider_eye":4,"minecraft:stone_pickaxe":3},"minecraft:crafted":{"minecraft:oak_planks":822,"minecraft:barrel":13,"create:mechanical_bearing":1,"minecraft:cooked_mutton":17,"create:vertical_gearbox":4,"minecraft:glass":115,"minecraft:hopper":2,"minecraft:iron_boots":1,"create:mechanical_press":1,"minecraft:chest":10,"minecraft:copper_block":1,"create:cogwheel":69,"minecraft:oak_slab":108,"minecraft:cooked_porkchop":8,"minecraft:crafting_table":9,"minecraft:spruce_planks":92,"create:fluid_pipe":76,"minecraft:wooden_pickaxe":1,"minecraft:iron_helmet":1,"minecraft:spruce_door":3,"minecraft:copper_ingot":123,"minecraft:campfire":6,"create:mechanical_mixer":1,"create:gearbox":4,"minecraft:iron_chestplate":1,"create:water_wheel":2,"minecraft:stick":88,"create:mechanical_pump":5,"minecraft:iron_ingot":105,"minecraft:iron_pickaxe":9,"minecraft:iron_block":1,"minecraft:gold_ingot":1,"create:large_cogwheel":48,"create:wrench":1,"create:steam_engine":1,"minecraft:iron_nugget":126,"minecraft:furnace":3,"minecraft:iron_axe":4,"minecraft:spruce_wood":3,"minecraft:ladder":9,"minecraft:stone_pickaxe":1,"create:fluid_tank":8,"minecraft:spruce_boat":2,"create:basin":1,"create:belt_connector":6,"minecraft:wheat":315,"minecraft:cooked_cod":4,"create:andesite_alloy":88,"minecraft:dried_kelp":43,"create:goggles":2,"create:large_water_wheel":2,"minecraft:cooked_salmon":3,"minecraft:bucket":3,"minecraft:stone_axe":2,"minecraft:bread":107,"minecraft:air":0,"minecraft:oak_boat":3,"create:whisk":1,"minecraft:wooden_axe":1,"minecraft:iron_shovel":3,"minecraft:iron_leggings":1,"minecraft:white_bed":2,"create:shaft":216,"minecraft:torch":184,"create:zinc_ingot":10},"minecraft:used":{"minecraft:iron_shovel":214,"minecraft:ladder":9,"minecraft:chest":11,"minecraft:iron_sword":17,"minecraft:iron_chestplate":1,"create:fluid_tank":5,"create:cogwheel":81,"minecraft:tuff":2,"minecraft:obsidian":5,"minecraft:spruce_boat":1,"minecraft:spruce_wood":3,"iceandfire:chared_stone":8,"minecraft:sweet_berries":9,"create:shaft":50,"create:steam_engine":1,"minecraft:oak_sapling":65,"minecraft:furnace":6,"minecraft:cooked_cod":4,"minecraft:golden_boots":2,"minecraft:diorite":25,"minecraft:spruce_door":6,"minecraft:stone_pickaxe":105,"minecraft:oak_planks":257,"minecraft:wooden_pickaxe":12,"minecraft:sand":60,"minecraft:bread":81,"minecraft:string":1,"create:andesite_casing":7,"minecraft:gravel":2,"iceandfire:chared_cobblestone":11,"create:basin":6,"minecraft:andesite":29,"minecraft:oak_boat":9,"create:vertical_gearbox":19,"minecraft:golden_pickaxe":32,"create:large_cogwheel":51,"minecraft:flint_and_steel":8,"create:veridium":17,"minecraft:spruce_planks":70,"minecraft:cooked_salmon":3,"minecraft:netherrack":19,"minecraft:torch":115,"create:mechanical_pump":6,"minecraft:dirt":90,"create:mechanical_mixer":6,"iceandfire:copper_sword":325,"minecraft:hopper":4,"minecraft:golden_chestplate":1,"minecraft:granite":2,"minecraft:wooden_axe":7,"create:wrench":56,"create:gearbox":10,"minecraft:iron_axe":630,"minecraft:iron_boots":1,"minecraft:smooth_basalt":6,"minecraft:light_gray_wool":1,"create:fluid_pipe":37,"minecraft:cobbled_deepslate":25,"create:belt_connector":18,"minecraft:iron_leggings":1,"minecraft:calcite":5,"minecraft:cooked_mutton":16,"minecraft:water_bucket":59,"minecraft:mossy_cobblestone":2,"minecraft:crafting_table":13,"minecraft:white_bed":9,"minecraft:campfire":6,"minecraft:spruce_log":2,"minecraft:oak_log":30,"minecraft:black_wool":1,"minecraft:apple":2,"minecraft:diamond_shovel":1,"create:mechanical_press":6,"minecraft:iron_pickaxe":1835,"minecraft:spruce_sapling":2,"create:large_water_wheel":4,"minecraft:stone_axe":219,"minecraft:fishing_rod":16,"minecraft:cobblestone":292,"minecraft:bucket":62,"tconstruct:sky_slime_crystal_block":12},"minecraft:custom":{"minecraft:interact_with_crafting_table":119,"minecraft:leave_game":6,"minecraft:time_since_death":1836,"minecraft:sprint_one_cm":887726,"minecraft:drop":133,"minecraft:play_time":592386,"minecraft:deaths":27,"minecraft:jump":6514,"minecraft:walk_on_water_one_cm":134715,"minecraft:interact_with_furnace":95,"minecraft:sleep_in_bed":6,"minecraft:damage_dealt":9322,"minecraft:crouch_one_cm":205360,"minecraft:mob_kills":57,"minecraft:inspect_hopper":14,"minecraft:climb_one_cm":29053,"minecraft:walk_one_cm":1094934,"minecraft:sneak_time":81026,"minecraft:walk_under_water_one_cm":121360,"minecraft:boat_one_cm":961172,"minecraft:total_world_time":592386,"minecraft:time_since_rest":1936,"minecraft:damage_taken":12704,"minecraft:trigger_trapped_chest":1,"minecraft:swim_one_cm":298821,"minecraft:fly_one_cm":1477323,"minecraft:open_chest":202,"minecraft:fish_caught":6,"minecraft:fall_one_cm":157521},"minecraft:mined":{"create:deepslate_zinc_ore":23,"minecraft:spruce_planks":13,"minecraft:white_bed":7,"create:andesite_casing":26,"tconstruct:sky_slime_crystal_block":13,"minecraft:granite":4,"ic2:tin_ore":13,"minecraft:grass_block":24,"electrodynamics:oretin":12,"minecraft:hopper":3,"create:belt":4,"minecraft:tall_seagrass":3,"minecraft:magma_block":2,"minecraft:iron_ore":143,"electrodynamics:oreniter":1,"minecraft:fire":2,"minecraft:pumpkin":1,"minecraft:deepslate_lapis_ore":5,"minecraft:pointed_dripstone":2,"electrodynamics:deepslateoreniter":21,"create:veridium":17,"create:mechanical_press":5,"minecraft:tripwire":1,"iceandfire:chared_cobblestone":44,"minecraft:deepslate_redstone_ore":16,"electrodynamics:oremonazite":12,"create:cogwheel":44,"ic2:rubber_leaves":4,"minecraft:kelp_plant":70,"minecraft:torch":2,"minecraft:calcite":8,"minecraft:chest":3,"mekanism:tin_ore":10,"minecraft:cobblestone":57,"minecraft:oak_planks":5,"minecraft:wall_torch":6,"minecraft:amethyst_block":1,"electrodynamics:orehalite":27,"minecraft:deepslate_copper_ore":12,"create:large_water_wheel":1,"minecraft:seagrass":5,"create:basin":5,"create:mechanical_mixer":4,"minecraft:grass":64,"minecraft:oak_log":443,"minecraft:sand":249,"minecraft:dirt":40,"minecraft:smooth_basalt":12,"minecraft:netherrack":89,"minecraft:oak_leaves":185,"minecraft:deepslate":113,"iceandfire:chared_stone":51,"create:zinc_ore":70,"minecraft:tuff":4,"iceandfire:silver_ore":4,"minecraft:mossy_cobblestone":2,"minecraft:deepslate_diamond_ore":6,"electrodynamics:oremolybdenum":3,"minecraft:dark_oak_fence":22,"create:large_cogwheel":35,"minecraft:spruce_leaves":19,"minecraft:kelp":37,"minecraft:large_fern":3,"minecraft:hay_block":34,"create:shaft":27,"minecraft:furnace":4,"electrodynamics:orelead":4,"minecraft:andesite":301,"minecraft:deepslate_iron_ore":37,"minecraft:stripped_oak_log":1,"minecraft:stone":318,"electrodynamics:orealuminum":9,"electrodynamics:deepslateorevanadinite":4,"minecraft:spruce_door":5,"minecraft:dandelion":2,"minecraft:oak_fence":2,"minecraft:crafting_table":7,"create:fluid_pipe":7,"create:mechanical_pump":2,"minecraft:emerald_ore":8,"minecraft:campfire":1,"minecraft:tall_grass":21,"minecraft:copper_ore":70,"minecraft:deepslate_gold_ore":29,"minecraft:lapis_ore":9,"minecraft:diorite":29,"create:water_wheel_structure":1,"create:gearbox":20,"electrodynamics:oresylvite":2,"minecraft:sweet_berry_bush":4,"minecraft:spruce_log":27,"minecraft:birch_leaves":1,"minecraft:black_wool":1,"minecraft:coal_ore":195,"minecraft:gravel":6,"mekanism:deepslate_fluorite_ore":2,"mekanism:deepslate_uranium_ore":1,"minecraft:stone_bricks":3,"minecraft:mossy_stone_bricks":1,"minecraft:fern":1},"minecraft:picked_up":{"minecraft:iron_chestplate":2,"iceandfire:copper_sword":16,"mekanism:raw_uranium":1,"minecraft:string":9,"minecraft:raw_copper":299,"electrodynamics:raworetin":18,"minecraft:iron_leggings":3,"create:mechanical_press":5,"minecraft:gold_nugget":64,"minecraft:cobbled_deepslate":107,"minecraft:bucket":2,"minecraft:spruce_planks":16,"minecraft:calcite":9,"minecraft:iron_pickaxe":16,"minecraft:iron_boots":1,"minecraft:furnace":5,"minecraft:stick":83,"create:mechanical_mixer":4,"minecraft:oak_fence":1,"minecraft:torch":405,"create:andesite_casing":52,"iceandfire:silver_ore":12,"minecraft:porkchop":24,"minecraft:pointed_dripstone":6,"minecraft:diorite":116,"minecraft:golden_chestplate":1,"mekanism:raw_tin":20,"create:large_cogwheel":37,"minecraft:rotten_flesh":19,"electrodynamics:oremonazite":48,"create:veridium":17,"minecraft:cod":8,"minecraft:cobblestone":1047,"minecraft:birch_log":4,"minecraft:magma_block":2,"minecraft:water_bucket":8,"minecraft:andesite":999,"create:belt_connector":4,"minecraft:flint":4,"minecraft:tuff":2,"create:raw_zinc":115,"minecraft:lapis_lazuli":151,"minecraft:dirt":182,"minecraft:glass":18,"minecraft:bone":25,"electrodynamics:crystalpotassiumchloride":4,"minecraft:wheat_seeds":8,"minecraft:raw_gold":29,"create:shaft":49,"minecraft:mossy_stone_bricks":1,"minecraft:oak_planks":115,"minecraft:cooked_porkchop":11,"create:cogwheel":62,"minecraft:sand":364,"minecraft:mossy_cobblestone":6,"iceandfire:chared_cobblestone":69,"minecraft:diamond":6,"minecraft:spruce_boat":1,"minecraft:granite":2,"minecraft:crossbow":11,"electrodynamics:crystalhalite":291,"minecraft:bread":405,"minecraft:emerald":11,"minecraft:oak_sapling":77,"minecraft:netherrack":79,"minecraft:dark_oak_fence":27,"electrodynamics:raworevanadinite":8,"create:copper_sheet":29,"minecraft:fishing_rod":2,"minecraft:charcoal":2,"minecraft:crafting_table":8,"electrodynamics:orealuminum":12,"minecraft:golden_pickaxe":2,"tconstruct:materials_and_you":3,"minecraft:wooden_pickaxe":1,"create:fluid_pipe":37,"minecraft:iron_axe":4,"minecraft:flint_and_steel":6,"minecraft:iron_shovel":2,"minecraft:beef":1,"minecraft:oak_boat":7,"electrodynamics:oremolybdenum":15,"create:basin":5,"minecraft:iron_nugget":56,"ic2:hemp_seeds":22,"minecraft:light_gray_wool":2,"minecraft:chest":3,"minecraft:egg":8,"minecraft:raw_iron":203,"create:golden_sheet":1,"minecraft:copper_ingot":104,"minecraft:fire_charge":2,"minecraft:redstone":72,"create:zinc_ingot":2,"create:vertical_gearbox":14,"minecraft:arrow":35,"minecraft:cooked_cod":2,"minecraft:diamond_boots":1,"minecraft:hay_block":105,"minecraft:gold_ingot":30,"minecraft:mutton":31,"minecraft:white_wool":21,"minecraft:stripped_oak_log":1,"create:iron_sheet":6,"minecraft:tripwire_hook":4,"minecraft:salmon":6,"minecraft:leather":6,"minecraft:oak_log":480,"create:andesite_alloy":64,"minecraft:golden_boots":19,"minecraft:gunpowder":3,"tconstruct:sky_slime_crystal_block":24,"minecraft:cooked_mutton":19,"minecraft:apple":11,"minecraft:stone_bricks":3,"minecraft:kelp":246,"minecraft:iron_ingot":142,"minecraft:stone_pickaxe":8,"minecraft:iron_sword":1,"electrodynamics:raworelead":4,"iceandfire:chared_stone":121,"minecraft:smooth_basalt":6,"create:mechanical_bearing":2,"create:large_water_wheel":3,"minecraft:sweet_berries":9,"ic2:wiki_item":4,"minecraft:pumpkin":1,"ic2:raw_tin":90,"minecraft:gravel":3,"minecraft:dripstone_block":28,"minecraft:spruce_sapling":2,"minecraft:spruce_log":65,"minecraft:white_bed":8,"electrodynamics:dustniter":45,"minecraft:spruce_door":11,"minecraft:spider_eye":4,"create:gearbox":5,"minecraft:stone_axe":6,"create:mechanical_pump":8,"minecraft:iron_helmet":10,"mekanism:fluorite_gem":6,"minecraft:black_wool":4,"minecraft:coal":386,"minecraft:hopper":5},"minecraft:killed":{"minecraft:spider":5,"minecraft:skeleton":10,"minecraft:pig":4,"minecraft:zombie_villager":2,"minecraft:creeper":2,"minecraft:sheep":13,"minecraft:zombie":13,"minecraft:cow":2,"iceandfire:ghost":1},"minecraft:broken":{"minecraft:iron_axe":2,"minecraft:iron_pickaxe":5,"minecraft:golden_pickaxe":1},"minecraft:killed_by":{"iceandfire:cyclops":2,"minecraft:creeper":4,"minecraft:pillager":1,"iceandfire:fire_dragon":15,"minecraft:skeleton":2}},"DataVersion":3120}