{"stats":{"minecraft:killed":{"minecraft:pig":3,"minecraft:zombie_villager":1,"minecraft:spider":2,"minecraft:sheep":5,"iceandfire:ghost":1,"minecraft:cow":1},"minecraft:killed_by":{"iceandfire:cyclops":2,"minecraft:pillager":1,"iceandfire:fire_dragon":1},"minecraft:dropped":{"minecraft:golden_boots":1,"minecraft:iron_sword":1,"minecraft:stone_axe":1,"minecraft:iron_helmet":1,"minecraft:rotten_flesh":1,"minecraft:spruce_planks":1,"minecraft:mossy_stone_bricks":1,"minecraft:spider_eye":2,"minecraft:stone_bricks":1,"minecraft:string":3,"ic2:hemp_seeds":4},"minecraft:crafted":{"minecraft:cooked_cod":4,"minecraft:oak_planks":12,"minecraft:cooked_porkchop":8,"minecraft:crafting_table":2,"minecraft:spruce_planks":92,"minecraft:wooden_pickaxe":1,"minecraft:spruce_door":3,"minecraft:furnace":1,"minecraft:cooked_salmon":3,"minecraft:stone_axe":1,"minecraft:bread":65,"minecraft:cooked_mutton":11,"minecraft:air":0,"minecraft:iron_axe":1,"minecraft:spruce_wood":3,"minecraft:stick":8,"minecraft:iron_pickaxe":2,"minecraft:stone_pickaxe":1,"minecraft:spruce_boat":2,"minecraft:wheat":189},"minecraft:custom":{"minecraft:interact_with_furnace":15,"minecraft:mob_kills":13,"minecraft:interact_with_crafting_table":14,"minecraft:leave_game":1,"minecraft:time_since_death":17151,"minecraft:time_since_rest":17184,"minecraft:sprint_one_cm":144942,"minecraft:damage_taken":2246,"minecraft:walk_one_cm":105915,"minecraft:trigger_trapped_chest":1,"minecraft:drop":12,"minecraft:damage_dealt":1830,"minecraft:swim_one_cm":103404,"minecraft:fly_one_cm":178798,"minecraft:open_chest":41,"minecraft:crouch_one_cm":19726,"minecraft:play_time":61496,"minecraft:deaths":4,"minecraft:sneak_time":5728,"minecraft:walk_under_water_one_cm":19879,"minecraft:boat_one_cm":210553,"minecraft:jump":1053,"minecraft:walk_on_water_one_cm":14769,"minecraft:total_world_time":61496,"minecraft:fish_caught":6,"minecraft:fall_one_cm":30687},"minecraft:mined":{"ic2:rubber_leaves":4,"minecraft:spruce_planks":11,"iceandfire:silver_ore":2,"minecraft:spruce_door":5,"minecraft:oak_fence":2,"minecraft:crafting_table":3,"ic2:tin_ore":2,"minecraft:dark_oak_fence":22,"minecraft:grass_block":7,"minecraft:tall_grass":5,"electrodynamics:oretin":3,"minecraft:spruce_leaves":15,"minecraft:diorite":4,"minecraft:large_fern":3,"minecraft:hay_block":34,"minecraft:furnace":1,"minecraft:iron_ore":1,"minecraft:sweet_berry_bush":4,"minecraft:spruce_log":27,"minecraft:grass":21,"minecraft:coal_ore":25,"minecraft:oak_log":44,"minecraft:gravel":5,"minecraft:stone":33,"minecraft:stone_bricks":3,"minecraft:oak_leaves":12,"minecraft:mossy_stone_bricks":1,"minecraft:fern":1},"minecraft:used":{"minecraft:cooked_mutton":3,"minecraft:spruce_door":6,"minecraft:stone_pickaxe":67,"minecraft:oak_planks":2,"minecraft:wooden_pickaxe":12,"minecraft:spruce_planks":69,"minecraft:iron_sword":17,"minecraft:cooked_salmon":3,"minecraft:dirt":5,"iceandfire:copper_sword":51,"minecraft:crafting_table":4,"minecraft:spruce_log":2,"minecraft:spruce_boat":1,"minecraft:iron_axe":61,"minecraft:spruce_wood":3,"minecraft:bread":2,"minecraft:gravel":2,"minecraft:spruce_sapling":2,"minecraft:light_gray_wool":1,"minecraft:stone_axe":123,"minecraft:fishing_rod":16,"minecraft:cobblestone":10,"minecraft:sweet_berries":9,"minecraft:furnace":2,"minecraft:cooked_cod":4},"minecraft:picked_up":{"minecraft:fishing_rod":2,"minecraft:crafting_table":4,"iceandfire:copper_sword":4,"minecraft:tripwire_hook":4,"minecraft:salmon":6,"minecraft:leather":6,"tconstruct:materials_and_you":3,"minecraft:wooden_pickaxe":1,"minecraft:oak_log":44,"minecraft:golden_boots":6,"minecraft:string":3,"minecraft:dirt":12,"electrodynamics:raworetin":9,"minecraft:flint_and_steel":3,"minecraft:iron_leggings":1,"minecraft:stone_bricks":3,"minecraft:gold_nugget":22,"minecraft:spruce_planks":10,"minecraft:iron_ingot":44,"minecraft:stone_pickaxe":4,"minecraft:mossy_stone_bricks":1,"ic2:hemp_seeds":4,"minecraft:light_gray_wool":1,"minecraft:iron_sword":1,"minecraft:furnace":2,"minecraft:stick":35,"minecraft:raw_iron":2,"ic2:wiki_item":4,"minecraft:sweet_berries":9,"ic2:raw_tin":28,"minecraft:copper_ingot":12,"minecraft:oak_fence":1,"iceandfire:silver_ore":8,"minecraft:gravel":2,"minecraft:fire_charge":2,"minecraft:porkchop":24,"minecraft:spruce_sapling":2,"minecraft:diorite":3,"minecraft:spruce_log":65,"minecraft:spruce_door":11,"minecraft:spider_eye":4,"minecraft:rotten_flesh":1,"minecraft:cooked_cod":2,"minecraft:spruce_boat":1,"minecraft:stone_axe":4,"minecraft:hay_block":105,"minecraft:iron_helmet":3,"minecraft:crossbow":3,"minecraft:emerald":3,"minecraft:gold_ingot":24,"minecraft:bread":4,"minecraft:dark_oak_fence":27,"minecraft:mutton":25,"minecraft:coal":86,"minecraft:cod":8,"minecraft:white_wool":6,"minecraft:cobblestone":38}},"DataVersion":3120}