{"stats":{"minecraft:dropped":{"minecraft:golden_boots":1,"minecraft:spruce_planks":1,"minecraft:mossy_stone_bricks":1,"minecraft:stone_bricks":1,"minecraft:rotten_flesh":1},"minecraft:crafted":{"minecraft:crafting_table":1,"minecraft:spruce_wood":3,"minecraft:spruce_planks":28,"minecraft:stick":8,"minecraft:wooden_pickaxe":1,"minecraft:stone_pickaxe":1,"minecraft:spruce_door":3,"minecraft:spruce_boat":2,"minecraft:stone_axe":1,"minecraft:bread":2},"minecraft:used":{"minecraft:spruce_boat":1,"minecraft:spruce_door":6,"minecraft:spruce_wood":3,"minecraft:bread":2,"minecraft:stone_pickaxe":41,"minecraft:wooden_pickaxe":12,"minecraft:spruce_sapling":2,"minecraft:stone_axe":48,"minecraft:fishing_rod":16,"minecraft:dirt":1,"minecraft:sweet_berries":9,"minecraft:crafting_table":2,"minecraft:spruce_log":2},"minecraft:custom":{"minecraft:time_since_rest":23171,"minecraft:sprint_one_cm":49054,"minecraft:damage_taken":511,"minecraft:walk_one_cm":30690,"minecraft:mob_kills":1,"minecraft:drop":5,"minecraft:damage_dealt":223,"minecraft:swim_one_cm":97091,"minecraft:interact_with_crafting_table":6,"minecraft:fly_one_cm":39083,"minecraft:open_chest":22,"minecraft:crouch_one_cm":2613,"minecraft:play_time":29184,"minecraft:deaths":1,"minecraft:sneak_time":1409,"minecraft:walk_under_water_one_cm":19418,"minecraft:boat_one_cm":207862,"minecraft:jump":253,"minecraft:walk_on_water_one_cm":13101,"minecraft:time_since_death":23144,"minecraft:total_world_time":29184,"minecraft:fish_caught":6,"minecraft:fall_one_cm":6692},"minecraft:mined":{"minecraft:large_fern":3,"iceandfire:silver_ore":2,"minecraft:sweet_berry_bush":4,"minecraft:spruce_log":27,"minecraft:spruce_door":5,"minecraft:crafting_table":2,"ic2:tin_ore":2,"minecraft:dark_oak_fence":22,"minecraft:grass_block":2,"minecraft:coal_ore":17,"minecraft:gravel":5,"electrodynamics:oretin":3,"minecraft:stone_bricks":1,"minecraft:spruce_leaves":15,"minecraft:stone":21,"minecraft:mossy_stone_bricks":1,"minecraft:diorite":4,"minecraft:fern":1},"minecraft:picked_up":{"minecraft:stick":12,"minecraft:crafting_table":2,"ic2:wiki_item":1,"minecraft:sweet_berries":9,"minecraft:salmon":3,"ic2:raw_tin":7,"tconstruct:materials_and_you":1,"minecraft:wooden_pickaxe":1,"iceandfire:silver_ore":2,"minecraft:gravel":2,"minecraft:diorite":3,"minecraft:spruce_sapling":2,"minecraft:spruce_log":46,"minecraft:spruce_door":5,"minecraft:dirt":3,"electrodynamics:raworetin":3,"minecraft:stone_bricks":1,"minecraft:stone_axe":1,"minecraft:stone_pickaxe":1,"minecraft:mossy_stone_bricks":1,"minecraft:coal":17,"minecraft:dark_oak_fence":27,"minecraft:cod":4,"minecraft:cobblestone":22},"minecraft:killed":{"minecraft:spider":1},"minecraft:killed_by":{"minecraft:pillager":1}},"DataVersion":3120}