{"stats":{"minecraft:killed":{"minecraft:spider":3,"minecraft:skeleton":2,"minecraft:pig":3,"minecraft:zombie_villager":1,"minecraft:creeper":2,"minecraft:sheep":5,"minecraft:zombie":1,"iceandfire:ghost":1,"minecraft:cow":2},"minecraft:killed_by":{"iceandfire:cyclops":2,"minecraft:creeper":2,"minecraft:pillager":1,"minecraft:skeleton":1,"iceandfire:fire_dragon":12},"minecraft:dropped":{"minecraft:golden_boots":1,"minecraft:iron_sword":1,"minecraft:dripstone_block":15,"minecraft:crossbow":7,"minecraft:iron_helmet":1,"minecraft:oak_fence":1,"minecraft:cobblestone":210,"minecraft:dirt":1,"minecraft:diorite":25,"minecraft:iron_pickaxe":2,"minecraft:string":3,"minecraft:white_wool":2,"minecraft:bone":4,"ic2:hemp_seeds":4,"minecraft:stone_axe":1,"minecraft:rotten_flesh":1,"minecraft:spruce_planks":2,"minecraft:andesite":3,"minecraft:mossy_stone_bricks":1,"minecraft:spider_eye":4,"minecraft:stone_bricks":1,"minecraft:beef":1,"minecraft:stone_pickaxe":3},"minecraft:crafted":{"minecraft:oak_planks":280,"minecraft:furnace":1,"minecraft:cooked_mutton":11,"minecraft:iron_axe":1,"minecraft:spruce_wood":3,"minecraft:ladder":9,"minecraft:stone_pickaxe":1,"minecraft:chest":2,"minecraft:spruce_boat":2,"minecraft:wheat":189,"minecraft:cooked_cod":4,"minecraft:cooked_porkchop":8,"minecraft:crafting_table":4,"minecraft:spruce_planks":92,"minecraft:wooden_pickaxe":1,"minecraft:spruce_door":3,"minecraft:cooked_salmon":3,"minecraft:bucket":2,"minecraft:stone_axe":2,"minecraft:bread":65,"minecraft:air":0,"minecraft:oak_boat":1,"minecraft:stick":44,"minecraft:iron_ingot":1,"minecraft:iron_pickaxe":3,"minecraft:torch":116},"minecraft:broken":{"minecraft:iron_pickaxe":1},"minecraft:custom":{"minecraft:mob_kills":21,"minecraft:interact_with_crafting_table":26,"minecraft:leave_game":2,"minecraft:time_since_death":12963,"minecraft:climb_one_cm":3836,"minecraft:sprint_one_cm":390613,"minecraft:walk_one_cm":300451,"minecraft:drop":61,"minecraft:play_time":172605,"minecraft:sneak_time":28908,"minecraft:deaths":20,"minecraft:walk_under_water_one_cm":24742,"minecraft:boat_one_cm":257570,"minecraft:jump":2481,"minecraft:walk_on_water_one_cm":31836,"minecraft:total_world_time":172605,"minecraft:interact_with_furnace":17,"minecraft:time_since_rest":13390,"minecraft:damage_taken":8254,"minecraft:trigger_trapped_chest":1,"minecraft:damage_dealt":3220,"minecraft:swim_one_cm":126355,"minecraft:fly_one_cm":543047,"minecraft:open_chest":63,"minecraft:crouch_one_cm":84606,"minecraft:fish_caught":6,"minecraft:fall_one_cm":76408},"minecraft:mined":{"create:zinc_ore":24,"minecraft:spruce_planks":13,"iceandfire:silver_ore":4,"electrodynamics:oremolybdenum":3,"minecraft:granite":2,"minecraft:dark_oak_fence":22,"ic2:tin_ore":13,"minecraft:grass_block":10,"electrodynamics:oretin":12,"minecraft:spruce_leaves":19,"minecraft:large_fern":3,"minecraft:hay_block":34,"minecraft:furnace":1,"electrodynamics:orelead":4,"minecraft:iron_ore":20,"electrodynamics:oreniter":1,"minecraft:andesite":152,"minecraft:pointed_dripstone":2,"minecraft:deepslate_iron_ore":4,"minecraft:stripped_oak_log":1,"electrodynamics:deepslateoreniter":21,"minecraft:stone":168,"electrodynamics:orealuminum":9,"iceandfire:chared_cobblestone":44,"electrodynamics:oremonazite":12,"ic2:rubber_leaves":4,"electrodynamics:deepslateorevanadinite":4,"minecraft:spruce_door":5,"minecraft:oak_fence":2,"minecraft:crafting_table":4,"minecraft:emerald_ore":8,"mekanism:tin_ore":10,"minecraft:tall_grass":9,"minecraft:cobblestone":13,"minecraft:lapis_ore":2,"minecraft:oak_planks":3,"minecraft:diorite":28,"electrodynamics:orehalite":27,"electrodynamics:oresylvite":2,"minecraft:sweet_berry_bush":4,"minecraft:spruce_log":27,"minecraft:birch_leaves":1,"minecraft:grass":31,"minecraft:oak_log":149,"minecraft:coal_ore":80,"minecraft:gravel":5,"mekanism:deepslate_fluorite_ore":2,"minecraft:dirt":5,"minecraft:stone_bricks":3,"minecraft:mossy_stone_bricks":1,"minecraft:oak_leaves":62,"minecraft:deepslate":34,"minecraft:fern":1,"iceandfire:chared_stone":51},"minecraft:used":{"minecraft:ladder":9,"minecraft:chest":2,"minecraft:spruce_planks":70,"minecraft:iron_sword":17,"minecraft:cooked_salmon":3,"minecraft:torch":37,"minecraft:dirt":10,"iceandfire:copper_sword":95,"minecraft:spruce_boat":1,"minecraft:spruce_wood":3,"minecraft:iron_axe":144,"minecraft:light_gray_wool":1,"iceandfire:chared_stone":8,"minecraft:oak_sapling":35,"minecraft:sweet_berries":9,"minecraft:furnace":2,"minecraft:cooked_cod":4,"minecraft:golden_boots":1,"minecraft:cooked_mutton":7,"minecraft:water_bucket":6,"minecraft:diorite":24,"minecraft:spruce_door":6,"minecraft:stone_pickaxe":105,"minecraft:oak_planks":210,"minecraft:wooden_pickaxe":12,"minecraft:crafting_table":6,"minecraft:spruce_log":2,"minecraft:apple":2,"minecraft:bread":24,"minecraft:iron_pickaxe":651,"minecraft:spruce_sapling":2,"minecraft:gravel":2,"iceandfire:chared_cobblestone":11,"minecraft:stone_axe":219,"minecraft:fishing_rod":16,"minecraft:cobblestone":156,"minecraft:bucket":8,"minecraft:oak_boat":1},"minecraft:picked_up":{"minecraft:fishing_rod":2,"minecraft:crafting_table":5,"iceandfire:copper_sword":10,"electrodynamics:orealuminum":12,"tconstruct:materials_and_you":3,"minecraft:wooden_pickaxe":1,"minecraft:string":5,"electrodynamics:raworetin":18,"minecraft:flint_and_steel":4,"minecraft:iron_leggings":1,"minecraft:gold_nugget":64,"minecraft:cobbled_deepslate":32,"minecraft:spruce_planks":16,"minecraft:beef":1,"electrodynamics:oremolybdenum":15,"ic2:hemp_seeds":8,"minecraft:iron_pickaxe":9,"minecraft:light_gray_wool":1,"minecraft:egg":2,"minecraft:furnace":2,"minecraft:stick":59,"minecraft:raw_iron":33,"minecraft:copper_ingot":12,"minecraft:oak_fence":1,"minecraft:torch":331,"iceandfire:silver_ore":12,"minecraft:fire_charge":2,"minecraft:porkchop":24,"minecraft:pointed_dripstone":6,"minecraft:diorite":115,"mekanism:raw_tin":20,"minecraft:arrow":20,"minecraft:rotten_flesh":1,"electrodynamics:oremonazite":48,"minecraft:cooked_cod":2,"minecraft:hay_block":105,"minecraft:gold_ingot":24,"minecraft:cobblestone":818,"minecraft:mutton":25,"minecraft:cod":8,"minecraft:white_wool":6,"minecraft:birch_log":1,"minecraft:stripped_oak_log":1,"minecraft:andesite":154,"minecraft:tripwire_hook":4,"minecraft:water_bucket":7,"minecraft:salmon":6,"minecraft:leather":6,"create:raw_zinc":36,"minecraft:oak_log":149,"minecraft:golden_boots":15,"minecraft:gunpowder":3,"minecraft:lapis_lazuli":65,"minecraft:dirt":38,"minecraft:cooked_mutton":4,"minecraft:bone":9,"minecraft:apple":7,"electrodynamics:crystalpotassiumchloride":4,"minecraft:stone_bricks":3,"minecraft:wheat_seeds":1,"minecraft:iron_ingot":44,"minecraft:stone_pickaxe":8,"minecraft:mossy_stone_bricks":1,"minecraft:iron_sword":1,"minecraft:oak_planks":46,"electrodynamics:raworelead":4,"iceandfire:chared_stone":121,"ic2:wiki_item":4,"minecraft:cooked_porkchop":8,"minecraft:sweet_berries":9,"ic2:raw_tin":90,"minecraft:dripstone_block":28,"minecraft:gravel":2,"minecraft:spruce_sapling":2,"minecraft:spruce_log":65,"electrodynamics:dustniter":45,"minecraft:spruce_door":11,"minecraft:spider_eye":4,"iceandfire:chared_cobblestone":69,"minecraft:spruce_boat":1,"minecraft:stone_axe":6,"minecraft:iron_helmet":8,"minecraft:crossbow":11,"mekanism:fluorite_gem":6,"electrodynamics:crystalhalite":291,"minecraft:emerald":11,"minecraft:bread":272,"minecraft:oak_sapling":35,"minecraft:dark_oak_fence":27,"minecraft:coal":255,"electrodynamics:raworevanadinite":8}},"DataVersion":3120}