{"stats":{"minecraft:used":{"minecraft:iron_shovel":214,"minecraft:ladder":9,"minecraft:chest":13,"minecraft:iron_sword":27,"minecraft:iron_chestplate":1,"create:fluid_tank":14,"create:cogwheel":110,"minecraft:carrot":4,"minecraft:tuff":2,"minecraft:obsidian":14,"minecraft:spruce_boat":1,"minecraft:coal_ore":4,"minecraft:spruce_wood":3,"minecraft:copper_ore":18,"minecraft:deepslate_diamond_ore":1,"iceandfire:chared_stone":8,"minecraft:sweet_berries":9,"create:shaft":79,"create:steam_engine":1,"minecraft:oak_sapling":65,"minecraft:furnace":6,"minecraft:cooked_cod":8,"minecraft:egg":1,"minecraft:golden_boots":2,"minecraft:diorite":29,"minecraft:spruce_door":6,"minecraft:oak_planks":263,"minecraft:stone_pickaxe":105,"minecraft:wooden_pickaxe":12,"minecraft:sugar_cane":2,"minecraft:diamond_axe":287,"minecraft:golden_apple":2,"minecraft:sand":62,"minecraft:string":1,"minecraft:deepslate_iron_ore":7,"minecraft:bread":122,"create:andesite_casing":7,"minecraft:deepslate":36,"minecraft:gravel":2,"iceandfire:chared_cobblestone":11,"minecraft:nether_wart_block":3,"create:basin":6,"minecraft:andesite":34,"create:vertical_gearbox":27,"minecraft:golden_pickaxe":32,"minecraft:oak_boat":9,"create:large_cogwheel":61,"minecraft:flint_and_steel":16,"create:veridium":17,"minecraft:spruce_planks":70,"minecraft:cooked_salmon":4,"minecraft:netherrack":659,"minecraft:torch":121,"create:mechanical_pump":6,"minecraft:dirt":132,"create:mechanical_mixer":6,"iceandfire:copper_sword":325,"minecraft:hopper":6,"minecraft:golden_chestplate":2,"minecraft:granite":2,"minecraft:dark_oak_planks":1,"minecraft:wooden_axe":7,"create:wrench":167,"create:gearbox":14,"minecraft:iron_axe":630,"minecraft:iron_boots":1,"iceandfire:dragon_ice":1,"minecraft:smooth_basalt":6,"minecraft:light_gray_wool":1,"create:fluid_pipe":37,"minecraft:acacia_planks":2,"minecraft:cobbled_deepslate":26,"create:belt_connector":23,"minecraft:iron_leggings":1,"minecraft:calcite":5,"minecraft:cooked_mutton":16,"minecraft:wheat_seeds":53,"minecraft:acacia_boat":1,"minecraft:water_bucket":72,"minecraft:iron_ore":9,"create:blaze_burner":5,"minecraft:mossy_cobblestone":2,"create:brass_funnel":2,"minecraft:crafting_table":16,"minecraft:white_bed":9,"minecraft:campfire":6,"minecraft:spruce_log":24,"minecraft:black_wool":1,"minecraft:oak_log":39,"minecraft:diamond_pickaxe":321,"minecraft:apple":4,"minecraft:diamond_shovel":3,"create:mechanical_press":8,"minecraft:iron_pickaxe":3053,"minecraft:spruce_sapling":2,"create:large_water_wheel":4,"minecraft:crimson_nylium":22,"minecraft:stone_axe":220,"minecraft:fishing_rod":25,"minecraft:cobblestone":590,"minecraft:cooked_porkchop":3,"minecraft:bucket":77,"tconstruct:sky_slime_crystal_block":12,"minecraft:stripped_oak_log":1},"minecraft:dropped":{"minecraft:iron_sword":1,"minecraft:diamond_axe":1,"minecraft:oak_log":1,"minecraft:crossbow":7,"minecraft:dirt":9,"minecraft:crimson_roots":3,"minecraft:polished_blackstone_bricks":3,"minecraft:iron_pickaxe":2,"minecraft:white_wool":2,"minecraft:bone":9,"minecraft:gold_ingot":10,"ic2:hemp_seeds":12,"minecraft:stone_axe":1,"minecraft:blackstone":19,"minecraft:cobbled_deepslate":1,"minecraft:rotten_flesh":1,"minecraft:beetroot_seeds":4,"minecraft:melon_seeds":2,"minecraft:arrow":3,"minecraft:beef":1,"minecraft:netherrack":43,"minecraft:iron_ingot":36,"minecraft:golden_boots":2,"minecraft:wheat_seeds":97,"minecraft:mossy_cobblestone":2,"minecraft:dripstone_block":15,"minecraft:iron_helmet":1,"minecraft:oak_fence":1,"minecraft:cobblestone":338,"minecraft:copper_ingot":108,"minecraft:stick":67,"create:blaze_burner":3,"minecraft:diorite":25,"minecraft:pumpkin":1,"minecraft:iron_axe":1,"minecraft:string":3,"minecraft:dandelion":1,"minecraft:oak_button":12,"minecraft:spruce_planks":2,"create:zinc_ingot":25,"minecraft:andesite":3,"minecraft:mossy_stone_bricks":1,"minecraft:spider_eye":4,"minecraft:stone_bricks":1,"minecraft:spruce_log":99,"minecraft:stone_pickaxe":3},"minecraft:broken":{"minecraft:iron_axe":2,"minecraft:iron_pickaxe":7,"minecraft:golden_pickaxe":1,"create:sand_paper":1},"minecraft:picked_up":{"minecraft:iron_chestplate":3,"minecraft:wheat":53,"iceandfire:copper_sword":16,"mekanism:raw_uranium":1,"minecraft:enchanted_book":3,"minecraft:string":9,"minecraft:raw_copper":358,"electrodynamics:raworetin":18,"minecraft:deepslate_lapis_ore":2,"minecraft:iron_leggings":4,"minecraft:pufferfish":1,"minecraft:diamond_leggings":2,"create:mechanical_press":5,"minecraft:gold_nugget":107,"minecraft:cobbled_deepslate":109,"minecraft:bucket":5,"minecraft:spruce_planks":16,"minecraft:calcite":10,"minecraft:iron_pickaxe":23,"minecraft:melon_slice":20,"minecraft:furnace":5,"minecraft:deepslate_iron_ore":7,"minecraft:iron_boots":3,"minecraft:stick":86,"create:mechanical_mixer":4,"minecraft:oak_fence":1,"minecraft:torch":406,"minecraft:acacia_log":4,"create:andesite_casing":52,"iceandfire:silver_ore":12,"minecraft:porkchop":24,"minecraft:pointed_dripstone":6,"minecraft:diorite":120,"minecraft:golden_chestplate":3,"mekanism:raw_tin":20,"create:large_cogwheel":37,"minecraft:nether_gold_ore":12,"minecraft:rotten_flesh":19,"electrodynamics:oremonazite":50,"minecraft:glowstone":10,"create:veridium":17,"minecraft:obsidian":4,"minecraft:cod":12,"minecraft:cobblestone":1496,"minecraft:birch_log":4,"minecraft:magma_block":3,"minecraft:water_bucket":9,"minecraft:andesite":1024,"create:belt_connector":4,"minecraft:flint":9,"minecraft:tuff":6,"create:raw_zinc":115,"minecraft:lapis_lazuli":157,"minecraft:dirt":234,"electrodynamics:oresilver":4,"minecraft:glass":18,"minecraft:bone":58,"electrodynamics:crystalpotassiumchloride":4,"minecraft:wheat_seeds":300,"minecraft:raw_gold":29,"minecraft:bell":1,"create:shaft":49,"minecraft:glowstone_dust":25,"minecraft:mossy_stone_bricks":1,"minecraft:diamond_helmet":2,"minecraft:oak_planks":142,"minecraft:cooked_porkchop":13,"create:cogwheel":64,"minecraft:warped_wart_block":1,"create:empty_blaze_burner":3,"minecraft:sand":367,"minecraft:mossy_cobblestone":6,"iceandfire:chared_cobblestone":69,"minecraft:diamond":10,"minecraft:deepslate":72,"minecraft:spruce_boat":1,"minecraft:deepslate_gold_ore":12,"iceandfire:dragon_ice":1,"minecraft:cracked_polished_blackstone_bricks":4,"electrodynamics:orelepidolite":2,"minecraft:crossbow":11,"minecraft:granite":4,"electrodynamics:crystalhalite":291,"iceandfire:silver_nugget":10,"minecraft:golden_apple":3,"minecraft:emerald":29,"minecraft:bread":410,"minecraft:oak_sapling":77,"minecraft:netherrack":989,"minecraft:dark_oak_fence":27,"minecraft:crimson_roots":3,"minecraft:oak_leaves":14,"electrodynamics:raworevanadinite":8,"minecraft:diamond_pickaxe":2,"create:copper_sheet":29,"minecraft:fishing_rod":2,"minecraft:charcoal":2,"minecraft:crafting_table":12,"minecraft:golden_pickaxe":2,"electrodynamics:orealuminum":12,"tconstruct:materials_and_you":3,"minecraft:wooden_pickaxe":1,"minecraft:gold_block":10,"minecraft:diamond_horse_armor":1,"minecraft:chain":1,"create:fluid_pipe":37,"minecraft:iron_axe":4,"minecraft:flint_and_steel":7,"minecraft:iron_shovel":2,"create:deepslate_zinc_ore":15,"minecraft:blackstone":20,"minecraft:cracked_stone_bricks":4,"minecraft:deepslate_diamond_ore":5,"minecraft:beef":1,"minecraft:oak_boat":7,"electrodynamics:oremolybdenum":15,"create:basin":5,"minecraft:iron_nugget":56,"ic2:hemp_seeds":24,"minecraft:light_gray_wool":2,"minecraft:sugar_cane":5,"minecraft:chest":5,"minecraft:egg":11,"minecraft:copper_ore":40,"minecraft:raw_iron":219,"minecraft:stone":68,"create:golden_sheet":1,"minecraft:copper_ingot":108,"minecraft:bowl":1,"minecraft:fire_charge":2,"minecraft:polished_blackstone_bricks":6,"minecraft:carrot":2,"minecraft:redstone":72,"create:zinc_ingot":5,"create:vertical_gearbox":14,"minecraft:dark_oak_planks":2,"iceandfire:silver_ingot":2,"minecraft:arrow":45,"minecraft:cooked_cod":2,"minecraft:beetroot_seeds":2,"minecraft:diamond_boots":3,"minecraft:hay_block":120,"minecraft:saddle":1,"minecraft:gold_ingot":32,"minecraft:mutton":31,"minecraft:rail":1,"minecraft:white_wool":21,"minecraft:stripped_oak_log":2,"create:iron_sheet":8,"minecraft:birch_leaves":1,"minecraft:basalt":130,"minecraft:tripwire_hook":4,"minecraft:salmon":7,"minecraft:leather":8,"minecraft:oak_log":663,"create:andesite_alloy":64,"minecraft:golden_boots":20,"minecraft:nether_wart_block":3,"minecraft:gunpowder":5,"create:blaze_burner":3,"tconstruct:sky_slime_crystal_block":24,"minecraft:cooked_mutton":19,"minecraft:apple":16,"minecraft:stone_bricks":3,"minecraft:kelp":246,"minecraft:iron_ingot":158,"minecraft:stone_pickaxe":8,"minecraft:iron_ore":17,"minecraft:iron_sword":3,"electrodynamics:raworelead":4,"iceandfire:chared_stone":121,"create:mechanical_bearing":2,"minecraft:smooth_basalt":6,"create:large_water_wheel":3,"ic2:wiki_item":4,"minecraft:pumpkin":1,"minecraft:sweet_berries":9,"ic2:raw_tin":90,"minecraft:quartz":46,"minecraft:dandelion":2,"minecraft:dripstone_block":28,"minecraft:gravel":3,"minecraft:spruce_sapling":6,"minecraft:white_bed":8,"minecraft:spruce_log":187,"minecraft:crying_obsidian":1,"electrodynamics:dustniter":45,"minecraft:spruce_door":11,"minecraft:spider_eye":4,"create:gearbox":5,"minecraft:coal_ore":4,"create:brass_ingot":10,"minecraft:campfire":5,"minecraft:stone_axe":6,"electrodynamics:oretin":2,"create:mechanical_pump":8,"minecraft:iron_helmet":10,"minecraft:deepslate_redstone_ore":4,"mekanism:fluorite_gem":6,"minecraft:diamond_axe":3,"minecraft:melon_seeds":2,"minecraft:black_wool":4,"minecraft:crimson_nylium":22,"minecraft:coal":390,"minecraft:hopper":5},"minecraft:killed":{"minecraft:spider":6,"minecraft:skeleton":10,"minecraft:pig":4,"minecraft:zombie_villager":2,"minecraft:creeper":2,"minecraft:sheep":13,"minecraft:donkey":1,"minecraft:zombie":13,"minecraft:cow":2,"iceandfire:ghost":2},"minecraft:custom":{"minecraft:interact_with_crafting_table":158,"minecraft:bell_ring":2,"minecraft:leave_game":8,"minecraft:time_since_death":111990,"minecraft:sprint_one_cm":1358592,"minecraft:drop":237,"minecraft:talked_to_villager":77,"minecraft:play_time":907158,"minecraft:deaths":31,"minecraft:jump":9625,"minecraft:walk_on_water_one_cm":188819,"minecraft:interact_with_furnace":122,"minecraft:traded_with_villager":31,"minecraft:sleep_in_bed":15,"minecraft:damage_dealt":10258,"minecraft:crouch_one_cm":336048,"minecraft:horse_one_cm":2727430,"minecraft:mob_kills":60,"minecraft:inspect_hopper":22,"minecraft:climb_one_cm":39175,"minecraft:walk_one_cm":1652783,"minecraft:sneak_time":121811,"minecraft:walk_under_water_one_cm":156121,"minecraft:boat_one_cm":1024937,"minecraft:interact_with_blast_furnace":3,"minecraft:total_world_time":907158,"minecraft:time_since_rest":45381,"minecraft:damage_taken":16076,"minecraft:damage_absorbed":40,"minecraft:trigger_trapped_chest":2,"minecraft:swim_one_cm":376071,"minecraft:fly_one_cm":2262209,"minecraft:open_chest":378,"minecraft:fish_caught":12,"minecraft:fall_one_cm":226917},"minecraft:killed_by":{"iceandfire:cyclops":2,"minecraft:creeper":5,"minecraft:pillager":1,"iceandfire:ice_dragon":1,"iceandfire:fire_dragon":15,"minecraft:skeleton":2},"minecraft:mined":{"minecraft:dark_oak_planks":1,"create:deepslate_zinc_ore":38,"minecraft:spruce_planks":13,"minecraft:white_bed":7,"create:andesite_casing":26,"tconstruct:sky_slime_crystal_block":13,"minecraft:obsidian":2,"minecraft:granite":6,"ic2:tin_ore":13,"minecraft:acacia_log":4,"minecraft:grass_block":35,"minecraft:cracked_polished_blackstone_bricks":5,"electrodynamics:oretin":14,"minecraft:hopper":3,"create:belt":4,"minecraft:spawner":2,"electrodynamics:oresilver":4,"minecraft:polished_blackstone_bricks":9,"minecraft:tall_seagrass":3,"minecraft:magma_block":3,"minecraft:glowstone":23,"minecraft:iron_ore":161,"electrodynamics:oreniter":1,"minecraft:fire":6,"minecraft:pumpkin":1,"minecraft:deepslate_lapis_ore":7,"minecraft:pointed_dripstone":2,"electrodynamics:deepslateoreniter":21,"electrodynamics:orelepidolite":2,"create:veridium":17,"create:mechanical_press":5,"minecraft:tripwire":1,"iceandfire:chared_cobblestone":44,"electrodynamics:oremonazite":14,"minecraft:deepslate_redstone_ore":20,"create:cogwheel":45,"ic2:rubber_leaves":4,"minecraft:blackstone":21,"minecraft:kelp_plant":70,"minecraft:melon_stem":2,"minecraft:crimson_nylium":28,"minecraft:torch":2,"minecraft:calcite":9,"minecraft:melon":2,"minecraft:chest":5,"mekanism:tin_ore":10,"minecraft:nether_quartz_ore":46,"minecraft:cobblestone":74,"minecraft:sugar_cane":2,"minecraft:oak_planks":8,"minecraft:wall_torch":6,"minecraft:amethyst_block":1,"electrodynamics:orehalite":27,"minecraft:deepslate_copper_ore":12,"create:large_water_wheel":1,"create:basin":5,"minecraft:seagrass":5,"minecraft:nether_wart_block":3,"minecraft:wheat":53,"create:mechanical_mixer":4,"minecraft:grass":84,"minecraft:oak_log":528,"minecraft:sand":252,"minecraft:dirt":62,"minecraft:smooth_basalt":12,"minecraft:netherrack":1029,"minecraft:deepslate":151,"create:zinc_ore":70,"minecraft:oak_leaves":202,"iceandfire:chared_stone":51,"minecraft:nether_gold_ore":20,"minecraft:crying_obsidian":1,"minecraft:tuff":8,"iceandfire:silver_ore":4,"minecraft:mossy_cobblestone":2,"minecraft:deepslate_diamond_ore":12,"electrodynamics:oremolybdenum":3,"minecraft:dark_oak_fence":22,"create:large_cogwheel":35,"minecraft:crimson_roots":2,"minecraft:spruce_leaves":19,"iceandfire:dragon_ice":1,"minecraft:kelp":37,"minecraft:large_fern":3,"minecraft:hay_block":49,"create:shaft":27,"minecraft:furnace":4,"electrodynamics:orelead":4,"minecraft:andesite":326,"minecraft:gold_block":6,"minecraft:deepslate_iron_ore":51,"minecraft:rail":1,"minecraft:stripped_oak_log":2,"minecraft:stone":393,"electrodynamics:orealuminum":9,"electrodynamics:deepslateorevanadinite":4,"minecraft:basalt":132,"minecraft:dandelion":3,"minecraft:spruce_door":5,"minecraft:oak_fence":2,"minecraft:crafting_table":10,"create:fluid_pipe":7,"create:mechanical_pump":2,"minecraft:emerald_ore":8,"minecraft:campfire":6,"minecraft:copper_ore":110,"minecraft:tall_grass":28,"minecraft:lapis_ore":9,"minecraft:deepslate_gold_ore":41,"minecraft:diorite":33,"minecraft:warped_wart_block":1,"create:water_wheel_structure":1,"create:gearbox":20,"electrodynamics:oresylvite":2,"minecraft:sweet_berry_bush":4,"minecraft:spruce_log":153,"minecraft:birch_leaves":2,"minecraft:black_wool":1,"minecraft:coal_ore":204,"mekanism:deepslate_fluorite_ore":2,"minecraft:gravel":7,"minecraft:cracked_stone_bricks":2,"mekanism:deepslate_uranium_ore":1,"minecraft:stone_bricks":3,"minecraft:mossy_stone_bricks":1,"minecraft:fern":1},"minecraft:crafted":{"minecraft:oak_planks":1374,"minecraft:barrel":13,"create:mechanical_bearing":1,"minecraft:cooked_mutton":17,"minecraft:iron_bars":16,"create:vertical_gearbox":6,"minecraft:glass":115,"minecraft:hopper":2,"minecraft:iron_boots":1,"create:mechanical_press":1,"minecraft:chest":12,"minecraft:oak_button":12,"minecraft:copper_block":1,"create:brass_funnel":4,"create:cogwheel":69,"minecraft:oak_slab":108,"create:rose_quartz":8,"minecraft:emerald":30,"minecraft:cooked_porkchop":8,"minecraft:crafting_table":12,"minecraft:spruce_planks":96,"create:fluid_pipe":76,"minecraft:wooden_pickaxe":1,"minecraft:iron_helmet":2,"minecraft:spruce_door":3,"minecraft:copper_ingot":123,"create:sand_paper":1,"minecraft:campfire":6,"create:mechanical_mixer":1,"create:gearbox":5,"minecraft:paper":3,"minecraft:iron_chestplate":1,"minecraft:diamond_pickaxe":2,"create:water_wheel":2,"minecraft:stick":1154,"create:mechanical_pump":5,"minecraft:iron_ingot":124,"minecraft:iron_pickaxe":11,"minecraft:iron_block":1,"minecraft:gold_ingot":1,"create:large_cogwheel":48,"create:empty_blaze_burner":5,"create:wrench":1,"create:steam_engine":1,"minecraft:iron_nugget":126,"minecraft:furnace":3,"minecraft:flint_and_steel":1,"minecraft:iron_axe":4,"minecraft:spruce_wood":3,"minecraft:ladder":9,"minecraft:stone_pickaxe":1,"create:fluid_tank":13,"minecraft:spruce_boat":2,"create:basin":1,"create:electron_tube":2,"create:belt_connector":8,"minecraft:wheat":450,"minecraft:cooked_cod":8,"create:andesite_alloy":88,"minecraft:dried_kelp":59,"minecraft:iron_sword":1,"create:goggles":2,"create:large_water_wheel":2,"minecraft:cooked_salmon":4,"minecraft:bucket":6,"minecraft:stone_axe":3,"minecraft:acacia_boat":1,"minecraft:bread":169,"minecraft:air":0,"minecraft:oak_boat":3,"create:whisk":1,"minecraft:wooden_axe":1,"minecraft:iron_shovel":3,"minecraft:iron_leggings":1,"minecraft:white_bed":2,"create:shaft":216,"minecraft:torch":184,"minecraft:acacia_planks":16,"create:zinc_ingot":10}},"DataVersion":3120}