{"stats":{"minecraft:killed":{"minecraft:spider":3,"minecraft:skeleton":2,"minecraft:pig":4,"minecraft:zombie_villager":1,"minecraft:creeper":2,"minecraft:sheep":13,"minecraft:zombie":1,"iceandfire:ghost":1,"minecraft:cow":2},"minecraft:killed_by":{"iceandfire:cyclops":2,"minecraft:creeper":2,"minecraft:pillager":1,"minecraft:skeleton":1,"iceandfire:fire_dragon":15},"minecraft:dropped":{"minecraft:golden_boots":1,"minecraft:iron_sword":1,"minecraft:dripstone_block":15,"minecraft:crossbow":7,"minecraft:iron_helmet":1,"minecraft:oak_fence":1,"minecraft:cobblestone":210,"minecraft:dirt":1,"minecraft:diorite":25,"minecraft:pumpkin":1,"minecraft:iron_pickaxe":2,"minecraft:string":3,"minecraft:white_wool":2,"minecraft:bone":4,"ic2:hemp_seeds":12,"minecraft:stone_axe":1,"minecraft:rotten_flesh":1,"minecraft:spruce_planks":2,"minecraft:andesite":3,"minecraft:mossy_stone_bricks":1,"minecraft:spider_eye":4,"minecraft:stone_bricks":1,"minecraft:beef":1,"minecraft:stone_pickaxe":3},"minecraft:crafted":{"minecraft:oak_planks":336,"minecraft:iron_nugget":90,"minecraft:furnace":1,"minecraft:cooked_mutton":17,"minecraft:iron_axe":2,"minecraft:spruce_wood":3,"minecraft:ladder":9,"minecraft:stone_pickaxe":1,"minecraft:chest":2,"minecraft:spruce_boat":2,"create:cogwheel":10,"create:belt_connector":4,"minecraft:wheat":315,"minecraft:oak_slab":12,"minecraft:cooked_cod":4,"create:andesite_alloy":70,"minecraft:cooked_porkchop":8,"minecraft:crafting_table":5,"minecraft:spruce_planks":92,"minecraft:dried_kelp":27,"minecraft:wooden_pickaxe":1,"minecraft:spruce_door":3,"create:large_water_wheel":1,"minecraft:cooked_salmon":3,"minecraft:bucket":3,"minecraft:stone_axe":2,"minecraft:bread":107,"minecraft:air":0,"create:gearbox":1,"minecraft:oak_boat":2,"create:water_wheel":1,"minecraft:stick":48,"minecraft:iron_ingot":9,"minecraft:iron_pickaxe":4,"create:large_cogwheel":11,"minecraft:white_bed":1,"create:shaft":48,"minecraft:torch":168},"minecraft:broken":{"minecraft:iron_pickaxe":1},"minecraft:custom":{"minecraft:mob_kills":30,"minecraft:interact_with_crafting_table":41,"minecraft:leave_game":2,"minecraft:time_since_death":74339,"minecraft:climb_one_cm":8182,"minecraft:sprint_one_cm":544607,"minecraft:walk_one_cm":437468,"minecraft:drop":63,"minecraft:play_time":256605,"minecraft:sneak_time":36314,"minecraft:deaths":23,"minecraft:walk_under_water_one_cm":62770,"minecraft:boat_one_cm":554139,"minecraft:jump":3547,"minecraft:walk_on_water_one_cm":52504,"minecraft:total_world_time":256605,"minecraft:interact_with_furnace":26,"minecraft:sleep_in_bed":1,"minecraft:time_since_rest":41673,"minecraft:damage_taken":9476,"minecraft:trigger_trapped_chest":1,"minecraft:damage_dealt":3834,"minecraft:swim_one_cm":221333,"minecraft:fly_one_cm":1174981,"minecraft:open_chest":78,"minecraft:crouch_one_cm":102181,"minecraft:fish_caught":6,"minecraft:fall_one_cm":99886},"minecraft:mined":{"create:zinc_ore":24,"minecraft:spruce_planks":13,"iceandfire:silver_ore":4,"electrodynamics:oremolybdenum":3,"create:andesite_casing":6,"minecraft:granite":2,"minecraft:dark_oak_fence":22,"ic2:tin_ore":13,"minecraft:grass_block":11,"create:large_cogwheel":2,"electrodynamics:oretin":12,"minecraft:spruce_leaves":19,"minecraft:kelp":28,"minecraft:large_fern":3,"minecraft:hay_block":34,"minecraft:tall_seagrass":2,"create:shaft":2,"minecraft:furnace":1,"electrodynamics:orelead":4,"minecraft:fire":2,"minecraft:iron_ore":25,"electrodynamics:oreniter":1,"minecraft:andesite":152,"minecraft:pumpkin":1,"minecraft:pointed_dripstone":2,"minecraft:deepslate_iron_ore":4,"minecraft:stripped_oak_log":1,"electrodynamics:deepslateoreniter":21,"minecraft:stone":171,"electrodynamics:orealuminum":9,"iceandfire:chared_cobblestone":44,"create:cogwheel":3,"electrodynamics:oremonazite":12,"ic2:rubber_leaves":4,"electrodynamics:deepslateorevanadinite":4,"minecraft:kelp_plant":34,"minecraft:dandelion":1,"minecraft:spruce_door":5,"minecraft:oak_fence":2,"minecraft:crafting_table":5,"minecraft:torch":1,"minecraft:emerald_ore":8,"mekanism:tin_ore":10,"minecraft:copper_ore":11,"minecraft:tall_grass":15,"minecraft:cobblestone":21,"minecraft:lapis_ore":2,"minecraft:oak_planks":3,"minecraft:diorite":28,"electrodynamics:orehalite":27,"create:large_water_wheel":1,"minecraft:seagrass":5,"electrodynamics:oresylvite":2,"minecraft:sweet_berry_bush":4,"minecraft:spruce_log":27,"minecraft:birch_leaves":1,"minecraft:grass":59,"minecraft:oak_log":262,"minecraft:coal_ore":103,"minecraft:sand":63,"minecraft:gravel":5,"mekanism:deepslate_fluorite_ore":2,"minecraft:dirt":5,"minecraft:stone_bricks":3,"minecraft:mossy_stone_bricks":1,"minecraft:oak_leaves":107,"minecraft:deepslate":34,"minecraft:fern":1,"iceandfire:chared_stone":51},"minecraft:used":{"minecraft:flint_and_steel":8,"minecraft:ladder":9,"minecraft:chest":2,"minecraft:spruce_planks":70,"minecraft:iron_sword":17,"minecraft:cooked_salmon":3,"minecraft:torch":44,"minecraft:dirt":29,"iceandfire:copper_sword":146,"create:cogwheel":4,"minecraft:golden_chestplate":1,"minecraft:spruce_boat":1,"create:gearbox":1,"minecraft:spruce_wood":3,"minecraft:iron_axe":317,"minecraft:light_gray_wool":1,"create:shaft":7,"iceandfire:chared_stone":8,"minecraft:oak_sapling":65,"minecraft:sweet_berries":9,"minecraft:furnace":2,"minecraft:cooked_cod":4,"create:belt_connector":2,"minecraft:golden_boots":2,"minecraft:cooked_mutton":10,"minecraft:water_bucket":14,"minecraft:diorite":24,"minecraft:spruce_door":6,"minecraft:stone_pickaxe":105,"minecraft:oak_planks":210,"minecraft:wooden_pickaxe":12,"minecraft:sand":32,"minecraft:crafting_table":8,"minecraft:white_bed":1,"minecraft:spruce_log":2,"minecraft:oak_log":7,"minecraft:apple":2,"minecraft:bread":35,"minecraft:iron_pickaxe":709,"create:andesite_casing":2,"minecraft:spruce_sapling":2,"minecraft:gravel":2,"create:large_water_wheel":2,"iceandfire:chared_cobblestone":11,"minecraft:stone_axe":219,"minecraft:fishing_rod":16,"minecraft:cobblestone":159,"minecraft:bucket":17,"minecraft:oak_boat":4,"create:large_cogwheel":3},"minecraft:picked_up":{"minecraft:fishing_rod":2,"minecraft:crafting_table":6,"iceandfire:copper_sword":13,"minecraft:golden_pickaxe":2,"electrodynamics:orealuminum":12,"tconstruct:materials_and_you":3,"minecraft:wooden_pickaxe":1,"minecraft:raw_copper":40,"minecraft:string":5,"electrodynamics:raworetin":18,"minecraft:flint_and_steel":6,"minecraft:iron_leggings":1,"minecraft:gold_nugget":64,"minecraft:cobbled_deepslate":32,"minecraft:spruce_planks":16,"minecraft:beef":1,"minecraft:oak_boat":3,"electrodynamics:oremolybdenum":15,"minecraft:iron_nugget":56,"ic2:hemp_seeds":22,"minecraft:iron_pickaxe":12,"minecraft:light_gray_wool":2,"minecraft:egg":8,"minecraft:furnace":2,"minecraft:stick":78,"minecraft:raw_iron":47,"minecraft:copper_ingot":12,"minecraft:oak_fence":1,"minecraft:torch":333,"create:andesite_casing":4,"iceandfire:silver_ore":12,"minecraft:fire_charge":2,"minecraft:porkchop":24,"minecraft:pointed_dripstone":6,"minecraft:diorite":115,"mekanism:raw_tin":20,"minecraft:arrow":20,"minecraft:rotten_flesh":3,"electrodynamics:oremonazite":48,"minecraft:cooked_cod":2,"minecraft:hay_block":105,"minecraft:gold_ingot":24,"minecraft:cobblestone":840,"minecraft:mutton":31,"minecraft:cod":8,"minecraft:white_wool":13,"minecraft:birch_log":4,"minecraft:stripped_oak_log":1,"minecraft:andesite":601,"minecraft:tripwire_hook":4,"minecraft:water_bucket":7,"minecraft:salmon":6,"minecraft:leather":6,"minecraft:flint":4,"create:raw_zinc":36,"minecraft:oak_log":260,"minecraft:golden_boots":18,"minecraft:gunpowder":3,"minecraft:lapis_lazuli":65,"minecraft:dirt":93,"minecraft:cooked_mutton":13,"minecraft:bone":9,"minecraft:apple":9,"electrodynamics:crystalpotassiumchloride":4,"minecraft:stone_bricks":3,"minecraft:kelp":27,"minecraft:wheat_seeds":7,"minecraft:iron_ingot":44,"minecraft:stone_pickaxe":8,"create:shaft":2,"minecraft:mossy_stone_bricks":1,"minecraft:iron_sword":1,"minecraft:oak_planks":88,"electrodynamics:raworelead":4,"iceandfire:chared_stone":121,"create:large_water_wheel":1,"minecraft:pumpkin":1,"ic2:wiki_item":4,"minecraft:cooked_porkchop":11,"minecraft:sweet_berries":9,"create:cogwheel":3,"ic2:raw_tin":90,"minecraft:dripstone_block":28,"minecraft:gravel":2,"minecraft:sand":53,"minecraft:spruce_sapling":2,"minecraft:spruce_log":65,"electrodynamics:dustniter":45,"minecraft:spruce_door":11,"minecraft:spider_eye":4,"iceandfire:chared_cobblestone":69,"minecraft:spruce_boat":1,"minecraft:stone_axe":6,"minecraft:iron_helmet":8,"minecraft:crossbow":11,"mekanism:fluorite_gem":6,"electrodynamics:crystalhalite":291,"minecraft:emerald":11,"minecraft:bread":312,"minecraft:oak_sapling":65,"minecraft:black_wool":1,"minecraft:dark_oak_fence":27,"minecraft:coal":281,"electrodynamics:raworevanadinite":8}},"DataVersion":3120}