{"stats":{"minecraft:killed_by":{"iceandfire:cyclops":2,"minecraft:creeper":3,"minecraft:pillager":1,"iceandfire:fire_dragon":15,"minecraft:skeleton":2},"minecraft:killed":{"minecraft:spider":5,"minecraft:skeleton":7,"minecraft:pig":4,"minecraft:zombie_villager":2,"minecraft:creeper":2,"minecraft:sheep":13,"minecraft:zombie":10,"minecraft:cow":2,"iceandfire:ghost":1},"minecraft:custom":{"minecraft:interact_with_crafting_table":105,"minecraft:leave_game":4,"minecraft:time_since_death":120632,"minecraft:sprint_one_cm":814470,"minecraft:drop":126,"minecraft:play_time":509005,"minecraft:deaths":26,"minecraft:jump":5668,"minecraft:walk_on_water_one_cm":99363,"minecraft:interact_with_furnace":86,"minecraft:sleep_in_bed":4,"minecraft:damage_dealt":7593,"minecraft:crouch_one_cm":175383,"minecraft:mob_kills":51,"minecraft:inspect_hopper":14,"minecraft:climb_one_cm":29053,"minecraft:walk_one_cm":905599,"minecraft:sneak_time":67170,"minecraft:walk_under_water_one_cm":100697,"minecraft:boat_one_cm":883439,"minecraft:total_world_time":509005,"minecraft:time_since_rest":26300,"minecraft:damage_taken":11730,"minecraft:trigger_trapped_chest":1,"minecraft:swim_one_cm":268027,"minecraft:fly_one_cm":1405741,"minecraft:open_chest":184,"minecraft:fish_caught":6,"minecraft:fall_one_cm":139296},"minecraft:used":{"minecraft:iron_shovel":214,"minecraft:ladder":9,"minecraft:chest":10,"minecraft:iron_sword":17,"minecraft:iron_chestplate":1,"create:fluid_tank":5,"create:cogwheel":70,"minecraft:obsidian":5,"minecraft:spruce_boat":1,"minecraft:spruce_wood":3,"iceandfire:chared_stone":8,"create:shaft":42,"minecraft:sweet_berries":9,"create:steam_engine":1,"minecraft:furnace":5,"minecraft:oak_sapling":65,"minecraft:cooked_cod":4,"minecraft:golden_boots":2,"minecraft:diorite":24,"minecraft:spruce_door":6,"minecraft:stone_pickaxe":105,"minecraft:oak_planks":257,"minecraft:wooden_pickaxe":12,"minecraft:sand":60,"minecraft:bread":63,"minecraft:string":1,"create:andesite_casing":7,"minecraft:gravel":2,"iceandfire:chared_cobblestone":11,"create:basin":4,"minecraft:andesite":27,"minecraft:oak_boat":7,"create:vertical_gearbox":17,"minecraft:golden_pickaxe":32,"create:large_cogwheel":42,"minecraft:flint_and_steel":8,"minecraft:spruce_planks":70,"minecraft:cooked_salmon":3,"minecraft:torch":71,"create:mechanical_pump":6,"minecraft:dirt":86,"create:mechanical_mixer":5,"minecraft:hopper":4,"iceandfire:copper_sword":267,"minecraft:golden_chestplate":1,"minecraft:wooden_axe":1,"create:wrench":31,"create:gearbox":9,"minecraft:iron_axe":629,"minecraft:light_gray_wool":1,"create:fluid_pipe":37,"create:belt_connector":15,"minecraft:iron_leggings":1,"minecraft:calcite":4,"minecraft:cooked_mutton":16,"minecraft:water_bucket":47,"minecraft:mossy_cobblestone":2,"minecraft:crafting_table":12,"minecraft:campfire":6,"minecraft:white_bed":7,"minecraft:spruce_log":2,"minecraft:oak_log":26,"minecraft:black_wool":1,"minecraft:apple":2,"create:mechanical_press":4,"minecraft:iron_pickaxe":1247,"minecraft:spruce_sapling":2,"create:large_water_wheel":4,"minecraft:stone_axe":219,"minecraft:fishing_rod":16,"minecraft:cobblestone":267,"minecraft:bucket":50,"tconstruct:sky_slime_crystal_block":12},"minecraft:picked_up":{"minecraft:iron_chestplate":2,"iceandfire:copper_sword":16,"minecraft:string":9,"minecraft:raw_copper":125,"electrodynamics:raworetin":18,"minecraft:iron_leggings":3,"create:mechanical_press":3,"minecraft:gold_nugget":64,"minecraft:cobbled_deepslate":32,"minecraft:bucket":2,"minecraft:spruce_planks":16,"minecraft:calcite":8,"minecraft:iron_pickaxe":15,"minecraft:iron_boots":1,"minecraft:furnace":4,"minecraft:stick":83,"create:mechanical_mixer":4,"minecraft:oak_fence":1,"minecraft:torch":399,"create:andesite_casing":49,"iceandfire:silver_ore":12,"minecraft:porkchop":24,"minecraft:pointed_dripstone":6,"minecraft:diorite":115,"minecraft:golden_chestplate":1,"mekanism:raw_tin":20,"create:large_cogwheel":32,"minecraft:rotten_flesh":17,"electrodynamics:oremonazite":48,"minecraft:cobblestone":1020,"minecraft:cod":8,"minecraft:birch_log":4,"minecraft:water_bucket":8,"minecraft:andesite":997,"create:belt_connector":3,"minecraft:flint":4,"create:raw_zinc":56,"minecraft:lapis_lazuli":80,"minecraft:dirt":178,"minecraft:glass":18,"minecraft:bone":20,"electrodynamics:crystalpotassiumchloride":4,"minecraft:wheat_seeds":8,"create:shaft":46,"minecraft:mossy_stone_bricks":1,"minecraft:oak_planks":115,"minecraft:cooked_porkchop":11,"create:cogwheel":56,"minecraft:sand":364,"minecraft:mossy_cobblestone":6,"iceandfire:chared_cobblestone":69,"minecraft:spruce_boat":1,"minecraft:crossbow":11,"electrodynamics:crystalhalite":291,"minecraft:bread":405,"minecraft:emerald":11,"minecraft:oak_sapling":77,"minecraft:dark_oak_fence":27,"electrodynamics:raworevanadinite":8,"minecraft:charcoal":2,"create:copper_sheet":29,"minecraft:fishing_rod":2,"minecraft:crafting_table":7,"electrodynamics:orealuminum":12,"minecraft:golden_pickaxe":2,"tconstruct:materials_and_you":3,"minecraft:wooden_pickaxe":1,"create:fluid_pipe":37,"minecraft:iron_axe":4,"minecraft:flint_and_steel":6,"minecraft:iron_shovel":2,"minecraft:beef":1,"minecraft:oak_boat":6,"electrodynamics:oremolybdenum":15,"create:basin":3,"minecraft:light_gray_wool":2,"minecraft:iron_nugget":56,"ic2:hemp_seeds":22,"minecraft:chest":3,"minecraft:egg":8,"minecraft:raw_iron":146,"create:golden_sheet":1,"minecraft:copper_ingot":102,"minecraft:fire_charge":2,"create:vertical_gearbox":14,"minecraft:arrow":29,"minecraft:cooked_cod":2,"minecraft:diamond_boots":1,"minecraft:hay_block":105,"minecraft:gold_ingot":30,"minecraft:mutton":31,"minecraft:white_wool":21,"minecraft:stripped_oak_log":1,"create:iron_sheet":6,"minecraft:tripwire_hook":4,"minecraft:salmon":6,"minecraft:leather":6,"minecraft:oak_log":473,"create:andesite_alloy":64,"minecraft:golden_boots":19,"minecraft:gunpowder":3,"tconstruct:sky_slime_crystal_block":24,"minecraft:cooked_mutton":19,"minecraft:apple":11,"minecraft:stone_bricks":3,"minecraft:kelp":246,"minecraft:iron_ingot":142,"minecraft:stone_pickaxe":8,"minecraft:iron_sword":1,"electrodynamics:raworelead":4,"iceandfire:chared_stone":121,"create:mechanical_bearing":2,"create:large_water_wheel":3,"minecraft:sweet_berries":9,"minecraft:pumpkin":1,"ic2:wiki_item":4,"ic2:raw_tin":90,"minecraft:gravel":3,"minecraft:dripstone_block":28,"minecraft:spruce_sapling":2,"minecraft:white_bed":7,"minecraft:spruce_log":65,"minecraft:spider_eye":4,"electrodynamics:dustniter":45,"minecraft:spruce_door":11,"create:gearbox":5,"minecraft:stone_axe":6,"create:mechanical_pump":8,"minecraft:iron_helmet":10,"mekanism:fluorite_gem":6,"minecraft:black_wool":4,"minecraft:coal":294,"minecraft:hopper":5},"minecraft:mined":{"minecraft:spruce_planks":13,"minecraft:white_bed":6,"create:andesite_casing":23,"tconstruct:sky_slime_crystal_block":13,"minecraft:granite":2,"ic2:tin_ore":13,"minecraft:grass_block":21,"electrodynamics:oretin":12,"minecraft:hopper":3,"create:belt":3,"minecraft:tall_seagrass":3,"minecraft:iron_ore":118,"electrodynamics:oreniter":1,"minecraft:fire":2,"minecraft:pumpkin":1,"minecraft:pointed_dripstone":2,"electrodynamics:deepslateoreniter":21,"create:mechanical_press":3,"minecraft:tripwire":1,"iceandfire:chared_cobblestone":44,"electrodynamics:oremonazite":12,"create:cogwheel":39,"ic2:rubber_leaves":4,"minecraft:kelp_plant":70,"minecraft:torch":2,"minecraft:calcite":6,"minecraft:chest":3,"mekanism:tin_ore":10,"minecraft:cobblestone":47,"minecraft:oak_planks":5,"minecraft:wall_torch":1,"electrodynamics:orehalite":27,"create:large_water_wheel":1,"minecraft:seagrass":5,"create:basin":3,"create:mechanical_mixer":4,"minecraft:grass":64,"minecraft:oak_log":437,"minecraft:sand":249,"minecraft:dirt":39,"minecraft:oak_leaves":185,"minecraft:deepslate":34,"iceandfire:chared_stone":51,"create:zinc_ore":34,"iceandfire:silver_ore":4,"minecraft:mossy_cobblestone":2,"electrodynamics:oremolybdenum":3,"minecraft:dark_oak_fence":22,"create:large_cogwheel":29,"minecraft:spruce_leaves":19,"minecraft:kelp":37,"minecraft:large_fern":3,"minecraft:hay_block":34,"create:shaft":24,"minecraft:furnace":3,"electrodynamics:orelead":4,"minecraft:andesite":298,"minecraft:deepslate_iron_ore":4,"minecraft:stripped_oak_log":1,"minecraft:stone":292,"electrodynamics:orealuminum":9,"electrodynamics:deepslateorevanadinite":4,"minecraft:spruce_door":5,"minecraft:dandelion":2,"minecraft:oak_fence":2,"minecraft:crafting_table":6,"create:fluid_pipe":7,"create:mechanical_pump":2,"minecraft:emerald_ore":8,"minecraft:campfire":1,"minecraft:tall_grass":21,"minecraft:copper_ore":36,"minecraft:lapis_ore":4,"minecraft:diorite":28,"create:water_wheel_structure":1,"create:gearbox":19,"electrodynamics:oresylvite":2,"minecraft:sweet_berry_bush":4,"minecraft:spruce_log":27,"minecraft:birch_leaves":1,"minecraft:black_wool":1,"minecraft:coal_ore":103,"minecraft:gravel":6,"mekanism:deepslate_fluorite_ore":2,"minecraft:stone_bricks":3,"minecraft:mossy_stone_bricks":1,"minecraft:fern":1},"minecraft:crafted":{"minecraft:oak_planks":798,"minecraft:barrel":13,"create:mechanical_bearing":1,"minecraft:cooked_mutton":17,"create:vertical_gearbox":2,"minecraft:glass":115,"minecraft:hopper":2,"minecraft:iron_boots":1,"create:mechanical_press":1,"minecraft:chest":10,"minecraft:copper_block":1,"create:cogwheel":69,"minecraft:oak_slab":108,"minecraft:cooked_porkchop":8,"minecraft:crafting_table":8,"minecraft:spruce_planks":92,"create:fluid_pipe":76,"minecraft:wooden_pickaxe":1,"minecraft:iron_helmet":1,"minecraft:spruce_door":3,"minecraft:copper_ingot":123,"minecraft:campfire":6,"create:mechanical_mixer":1,"create:gearbox":3,"minecraft:iron_chestplate":1,"create:water_wheel":2,"minecraft:stick":72,"create:mechanical_pump":5,"minecraft:iron_ingot":99,"minecraft:iron_pickaxe":6,"minecraft:iron_block":1,"minecraft:gold_ingot":1,"create:large_cogwheel":48,"create:wrench":1,"create:steam_engine":1,"minecraft:iron_nugget":126,"minecraft:furnace":2,"minecraft:iron_axe":3,"minecraft:spruce_wood":3,"minecraft:ladder":9,"minecraft:stone_pickaxe":1,"create:fluid_tank":8,"minecraft:spruce_boat":2,"create:basin":1,"create:belt_connector":6,"minecraft:wheat":315,"minecraft:cooked_cod":4,"create:andesite_alloy":88,"minecraft:dried_kelp":43,"create:goggles":2,"create:large_water_wheel":2,"minecraft:cooked_salmon":3,"minecraft:bucket":3,"minecraft:stone_axe":2,"minecraft:bread":107,"minecraft:air":0,"minecraft:oak_boat":3,"create:whisk":1,"minecraft:wooden_axe":1,"minecraft:iron_shovel":1,"minecraft:iron_leggings":1,"minecraft:white_bed":2,"create:shaft":216,"minecraft:torch":168,"create:zinc_ingot":10},"minecraft:broken":{"minecraft:iron_axe":2,"minecraft:iron_pickaxe":3,"minecraft:golden_pickaxe":1},"minecraft:dropped":{"minecraft:iron_sword":1,"minecraft:crossbow":7,"minecraft:dirt":1,"minecraft:iron_pickaxe":2,"minecraft:white_wool":2,"minecraft:gold_ingot":10,"minecraft:bone":9,"ic2:hemp_seeds":12,"minecraft:stone_axe":1,"minecraft:rotten_flesh":1,"minecraft:arrow":3,"minecraft:beef":1,"minecraft:golden_boots":2,"minecraft:iron_ingot":14,"minecraft:mossy_cobblestone":2,"minecraft:dripstone_block":15,"minecraft:oak_fence":1,"minecraft:iron_helmet":1,"minecraft:cobblestone":210,"minecraft:copper_ingot":76,"minecraft:stick":1,"minecraft:diorite":25,"minecraft:pumpkin":1,"minecraft:iron_axe":1,"minecraft:string":3,"minecraft:spruce_planks":2,"create:zinc_ingot":7,"minecraft:andesite":3,"minecraft:mossy_stone_bricks":1,"minecraft:stone_bricks":1,"minecraft:spider_eye":4,"minecraft:stone_pickaxe":3}},"DataVersion":3120}