{"stats":{"minecraft:killed_by":{"minecraft:piglin_brute":1,"minecraft:pillager":1,"iceandfire:cyclops":2,"minecraft:creeper":5,"minecraft:piglin":1,"iceandfire:ice_dragon":1,"iceandfire:fire_dragon":15,"minecraft:skeleton":2},"minecraft:killed":{"minecraft:skeleton":16,"minecraft:donkey":1,"minecraft:zombie":18,"minecraft:cow":4,"iceandfire:ghost":2,"minecraft:spider":8,"minecraft:piglin":1,"minecraft:pig":12,"minecraft:zombie_villager":2,"minecraft:creeper":3,"minecraft:sheep":13,"minecraft:blaze":4,"minecraft:phantom":6,"minecraft:wither_skeleton":1},"minecraft:custom":{"minecraft:interact_with_crafting_table":374,"minecraft:bell_ring":2,"minecraft:leave_game":19,"minecraft:time_since_death":220823,"minecraft:play_time":1977294,"minecraft:deaths":33,"minecraft:jump":17086,"minecraft:interact_with_furnace":221,"minecraft:traded_with_villager":104,"minecraft:sleep_in_bed":40,"minecraft:damage_dealt":17621,"minecraft:horse_one_cm":2727430,"minecraft:interact_with_anvil":2,"minecraft:inspect_hopper":68,"minecraft:sneak_time":219950,"minecraft:interact_with_blast_furnace":4,"minecraft:total_world_time":1977294,"minecraft:time_since_rest":96591,"minecraft:swim_one_cm":458427,"minecraft:fly_one_cm":3294201,"minecraft:open_chest":1316,"minecraft:fish_caught":25,"minecraft:fall_one_cm":345713,"minecraft:sprint_one_cm":2299898,"minecraft:drop":524,"minecraft:talked_to_villager":202,"minecraft:walk_on_water_one_cm":280249,"minecraft:crouch_one_cm":640308,"minecraft:mob_kills":97,"minecraft:climb_one_cm":56035,"minecraft:walk_one_cm":4003005,"minecraft:walk_under_water_one_cm":224726,"minecraft:boat_one_cm":1024937,"minecraft:damage_taken":21063,"minecraft:damage_absorbed":118,"minecraft:trigger_trapped_chest":2},"minecraft:used":{"create:deployer":11,"minecraft:ladder":9,"minecraft:chest":42,"minecraft:stone":11,"create:fluid_tank":70,"create:white_sail":37,"create:mechanical_crafter":51,"create:depot":9,"minecraft:stripped_spruce_log":1,"minecraft:spruce_boat":1,"minecraft:lava_bucket":24,"minecraft:copper_ore":18,"create:andesite_funnel":26,"create:rotation_speed_controller":14,"minecraft:furnace":9,"iceandfire:chared_stone":8,"minecraft:sweet_berries":9,"create:shaft":332,"create:steam_engine":11,"minecraft:oak_sapling":83,"minecraft:cooked_cod":17,"minecraft:egg":1,"minecraft:diorite":29,"minecraft:spruce_door":6,"minecraft:wooden_pickaxe":12,"minecraft:oak_leaves":3,"create:spout":2,"minecraft:golden_apple":5,"minecraft:sand":65,"minecraft:deepslate_iron_ore":7,"iceandfire:chared_cobblestone":11,"minecraft:diamond_sword":89,"minecraft:nether_wart_block":3,"create:basin":10,"minecraft:oak_boat":9,"minecraft:oak_trapdoor":6,"create:veridium":17,"minecraft:cooked_salmon":7,"minecraft:netherrack":708,"minecraft:torch":229,"iceandfire:copper_sword":325,"create:wrench":2079,"create:gearbox":61,"minecraft:iron_axe":630,"iceandfire:dragon_ice":1,"minecraft:smooth_basalt":6,"create:encased_chain_drive":173,"minecraft:basalt":1,"create:fluid_pipe":137,"minecraft:acacia_planks":2,"minecraft:cobbled_deepslate":26,"create:belt_connector":110,"minecraft:pointed_dripstone":29,"minecraft:calcite":5,"minecraft:wheat_seeds":253,"minecraft:water_bucket":180,"create:brass_tunnel":4,"minecraft:cauldron":31,"create:blaze_burner":17,"minecraft:mossy_cobblestone":2,"minecraft:rail":1,"create:encased_fan":8,"minecraft:oak_slab":5,"minecraft:crafting_table":21,"minecraft:campfire":11,"minecraft:white_bed":14,"minecraft:spruce_log":71,"minecraft:oak_log":142,"minecraft:diamond_pickaxe":1312,"minecraft:diamond_shovel":758,"minecraft:iron_pickaxe":3836,"create:mechanical_arm":34,"minecraft:spruce_sapling":12,"minecraft:crimson_nylium":22,"minecraft:cobblestone":729,"minecraft:cooked_porkchop":20,"minecraft:stripped_oak_log":2,"minecraft:iron_shovel":214,"create:portable_storage_interface":4,"minecraft:iron_sword":27,"minecraft:iron_chestplate":1,"create:mechanical_bearing":3,"minecraft:spruce_leaves":11,"create:cogwheel":231,"minecraft:carrot":116,"minecraft:tuff":2,"minecraft:obsidian":14,"minecraft:glass":115,"minecraft:coal_ore":4,"minecraft:spruce_wood":3,"create:millstone":6,"minecraft:deepslate_diamond_ore":1,"create:mechanical_drill":7,"minecraft:golden_boots":2,"create:crushing_wheel":2,"minecraft:stone_pickaxe":105,"minecraft:oak_planks":485,"minecraft:sugar_cane":2,"minecraft:diamond_axe":1200,"create:mechanical_saw":4,"minecraft:golden_hoe":33,"minecraft:deepslate_redstone_ore":4,"minecraft:dripstone_block":94,"minecraft:lever":1,"minecraft:bread":165,"minecraft:string":1,"create:andesite_casing":7,"minecraft:deepslate":36,"minecraft:gravel":3,"minecraft:andesite":52,"create:vertical_gearbox":65,"minecraft:bone_meal":11,"minecraft:golden_pickaxe":32,"create:large_cogwheel":166,"minecraft:flint_and_steel":16,"create:item_vault":21,"minecraft:redstone":3,"minecraft:spruce_planks":361,"create:mechanical_pump":21,"minecraft:dirt":980,"create:mechanical_mixer":6,"minecraft:hopper":17,"minecraft:golden_chestplate":2,"minecraft:granite":2,"create:chute":5,"create:smart_chute":1,"minecraft:iron_hoe":38,"minecraft:dark_oak_planks":1,"minecraft:wooden_axe":7,"minecraft:iron_boots":1,"create:cart_assembler":1,"minecraft:light_gray_wool":1,"create:radial_chassis":4,"minecraft:minecart":1,"minecraft:stone_pressure_plate":1,"minecraft:iron_leggings":1,"minecraft:cooked_mutton":16,"minecraft:acacia_boat":1,"minecraft:iron_ore":9,"create:empty_blaze_burner":5,"create:brass_funnel":18,"create:linear_chassis":16,"minecraft:black_wool":1,"minecraft:apple":5,"create:mechanical_press":11,"create:windmill_bearing":2,"minecraft:cracked_polished_blackstone_bricks":2,"create:large_water_wheel":45,"minecraft:stone_axe":220,"minecraft:fishing_rod":45,"minecraft:bucket":208,"tconstruct:sky_slime_crystal_block":12},"minecraft:picked_up":{"minecraft:iron_chestplate":5,"iceandfire:copper_sword":16,"mekanism:raw_uranium":1,"create:spout":1,"minecraft:diamond_sword":2,"minecraft:enchanted_book":4,"minecraft:string":9,"minecraft:soul_soil":5,"electrodynamics:raworetin":18,"minecraft:pufferfish":2,"minecraft:diamond_leggings":3,"minecraft:gold_nugget":107,"minecraft:cobbled_deepslate":110,"minecraft:spruce_planks":34,"minecraft:melon_slice":20,"mekanism:tin_ore":1,"minecraft:acacia_log":4,"create:andesite_casing":68,"iceandfire:silver_ore":12,"minecraft:golden_chestplate":3,"mekanism:raw_tin":20,"minecraft:cauldron":1,"electrodynamics:oremonazite":50,"create:ochrum":1,"minecraft:glowstone":10,"minecraft:blaze_rod":1,"minecraft:birch_log":4,"minecraft:magma_block":3,"minecraft:water_bucket":9,"minecraft:flint":261,"create:encased_chain_drive":1,"create:shaft":66,"minecraft:diamond_helmet":2,"minecraft:glowstone_dust":25,"minecraft:warped_wart_block":1,"create:empty_blaze_burner":3,"minecraft:stripped_spruce_log":1,"iceandfire:chared_cobblestone":69,"minecraft:deepslate":72,"minecraft:lever":1,"minecraft:deepslate_gold_ore":12,"electrodynamics:orelepidolite":2,"minecraft:granite":5,"electrodynamics:crystalhalite":291,"minecraft:bread":410,"minecraft:dark_oak_fence":27,"minecraft:crimson_roots":3,"electrodynamics:raworevanadinite":8,"minecraft:diamond_pickaxe":4,"create:copper_sheet":37,"minecraft:spruce_leaves":11,"minecraft:crafting_table":14,"minecraft:golden_pickaxe":2,"tconstruct:materials_and_you":3,"create:fluid_pipe":41,"minecraft:flint_and_steel":7,"minecraft:iron_shovel":2,"create:deepslate_zinc_ore":15,"minecraft:cracked_stone_bricks":4,"create:brass_funnel":3,"minecraft:deepslate_diamond_ore":5,"minecraft:beef":5,"minecraft:iron_nugget":238,"ic2:hemp_seeds":41,"minecraft:spruce_slab":7,"minecraft:minecart":1,"minecraft:chest":19,"minecraft:egg":12,"minecraft:copper_ore":40,"minecraft:stone":306,"minecraft:fire_charge":2,"minecraft:carrot":108,"minecraft:redstone":137,"create:steam_engine":3,"create:vertical_gearbox":14,"tconstruct:sky_slime_ball":60,"minecraft:cooked_cod":2,"minecraft:diamond_chestplate":2,"minecraft:beetroot_seeds":2,"minecraft:shears":1,"minecraft:diamond_boots":4,"minecraft:hay_block":120,"create:depot":1,"minecraft:gold_ingot":32,"minecraft:mutton":31,"minecraft:rail":2,"minecraft:white_wool":30,"minecraft:stripped_oak_log":3,"minecraft:birch_leaves":2,"create:iron_sheet":8,"mekanism:raw_lead":5,"minecraft:tripwire_hook":4,"minecraft:oak_log":787,"minecraft:golden_boots":20,"tconstruct:sky_slime_crystal_block":24,"create:crushing_wheel":6,"minecraft:stone_bricks":3,"minecraft:apple":23,"minecraft:kelp":246,"minecraft:stone_pickaxe":8,"minecraft:iron_ore":17,"minecraft:iron_sword":3,"iceandfire:chared_stone":121,"minecraft:smooth_basalt":6,"ic2:wiki_item":4,"minecraft:sweet_berries":9,"minecraft:gravel":44,"minecraft:spruce_sapling":20,"minecraft:spruce_log":475,"minecraft:crying_obsidian":1,"electrodynamics:dustniter":45,"create:gearbox":5,"create:millstone":1,"minecraft:coal_ore":4,"minecraft:stone_axe":6,"electrodynamics:oretin":2,"create:mechanical_pump":9,"minecraft:diamond_axe":5,"minecraft:deepslate_redstone_ore":4,"create:portable_storage_interface":1,"minecraft:melon_seeds":2,"minecraft:crimson_nylium":22,"minecraft:hopper":12,"minecraft:ender_pearl":1,"minecraft:wheat":185,"minecraft:nether_brick_fence":2,"minecraft:raw_copper":504,"minecraft:deepslate_lapis_ore":2,"minecraft:iron_leggings":4,"create:mechanical_press":5,"minecraft:bucket":6,"minecraft:calcite":12,"minecraft:iron_pickaxe":23,"minecraft:deepslate_iron_ore":7,"minecraft:furnace":8,"minecraft:iron_boots":3,"minecraft:stick":89,"create:mechanical_mixer":4,"minecraft:oak_fence":1,"minecraft:torch":473,"minecraft:porkchop":41,"minecraft:pointed_dripstone":53,"minecraft:diorite":121,"create:large_cogwheel":53,"minecraft:nether_gold_ore":12,"minecraft:rotten_flesh":22,"create:veridium":17,"minecraft:obsidian":4,"minecraft:cod":21,"minecraft:cobblestone":1747,"minecraft:andesite":1750,"create:belt_connector":7,"minecraft:tuff":13,"create:raw_zinc":176,"minecraft:lapis_lazuli":166,"minecraft:dirt":1095,"electrodynamics:oresilver":4,"minecraft:glass":24,"minecraft:bone":63,"electrodynamics:crystalpotassiumchloride":4,"minecraft:bow":1,"minecraft:wheat_seeds":1027,"minecraft:raw_gold":46,"minecraft:bell":1,"tconstruct:sky_congealed_slime":1,"minecraft:mossy_stone_bricks":1,"minecraft:oak_planks":153,"tconstruct:necrotic_bone":2,"minecraft:cooked_porkchop":13,"create:cogwheel":83,"minecraft:sand":370,"minecraft:mossy_cobblestone":10,"minecraft:diamond":10,"minecraft:spruce_boat":1,"iceandfire:dragon_ice":1,"minecraft:cracked_polished_blackstone_bricks":8,"minecraft:crossbow":11,"minecraft:golden_apple":3,"minecraft:emerald":29,"iceandfire:silver_nugget":10,"minecraft:oak_sapling":92,"minecraft:netherrack":1142,"minecraft:oak_leaves":75,"minecraft:fishing_rod":2,"minecraft:charcoal":4,"electrodynamics:orealuminum":12,"minecraft:wooden_pickaxe":1,"minecraft:gold_block":10,"minecraft:diamond_horse_armor":1,"minecraft:chain":1,"minecraft:iron_axe":4,"minecraft:blackstone":20,"minecraft:oak_boat":7,"electrodynamics:oremolybdenum":15,"create:basin":5,"minecraft:light_gray_wool":2,"minecraft:sugar_cane":8,"minecraft:phantom_membrane":2,"minecraft:raw_iron":266,"create:golden_sheet":4,"minecraft:copper_ingot":108,"minecraft:bowl":1,"minecraft:polished_blackstone_bricks":10,"create:zinc_ingot":5,"minecraft:dark_oak_planks":2,"iceandfire:silver_ingot":2,"minecraft:arrow":50,"minecraft:nether_bricks":34,"minecraft:saddle":1,"minecraft:basalt":132,"minecraft:salmon":10,"minecraft:leather":11,"create:andesite_alloy":124,"minecraft:nether_wart_block":3,"minecraft:gunpowder":5,"create:blaze_burner":4,"create:item_vault":1,"minecraft:cooked_mutton":19,"minecraft:iron_ingot":270,"electrodynamics:raworelead":4,"minecraft:oak_slab":6,"create:mechanical_bearing":2,"create:large_water_wheel":10,"minecraft:pumpkin":1,"ic2:raw_tin":90,"minecraft:dandelion":22,"minecraft:quartz":141,"minecraft:dripstone_block":192,"minecraft:white_bed":13,"create:brass_tunnel":1,"minecraft:spruce_door":11,"mekanism:raw_osmium":11,"minecraft:spider_eye":4,"create:brass_ingot":18,"minecraft:campfire":5,"mekanism:fluorite_gem":40,"minecraft:iron_helmet":10,"minecraft:black_wool":4,"minecraft:coal":507},"minecraft:mined":{"minecraft:dark_oak_planks":1,"minecraft:white_bed":12,"electrodynamics:deepslateoresulfur":2,"create:andesite_casing":28,"tconstruct:sky_slime_crystal_block":14,"minecraft:obsidian":3,"minecraft:granite":7,"ic2:tin_ore":13,"minecraft:acacia_log":4,"create:item_vault":1,"minecraft:hopper":10,"create:belt":6,"minecraft:spawner":2,"electrodynamics:oresilver":4,"minecraft:polished_blackstone_bricks":11,"minecraft:tall_seagrass":3,"minecraft:magma_block":3,"electrodynamics:oreniter":1,"minecraft:fire":24,"minecraft:pumpkin":1,"minecraft:deepslate_lapis_ore":9,"create:veridium":17,"create:mechanical_press":5,"minecraft:tripwire":1,"electrodynamics:oremonazite":14,"create:cogwheel":45,"mekanism:osmium_ore":9,"minecraft:kelp_plant":70,"minecraft:crimson_nylium":28,"minecraft:torch":16,"minecraft:melon":2,"mekanism:tin_ore":11,"minecraft:glass":22,"minecraft:sugar_cane":4,"minecraft:amethyst_block":1,"create:basin":5,"minecraft:wheat":196,"create:mechanical_mixer":4,"ic2:deepslate_silver_ore":1,"minecraft:grass":123,"minecraft:smooth_basalt":12,"minecraft:deepslate":263,"create:zinc_ore":118,"create:millstone":1,"iceandfire:silver_ore":4,"minecraft:mossy_cobblestone":6,"minecraft:nether_bricks":24,"minecraft:dark_oak_fence":22,"minecraft:crimson_roots":2,"minecraft:redstone_wire":3,"minecraft:kelp":37,"minecraft:redstone_ore":3,"create:shaft":31,"electrodynamics:orelead":4,"minecraft:andesite":927,"minecraft:rail":2,"electrodynamics:orealuminum":9,"minecraft:oak_slab":2,"minecraft:dandelion":5,"create:fluid_pipe":7,"create:mechanical_pump":2,"minecraft:emerald_ore":8,"minecraft:campfire":7,"minecraft:tall_grass":35,"minecraft:copper_ore":150,"minecraft:deepslate_gold_ore":53,"minecraft:diorite":35,"minecraft:warped_wart_block":1,"create:water_wheel_structure":1,"create:gearbox":20,"electrodynamics:oresylvite":2,"minecraft:spruce_log":441,"minecraft:birch_leaves":3,"minecraft:dripstone_block":170,"minecraft:gravel":8,"mekanism:deepslate_fluorite_ore":13,"mekanism:deepslate_uranium_ore":1,"minecraft:stone_bricks":3,"minecraft:gold_ore":5,"minecraft:fern":1,"tconstruct:sky_congealed_slime":16,"create:deepslate_zinc_ore":51,"minecraft:spruce_planks":33,"minecraft:oak_sapling":4,"minecraft:sculk_vein":1,"minecraft:grass_block":312,"minecraft:cracked_polished_blackstone_bricks":9,"minecraft:soul_soil":2,"electrodynamics:oretin":14,"minecraft:glowstone":23,"minecraft:iron_ore":179,"minecraft:pointed_dripstone":16,"electrodynamics:deepslateoreniter":21,"electrodynamics:orelepidolite":2,"iceandfire:chared_cobblestone":44,"minecraft:deepslate_redstone_ore":31,"ic2:rubber_leaves":4,"minecraft:blackstone":21,"minecraft:melon_stem":2,"minecraft:calcite":12,"minecraft:chest":20,"minecraft:nether_quartz_ore":101,"minecraft:cobblestone":112,"minecraft:oak_planks":15,"minecraft:wall_torch":12,"minecraft:cauldron":1,"electrodynamics:orehalite":27,"minecraft:deepslate_copper_ore":12,"create:large_water_wheel":1,"minecraft:seagrass":5,"minecraft:nether_wart_block":3,"minecraft:oak_log":655,"minecraft:sand":255,"minecraft:dirt":678,"minecraft:netherrack":1194,"minecraft:oak_leaves":267,"iceandfire:chared_stone":51,"create:brass_funnel":2,"minecraft:nether_gold_ore":20,"minecraft:crying_obsidian":1,"minecraft:tuff":19,"minecraft:deepslate_diamond_ore":12,"electrodynamics:oremolybdenum":3,"mekanism:deepslate_osmium_ore":2,"minecraft:lever":1,"create:large_cogwheel":35,"create:ochrum":1,"minecraft:spruce_leaves":88,"iceandfire:dragon_ice":1,"minecraft:large_fern":3,"minecraft:hay_block":49,"minecraft:furnace":7,"minecraft:carrots":20,"minecraft:stripped_spruce_log":1,"minecraft:gold_block":6,"minecraft:nether_brick_fence":2,"minecraft:deepslate_iron_ore":80,"minecraft:stripped_oak_log":3,"minecraft:stone":604,"mekanism:deepslate_lead_ore":5,"electrodynamics:deepslateorevanadinite":4,"minecraft:basalt":134,"minecraft:spruce_door":5,"minecraft:oak_fence":2,"minecraft:crafting_table":12,"minecraft:lapis_ore":10,"minecraft:sculk":1,"minecraft:sweet_berry_bush":4,"minecraft:black_wool":1,"minecraft:coal_ore":306,"minecraft:cracked_stone_bricks":2,"minecraft:mossy_stone_bricks":1},"minecraft:crafted":{"minecraft:lever":1,"create:item_vault":9,"minecraft:cooked_mutton":17,"minecraft:iron_bars":16,"create:vertical_gearbox":8,"create:radial_chassis":6,"create:rotation_speed_controller":1,"minecraft:glass":117,"create:andesite_funnel":18,"create:mechanical_press":2,"minecraft:stone_pressure_plate":1,"create:brass_funnel":8,"create:cogwheel":191,"create:rose_quartz":20,"minecraft:emerald":102,"minecraft:cooked_porkchop":25,"minecraft:spruce_door":3,"minecraft:copper_ingot":315,"minecraft:campfire":6,"create:encased_chain_drive":41,"create:mechanical_mixer":1,"create:gearbox":22,"create:encased_fan":6,"minecraft:iron_pickaxe":11,"minecraft:iron_block":1,"minecraft:gold_ingot":19,"create:large_cogwheel":66,"create:propeller":8,"create:wrench":1,"minecraft:iron_nugget":792,"create:white_sail":20,"create:smart_chute":1,"minecraft:bone_meal":12,"minecraft:ladder":9,"minecraft:spruce_slab":18,"minecraft:stone_pickaxe":1,"minecraft:spruce_boat":2,"create:electron_tube":20,"create:belt_connector":22,"create:windmill_bearing":1,"minecraft:wheat":450,"create:brass_tunnel":4,"minecraft:dried_kelp":155,"create:goggles":3,"minecraft:enchanted_book":1,"create:mechanical_arm":1,"minecraft:wooden_axe":1,"minecraft:iron_shovel":3,"minecraft:iron_leggings":1,"minecraft:white_bed":2,"create:shaft":416,"minecraft:oak_planks":1874,"minecraft:barrel":62,"minecraft:stone":5,"create:mechanical_bearing":1,"create:deployer":4,"minecraft:hopper":2,"minecraft:iron_boots":1,"create:cart_assembler":1,"minecraft:chest":26,"create:spout":1,"minecraft:oak_button":12,"minecraft:copper_block":5,"create:brass_hand":4,"create:depot":7,"minecraft:oak_slab":126,"minecraft:cauldron":28,"minecraft:crafting_table":23,"minecraft:spruce_planks":876,"create:mechanical_saw":3,"create:fluid_pipe":132,"minecraft:wooden_pickaxe":1,"minecraft:iron_helmet":2,"create:sand_paper":5,"minecraft:iron_chestplate":1,"minecraft:paper":6,"minecraft:diamond_pickaxe":2,"create:water_wheel":8,"create:super_glue":2,"create:portable_storage_interface":2,"minecraft:stick":1194,"create:mechanical_pump":9,"minecraft:iron_ingot":171,"minecraft:shears":1,"create:empty_blaze_burner":13,"create:chute":16,"create:steam_engine":4,"minecraft:furnace":3,"minecraft:oak_trapdoor":6,"minecraft:flint_and_steel":1,"minecraft:iron_axe":4,"minecraft:spruce_wood":3,"minecraft:iron_hoe":1,"create:millstone":6,"create:fluid_tank":53,"tconstruct:sky_slime_ball":4,"create:basin":5,"minecraft:minecart":2,"minecraft:cooked_cod":17,"create:andesite_alloy":390,"minecraft:iron_sword":1,"create:large_water_wheel":8,"minecraft:cooked_salmon":7,"minecraft:bucket":9,"minecraft:stone_axe":3,"minecraft:bread":212,"minecraft:acacia_boat":1,"minecraft:air":0,"minecraft:oak_boat":3,"create:whisk":1,"create:linear_chassis":12,"create:mechanical_crafter":24,"create:mechanical_drill":9,"minecraft:acacia_planks":16,"minecraft:torch":276,"create:zinc_ingot":71},"minecraft:broken":{"minecraft:iron_axe":2,"minecraft:iron_pickaxe":8,"minecraft:golden_hoe":1,"minecraft:golden_pickaxe":1,"create:sand_paper":2},"minecraft:dropped":{"minecraft:iron_sword":1,"minecraft:cooked_porkchop":1,"minecraft:crossbow":7,"create:cogwheel":13,"minecraft:emerald":18,"minecraft:dirt":19,"minecraft:bone_meal":1,"minecraft:sand":2,"minecraft:iron_pickaxe":2,"minecraft:white_wool":2,"minecraft:bone":9,"minecraft:stone_axe":1,"minecraft:iron_nugget":14,"minecraft:cobbled_deepslate":1,"minecraft:wheat":2,"minecraft:rotten_flesh":4,"minecraft:oak_planks":2,"minecraft:spruce_slab":7,"minecraft:glass":1,"minecraft:beef":2,"minecraft:iron_ingot":434,"minecraft:golden_boots":2,"minecraft:birch_leaves":1,"minecraft:wheat_seeds":479,"minecraft:dripstone_block":16,"minecraft:oak_fence":1,"minecraft:iron_helmet":1,"minecraft:cobblestone":445,"minecraft:apple":6,"minecraft:granite":1,"minecraft:pufferfish":1,"minecraft:pumpkin":1,"minecraft:paper":1,"minecraft:string":3,"minecraft:spruce_sapling":3,"minecraft:shears":1,"minecraft:pumpkin_seeds":2,"minecraft:stone":54,"minecraft:spruce_planks":2,"create:zinc_ingot":54,"minecraft:stone_bricks":1,"minecraft:spider_eye":4,"create:belt_connector":1,"minecraft:diamond_axe":2,"minecraft:oak_log":1,"minecraft:leather":1,"minecraft:flint":1480,"minecraft:crimson_roots":3,"minecraft:polished_blackstone_bricks":3,"create:large_cogwheel":4,"minecraft:gold_ingot":16,"ic2:hemp_seeds":22,"minecraft:gravel":8,"minecraft:blackstone":19,"minecraft:beetroot_seeds":4,"minecraft:melon_seeds":2,"create:brass_ingot":39,"create:depot":1,"minecraft:arrow":5,"minecraft:oak_leaves":48,"minecraft:netherrack":43,"minecraft:oak_slab":4,"minecraft:mossy_cobblestone":2,"minecraft:bookshelf":1,"minecraft:copper_ingot":268,"minecraft:stick":67,"minecraft:diorite":25,"create:blaze_burner":3,"minecraft:iron_axe":1,"minecraft:bucket":2,"minecraft:dandelion":11,"create:shaft":8,"minecraft:oak_button":12,"minecraft:iron_chestplate":2,"minecraft:andesite":10,"minecraft:mossy_stone_bricks":1,"minecraft:oak_sapling":8,"minecraft:spruce_log":99,"minecraft:stone_pickaxe":3,"minecraft:calcite":2,"create:golden_sheet":9}},"DataVersion":3120}