{"stats":{"minecraft:killed":{"minecraft:spider":3,"minecraft:skeleton":2,"minecraft:pig":3,"minecraft:zombie_villager":1,"minecraft:creeper":2,"minecraft:sheep":5,"iceandfire:ghost":1,"minecraft:cow":2},"minecraft:killed_by":{"iceandfire:cyclops":2,"minecraft:creeper":1,"minecraft:pillager":1,"minecraft:skeleton":1,"iceandfire:fire_dragon":12},"minecraft:dropped":{"minecraft:golden_boots":1,"minecraft:iron_sword":1,"minecraft:dripstone_block":15,"minecraft:crossbow":7,"minecraft:cobblestone":210,"minecraft:oak_fence":1,"minecraft:iron_helmet":1,"minecraft:dirt":1,"minecraft:diorite":25,"minecraft:iron_pickaxe":2,"minecraft:string":3,"minecraft:white_wool":2,"minecraft:bone":4,"ic2:hemp_seeds":4,"minecraft:stone_axe":1,"minecraft:rotten_flesh":1,"minecraft:spruce_planks":2,"minecraft:andesite":3,"minecraft:mossy_stone_bricks":1,"minecraft:stone_bricks":1,"minecraft:spider_eye":4,"minecraft:stone_pickaxe":3,"minecraft:beef":1},"minecraft:crafted":{"minecraft:oak_planks":280,"minecraft:furnace":1,"minecraft:cooked_mutton":11,"minecraft:iron_axe":1,"minecraft:ladder":9,"minecraft:spruce_wood":3,"minecraft:stone_pickaxe":1,"minecraft:chest":2,"minecraft:spruce_boat":2,"minecraft:wheat":189,"minecraft:cooked_cod":4,"minecraft:cooked_porkchop":8,"minecraft:crafting_table":3,"minecraft:spruce_planks":92,"minecraft:wooden_pickaxe":1,"minecraft:spruce_door":3,"minecraft:cooked_salmon":3,"minecraft:bucket":2,"minecraft:stone_axe":2,"minecraft:bread":65,"minecraft:air":0,"minecraft:stick":44,"minecraft:iron_ingot":1,"minecraft:iron_pickaxe":3,"minecraft:torch":116},"minecraft:broken":{"minecraft:iron_pickaxe":1},"minecraft:custom":{"minecraft:mob_kills":19,"minecraft:interact_with_crafting_table":25,"minecraft:leave_game":1,"minecraft:time_since_death":18007,"minecraft:climb_one_cm":2448,"minecraft:sprint_one_cm":353678,"minecraft:walk_one_cm":268614,"minecraft:drop":61,"minecraft:play_time":145496,"minecraft:deaths":19,"minecraft:sneak_time":26431,"minecraft:walk_under_water_one_cm":23730,"minecraft:boat_one_cm":210553,"minecraft:jump":2300,"minecraft:walk_on_water_one_cm":29251,"minecraft:total_world_time":145496,"minecraft:interact_with_furnace":17,"minecraft:time_since_rest":18032,"minecraft:damage_taken":7414,"minecraft:trigger_trapped_chest":1,"minecraft:damage_dealt":2959,"minecraft:fly_one_cm":401396,"minecraft:swim_one_cm":108089,"minecraft:open_chest":59,"minecraft:crouch_one_cm":75399,"minecraft:fish_caught":6,"minecraft:fall_one_cm":71705},"minecraft:mined":{"create:zinc_ore":12,"minecraft:spruce_planks":13,"iceandfire:silver_ore":4,"electrodynamics:oremolybdenum":3,"minecraft:granite":2,"minecraft:dark_oak_fence":22,"ic2:tin_ore":13,"minecraft:grass_block":10,"electrodynamics:oretin":12,"minecraft:spruce_leaves":19,"minecraft:large_fern":3,"minecraft:hay_block":34,"minecraft:furnace":1,"electrodynamics:orelead":4,"minecraft:iron_ore":17,"electrodynamics:oreniter":1,"minecraft:andesite":2,"minecraft:pointed_dripstone":2,"minecraft:deepslate_iron_ore":4,"minecraft:stripped_oak_log":1,"electrodynamics:deepslateoreniter":21,"electrodynamics:orealuminum":9,"minecraft:stone":164,"iceandfire:chared_cobblestone":44,"electrodynamics:oremonazite":12,"electrodynamics:deepslateorevanadinite":4,"ic2:rubber_leaves":4,"minecraft:spruce_door":5,"minecraft:oak_fence":2,"minecraft:crafting_table":3,"minecraft:emerald_ore":8,"mekanism:tin_ore":10,"minecraft:cobblestone":12,"minecraft:tall_grass":9,"minecraft:lapis_ore":2,"minecraft:oak_planks":3,"minecraft:diorite":28,"electrodynamics:orehalite":27,"electrodynamics:oresylvite":2,"minecraft:sweet_berry_bush":4,"minecraft:spruce_log":27,"minecraft:birch_leaves":1,"minecraft:grass":31,"minecraft:oak_log":149,"minecraft:coal_ore":79,"mekanism:deepslate_fluorite_ore":2,"minecraft:gravel":5,"minecraft:dirt":3,"minecraft:stone_bricks":3,"minecraft:mossy_stone_bricks":1,"minecraft:deepslate":34,"minecraft:oak_leaves":61,"minecraft:fern":1,"iceandfire:chared_stone":51},"minecraft:used":{"minecraft:ladder":8,"minecraft:spruce_planks":70,"minecraft:chest":2,"minecraft:iron_sword":17,"minecraft:cooked_salmon":3,"minecraft:torch":35,"minecraft:dirt":10,"iceandfire:copper_sword":85,"minecraft:spruce_boat":1,"minecraft:spruce_wood":3,"minecraft:iron_axe":144,"minecraft:light_gray_wool":1,"iceandfire:chared_stone":8,"minecraft:sweet_berries":9,"minecraft:furnace":2,"minecraft:oak_sapling":35,"minecraft:cooked_cod":4,"minecraft:golden_boots":1,"minecraft:cooked_mutton":7,"minecraft:water_bucket":6,"minecraft:diorite":24,"minecraft:spruce_door":6,"minecraft:stone_pickaxe":105,"minecraft:oak_planks":131,"minecraft:wooden_pickaxe":12,"minecraft:crafting_table":5,"minecraft:spruce_log":2,"minecraft:bread":13,"minecraft:iron_pickaxe":478,"minecraft:spruce_sapling":2,"minecraft:gravel":2,"iceandfire:chared_cobblestone":11,"minecraft:stone_axe":217,"minecraft:fishing_rod":16,"minecraft:cobblestone":156,"minecraft:bucket":8},"minecraft:picked_up":{"minecraft:fishing_rod":2,"minecraft:crafting_table":4,"iceandfire:copper_sword":9,"electrodynamics:orealuminum":12,"tconstruct:materials_and_you":3,"minecraft:wooden_pickaxe":1,"minecraft:string":5,"electrodynamics:raworetin":18,"minecraft:flint_and_steel":4,"minecraft:iron_leggings":1,"minecraft:gold_nugget":64,"minecraft:cobbled_deepslate":32,"minecraft:spruce_planks":16,"minecraft:beef":1,"electrodynamics:oremolybdenum":15,"ic2:hemp_seeds":6,"minecraft:iron_pickaxe":8,"minecraft:light_gray_wool":1,"minecraft:furnace":2,"minecraft:stick":59,"minecraft:raw_iron":30,"minecraft:copper_ingot":12,"minecraft:oak_fence":1,"minecraft:torch":278,"iceandfire:silver_ore":12,"minecraft:fire_charge":2,"minecraft:porkchop":24,"minecraft:pointed_dripstone":6,"minecraft:diorite":115,"mekanism:raw_tin":20,"electrodynamics:oremonazite":48,"minecraft:arrow":20,"minecraft:cooked_cod":2,"minecraft:rotten_flesh":1,"minecraft:hay_block":105,"minecraft:gold_ingot":24,"minecraft:mutton":25,"minecraft:cobblestone":810,"minecraft:cod":8,"minecraft:white_wool":6,"minecraft:stripped_oak_log":1,"minecraft:water_bucket":7,"minecraft:tripwire_hook":4,"minecraft:andesite":5,"minecraft:salmon":6,"minecraft:leather":6,"create:raw_zinc":24,"minecraft:oak_log":149,"minecraft:golden_boots":14,"minecraft:gunpowder":3,"minecraft:lapis_lazuli":65,"minecraft:dirt":20,"minecraft:cooked_mutton":4,"minecraft:bone":9,"electrodynamics:crystalpotassiumchloride":4,"minecraft:apple":5,"minecraft:stone_bricks":3,"minecraft:wheat_seeds":1,"minecraft:iron_ingot":44,"minecraft:stone_pickaxe":8,"minecraft:mossy_stone_bricks":1,"minecraft:oak_planks":17,"minecraft:iron_sword":1,"electrodynamics:raworelead":4,"iceandfire:chared_stone":121,"minecraft:cooked_porkchop":8,"ic2:wiki_item":4,"minecraft:sweet_berries":9,"ic2:raw_tin":90,"minecraft:dripstone_block":28,"minecraft:gravel":2,"minecraft:spruce_sapling":2,"minecraft:spruce_log":65,"electrodynamics:dustniter":45,"minecraft:spider_eye":4,"minecraft:spruce_door":11,"iceandfire:chared_cobblestone":69,"minecraft:stone_axe":5,"minecraft:spruce_boat":1,"minecraft:iron_helmet":8,"mekanism:fluorite_gem":6,"minecraft:crossbow":11,"electrodynamics:crystalhalite":291,"minecraft:bread":252,"minecraft:emerald":11,"minecraft:oak_sapling":35,"minecraft:dark_oak_fence":27,"minecraft:coal":253,"electrodynamics:raworevanadinite":8}},"DataVersion":3120}