{
  "ic2:coffee_cake_recipe_advancement": {
    "criteria": {
      "hasItem": "2024-10-15 17:07:32 +0000"
    },
    "done": true
  },
  "ic2:mv_charge_bench_kit_indirect_gold_recipe_advancement": {
    "criteria": {
      "hasItem": "2024-10-15 17:04:09 +0000"
    },
    "done": true
  },
  "electrodynamics:dispenseguidebook": {
    "criteria": {
      "SpawnIn": "2024-10-15 17:01:33 +0000"
    },
    "done": true
  },
  "ic2:memory_expansion_recipe_advancement": {
    "criteria": {
      "hasItem": "2024-10-15 17:04:18 +0000"
    },
    "done": true
  },
  "ic2:plant_ball_sapling_recipe_advancement": {
    "criteria": {
      "hasItem": "2024-10-15 17:02:47 +0000"
    },
    "done": true
  },
  "minecraft:recipes/redstone/lever": {
    "criteria": {
      "has_cobblestone": "2024-10-15 17:04:36 +0000"
    },
    "done": true
  },
  "minecraft:recipes/building_blocks/cobblestone_stairs_from_cobblestone_stonecutting": {
    "criteria": {
      "has_cobblestone": "2024-10-15 17:04:36 +0000"
    },
    "done": true
  },
  "minecraft:recipes/building_blocks/magenta_concrete_powder": {
    "criteria": {
      "has_gravel": "2024-10-15 17:12:51 +0000"
    },
    "done": true
  },
  "minecraft:recipes/combat/iron_sword": {
    "criteria": {
      "has_iron_ingot": "2024-10-15 17:07:33 +0000"
    },
    "done": true
  },
  "tconstruct:tools/materials_and_you": {
    "criteria": {
      "crafted_book": "2024-10-15 17:01:33 +0000"
    },
    "done": true
  },
  "minecraft:recipes/redstone/spruce_door": {
    "criteria": {
      "has_planks": "2024-10-15 17:04:09 +0000"
    },
    "done": true
  },
  "tconstruct:internal/starting_book": {
    "criteria": {
      "tick": "2024-10-15 17:01:33 +0000"
    },
    "done": true
  },
  "minecraft:recipes/building_blocks/lime_concrete_powder": {
    "criteria": {
      "has_gravel": "2024-10-15 17:12:51 +0000"
    },
    "done": true
  },
  "ic2:tfbp_biome_forestification_recipe_advancement": {
    "criteria": {
      "hasItem": "2024-10-15 17:02:47 +0000"
    },
    "done": true
  },
  "minecraft:recipes/building_blocks/chiseled_stone_bricks": {
    "criteria": {
      "has_tag": "2024-10-15 17:16:07 +0000"
    },
    "done": true
  },
  "minecraft:recipes/tools/iron_pickaxe": {
    "criteria": {
      "has_iron_ingot": "2024-10-15 17:07:33 +0000"
    },
    "done": true
  },
  "minecraft:recipes/building_blocks/yellow_concrete_powder": {
    "criteria": {
      "has_gravel": "2024-10-15 17:12:51 +0000"
    },
    "done": true
  },
  "minecraft:recipes/redstone/spruce_fence_gate": {
    "criteria": {
      "has_planks": "2024-10-15 17:04:09 +0000"
    },
    "done": true
  },
  "ic2:iv_charge_bench_kit_indirect_recipe_advancement": {
    "criteria": {
      "hasItem": "2024-10-15 17:04:09 +0000"
    },
    "done": true
  },
  "minecraft:recipes/decorations/crafting_table": {
    "criteria": {
      "has_planks": "2024-10-15 17:04:09 +0000"
    },
    "done": true
  },
  "minecraft:recipes/decorations/campfire": {
    "criteria": {
      "has_stick": "2024-10-15 17:02:30 +0000"
    },
    "done": true
  },
  "ic2:lv_unloader_recipe_advancement": {
    "criteria": {
      "hasItem": "2024-10-15 17:04:09 +0000"
    },
    "done": true
  },
  "minecraft:recipes/food/bread": {
    "criteria": {
      "has_wheat": "2024-10-15 17:07:32 +0000"
    },
    "done": true
  },
  "minecraft:recipes/decorations/ladder": {
    "criteria": {
      "has_stick": "2024-10-15 17:02:30 +0000"
    },
    "done": true
  },
  "iceandfire:iceandfire/root": {
    "criteria": {
      "tick": "2024-10-15 17:01:33 +0000"
    },
    "done": true
  },
  "minecraft:recipes/misc/iron_nugget": {
    "criteria": {
      "has_iron_ingot": "2024-10-15 17:07:33 +0000"
    },
    "done": true
  },
  "minecraft:recipes/decorations/chest": {
    "criteria": {
      "has_lots_of_items": "2024-10-15 17:05:03 +0000"
    },
    "done": true
  },
  "ic2:parachute_module_recipe_advancement": {
    "criteria": {
      "hasItem": "2024-10-15 17:02:30 +0000"
    },
    "done": true
  },
  "minecraft:recipes/building_blocks/brown_concrete_powder": {
    "criteria": {
      "has_gravel": "2024-10-15 17:12:51 +0000"
    },
    "done": true
  },
  "ic2:aluminum_sign_recipe_advancement": {
    "criteria": {
      "hasItem": "2024-10-15 17:02:30 +0000"
    },
    "done": true
  },
  "ic2:painter_recipe_advancement": {
    "criteria": {
      "hasItem": "2024-10-15 17:07:33 +0000"
    },
    "done": true
  },
  "minecraft:recipes/transportation/mangrove_boat": {
    "criteria": {
      "in_water": "2024-10-15 17:03:29 +0000"
    },
    "done": true
  },
  "minecraft:recipes/redstone/spruce_button": {
    "criteria": {
      "has_planks": "2024-10-15 17:04:09 +0000"
    },
    "done": true
  },
  "ic2:planter_pot_dirt_recipe_advancement": {
    "criteria": {
      "hasItem": "2024-10-15 17:03:38 +0000"
    },
    "done": true
  },
  "minecraft:recipes/tools/wooden_shovel": {
    "criteria": {
      "has_stick": "2024-10-15 17:02:30 +0000"
    },
    "done": true
  },
  "minecraft:recipes/decorations/torch": {
    "criteria": {
      "has_stone_pickaxe": "2024-10-15 17:05:11 +0000"
    },
    "done": true
  },
  "ic2:bio_chunk_recipe_advancement": {
    "criteria": {
      "hasItem": "2024-10-15 17:12:54 +0000"
    },
    "done": true
  },
  "create:recipes/create.palettes/industrial_iron_block_from_ingots_iron_stonecutting": {
    "criteria": {
      "has_ingots_iron": "2024-10-15 17:07:33 +0000"
    },
    "done": true
  },
  "ic2:industrial_worktable_recipe_advancement": {
    "criteria": {
      "hasItem": "2024-10-15 17:04:18 +0000"
    },
    "done": true
  },
  "minecraft:recipes/tools/shears": {
    "criteria": {
      "has_iron_ingot": "2024-10-15 17:07:33 +0000"
    },
    "done": true
  },
  "minecraft:recipes/misc/stick": {
    "criteria": {
      "has_planks": "2024-10-15 17:04:09 +0000"
    },
    "done": true
  },
  "ic2:bronze_hoe_recipe_advancement": {
    "criteria": {
      "hasItem": "2024-10-15 17:02:30 +0000"
    },
    "done": true
  },
  "minecraft:recipes/transportation/spruce_boat": {
    "criteria": {
      "in_water": "2024-10-15 17:03:29 +0000"
    },
    "done": true
  },
  "ic2:crop_sticks_recipe_advancement": {
    "criteria": {
      "hasItem": "2024-10-15 17:02:30 +0000"
    },
    "done": true
  },
  "ic2:mug_cold_fruit_tea_recipe_advancement": {
    "criteria": {
      "hasItem": "2024-10-15 17:06:45 +0000"
    },
    "done": true
  },
  "ic2:mv_battery_station_kit_indirect_bronze_recipe_advancement": {
    "criteria": {
      "hasItem": "2024-10-15 17:04:09 +0000"
    },
    "done": true
  },
  "ic2:iv_battery_station_kit_indirect_recipe_advancement": {
    "criteria": {
      "hasItem": "2024-10-15 17:04:09 +0000"
    },
    "done": true
  },
  "ic2:rubberwood_fence_recipe_advancement": {
    "criteria": {
      "hasItem": "2024-10-15 17:02:30 +0000"
    },
    "done": true
  },
  "minecraft:recipes/building_blocks/dark_oak_planks": {
    "criteria": {
      "has_log": "2024-10-15 17:07:34 +0000"
    },
    "done": true
  },
  "ic2:aluminum_sword_recipe_advancement": {
    "criteria": {
      "hasItem": "2024-10-15 17:02:30 +0000"
    },
    "done": true
  },
  "ic2:lv_battery_station_recipe_advancement": {
    "criteria": {
      "hasItem": "2024-10-15 17:04:09 +0000"
    },
    "done": true
  },
  "minecraft:recipes/combat/iron_leggings": {
    "criteria": {
      "has_iron_ingot": "2024-10-15 17:07:33 +0000"
    },
    "done": true
  },
  "ic2:lv_transformer_recipe_advancement": {
    "criteria": {
      "hasItem": "2024-10-15 17:04:09 +0000"
    },
    "done": true
  },
  "minecraft:husbandry/balanced_diet": {
    "criteria": {
      "sweet_berries": "2024-10-15 17:09:12 +0000"
    },
    "done": false
  },
  "minecraft:recipes/tools/wooden_hoe": {
    "criteria": {
      "has_stick": "2024-10-15 17:02:30 +0000"
    },
    "done": true
  },
  "minecraft:recipes/combat/shield": {
    "criteria": {
      "has_iron_ingot": "2024-10-15 17:07:33 +0000"
    },
    "done": true
  },
  "minecraft:recipes/building_blocks/cobblestone_slab": {
    "criteria": {
      "has_cobblestone": "2024-10-15 17:04:36 +0000"
    },
    "done": true
  },
  "ic2:lemon_cake_recipe_advancement": {
    "criteria": {
      "hasItem": "2024-10-15 17:07:32 +0000"
    },
    "done": true
  },
  "minecraft:recipes/misc/bucket": {
    "criteria": {
      "has_iron_ingot": "2024-10-15 17:07:33 +0000"
    },
    "done": true
  },
  "minecraft:recipes/redstone/trapped_chest": {
    "criteria": {
      "has_tripwire_hook": "2024-10-15 17:07:33 +0000"
    },
    "done": true
  },
  "minecraft:recipes/building_blocks/cobblestone_stairs": {
    "criteria": {
      "has_cobblestone": "2024-10-15 17:04:36 +0000"
    },
    "done": true
  },
  "minecraft:recipes/redstone/hopper": {
    "criteria": {
      "has_iron_ingot": "2024-10-15 17:07:33 +0000"
    },
    "done": true
  },
  "ic2:energy_storage_upgrade_0_recipe_advancement": {
    "criteria": {
      "hasItem": "2024-10-15 17:04:09 +0000"
    },
    "done": true
  },
  "ic2:ev_charging_bench_recipe_advancement": {
    "criteria": {
      "hasItem": "2024-10-15 17:04:09 +0000"
    },
    "done": true
  },
  "ic2:mv_battery_station_recipe_advancement": {
    "criteria": {
      "hasItem": "2024-10-15 17:04:09 +0000"
    },
    "done": true
  },
  "minecraft:recipes/building_blocks/mossy_stone_brick_stairs_from_mossy_stone_brick_stonecutting": {
    "criteria": {
      "has_mossy_stone_bricks": "2024-10-15 17:16:07 +0000"
    },
    "done": true
  },
  "minecraft:recipes/building_blocks/coarse_dirt": {
    "criteria": {
      "has_gravel": "2024-10-15 17:12:51 +0000"
    },
    "done": true
  },
  "minecraft:recipes/transportation/jungle_chest_boat": {
    "criteria": {
      "has_boat": "2024-10-15 17:05:33 +0000"
    },
    "done": true
  },
  "ic2:armor_configurator_recipe_advancement": {
    "criteria": {
      "hasItem": "2024-10-15 17:04:18 +0000"
    },
    "done": true
  },
  "ic2:chips_recipe_advancement": {
    "criteria": {
      "hasItem": "2024-10-15 17:02:30 +0000"
    },
    "done": true
  },
  "minecraft:recipes/building_blocks/light_gray_concrete_powder": {
    "criteria": {
      "has_gravel": "2024-10-15 17:12:51 +0000"
    },
    "done": true
  },
  "minecraft:recipes/building_blocks/light_blue_concrete_powder": {
    "criteria": {
      "has_gravel": "2024-10-15 17:12:51 +0000"
    },
    "done": true
  },
  "ic2:ev_battery_station_kit_indirect_recipe_advancement": {
    "criteria": {
      "hasItem": "2024-10-15 17:04:09 +0000"
    },
    "done": true
  },
  "minecraft:recipes/building_blocks/hay_block": {
    "criteria": {
      "has_wheat": "2024-10-15 17:07:32 +0000"
    },
    "done": true
  },
  "minecraft:recipes/combat/iron_helmet": {
    "criteria": {
      "has_iron_ingot": "2024-10-15 17:07:33 +0000"
    },
    "done": true
  },
  "minecraft:recipes/building_blocks/pink_concrete_powder": {
    "criteria": {
      "has_gravel": "2024-10-15 17:12:51 +0000"
    },
    "done": true
  },
  "ic2:hv_charging_bench_recipe_advancement": {
    "criteria": {
      "hasItem": "2024-10-15 17:04:09 +0000"
    },
    "done": true
  },
  "ic2:unconnecting_tube_recipe_advancement": {
    "criteria": {
      "hasItem": "2024-10-15 17:12:51 +0000"
    },
    "done": true
  },
  "ic2:aluminum_pickaxe_recipe_advancement": {
    "criteria": {
      "hasItem": "2024-10-15 17:02:30 +0000"
    },
    "done": true
  },
  "ic2:aluminum_shovel_recipe_advancement": {
    "criteria": {
      "hasItem": "2024-10-15 17:02:30 +0000"
    },
    "done": true
  },
  "minecraft:recipes/building_blocks/purple_concrete_powder": {
    "criteria": {
      "has_gravel": "2024-10-15 17:12:51 +0000"
    },
    "done": true
  },
  "ic2:torch_recipe_advancement": {
    "criteria": {
      "hasItem": "2024-10-15 17:02:30 +0000"
    },
    "done": true
  },
  "ic2:lv_flux_generator_recipe_advancement": {
    "criteria": {
      "hasItem": "2024-10-15 17:07:33 +0000"
    },
    "done": true
  },
  "minecraft:recipes/decorations/iron_bars": {
    "criteria": {
      "has_iron_ingot": "2024-10-15 17:07:33 +0000"
    },
    "done": true
  },
  "minecraft:recipes/transportation/acacia_chest_boat": {
    "criteria": {
      "has_boat": "2024-10-15 17:05:33 +0000"
    },
    "done": true
  },
  "minecraft:recipes/decorations/mossy_stone_brick_wall": {
    "criteria": {
      "has_mossy_stone_bricks": "2024-10-15 17:16:07 +0000"
    },
    "done": true
  },
  "minecraft:recipes/transportation/oak_chest_boat": {
    "criteria": {
      "has_boat": "2024-10-15 17:05:33 +0000"
    },
    "done": true
  },
  "minecraft:story/mine_stone": {
    "criteria": {
      "get_stone": "2024-10-15 17:04:36 +0000"
    },
    "done": true
  },
  "minecraft:recipes/decorations/furnace": {
    "criteria": {
      "has_cobblestone": "2024-10-15 17:04:36 +0000"
    },
    "done": true
  },
  "minecraft:recipes/transportation/minecart": {
    "criteria": {
      "has_iron_ingot": "2024-10-15 17:07:33 +0000"
    },
    "done": true
  },
  "minecraft:recipes/misc/charcoal": {
    "criteria": {
      "has_log": "2024-10-15 17:01:53 +0000"
    },
    "done": true
  },
  "ic2:carbon_boat_recipe_advancement": {
    "criteria": {
      "hasItem": "2024-10-15 17:05:33 +0000"
    },
    "done": true
  },
  "minecraft:recipes/building_blocks/spruce_planks": {
    "criteria": {
      "has_logs": "2024-10-15 17:01:53 +0000"
    },
    "done": true
  },
  "minecraft:recipes/tools/iron_hoe": {
    "criteria": {
      "has_iron_ingot": "2024-10-15 17:07:33 +0000"
    },
    "done": true
  },
  "minecraft:recipes/tools/wooden_pickaxe": {
    "criteria": {
      "has_stick": "2024-10-15 17:02:30 +0000"
    },
    "done": true
  },
  "minecraft:recipes/building_blocks/cobblestone_slab_from_cobblestone_stonecutting": {
    "criteria": {
      "has_cobblestone": "2024-10-15 17:04:36 +0000"
    },
    "done": true
  },
  "minecraft:recipes/building_blocks/mossy_stone_brick_stairs": {
    "criteria": {
      "has_mossy_stone_bricks": "2024-10-15 17:16:07 +0000"
    },
    "done": true
  },
  "minecraft:recipes/building_blocks/stone_brick_slab": {
    "criteria": {
      "has_stone_bricks": "2024-10-15 17:16:07 +0000"
    },
    "done": true
  },
  "minecraft:husbandry/root": {
    "criteria": {
      "consumed_item": "2024-10-15 17:09:12 +0000"
    },
    "done": true
  },
  "minecraft:recipes/transportation/birch_boat": {
    "criteria": {
      "in_water": "2024-10-15 17:03:29 +0000"
    },
    "done": true
  },
  "ic2:tfbp_flatificator_recipe_advancement": {
    "criteria": {
      "hasItem": "2024-10-15 17:03:38 +0000"
    },
    "done": true
  },
  "minecraft:recipes/building_blocks/green_concrete_powder": {
    "criteria": {
      "has_gravel": "2024-10-15 17:12:51 +0000"
    },
    "done": true
  },
  "ic2:hv_battery_station_recipe_advancement": {
    "criteria": {
      "hasItem": "2024-10-15 17:04:09 +0000"
    },
    "done": true
  },
  "minecraft:recipes/tools/iron_shovel": {
    "criteria": {
      "has_iron_ingot": "2024-10-15 17:07:33 +0000"
    },
    "done": true
  },
  "minecraft:recipes/transportation/acacia_boat": {
    "criteria": {
      "in_water": "2024-10-15 17:03:29 +0000"
    },
    "done": true
  },
  "minecraft:recipes/redstone/iron_trapdoor": {
    "criteria": {
      "has_iron_ingot": "2024-10-15 17:07:33 +0000"
    },
    "done": true
  },
  "minecraft:recipes/building_blocks/dark_oak_wood": {
    "criteria": {
      "has_log": "2024-10-15 17:07:34 +0000"
    },
    "done": true
  },
  "ic2:mv_battery_station_kit_indirect_gold_recipe_advancement": {
    "criteria": {
      "hasItem": "2024-10-15 17:04:09 +0000"
    },
    "done": true
  },
  "ic2:rubberwood_sign_recipe_advancement": {
    "criteria": {
      "hasItem": "2024-10-15 17:02:30 +0000"
    },
    "done": true
  },
  "ic2:macerator_recipe_advancement": {
    "criteria": {
      "hasItem": "2024-10-15 17:04:36 +0000"
    },
    "done": true
  },
  "minecraft:adventure/root": {
    "criteria": {
      "killed_by_something": "2024-10-15 17:06:35 +0000"
    },
    "done": true
  },
  "minecraft:recipes/transportation/dark_oak_chest_boat": {
    "criteria": {
      "has_boat": "2024-10-15 17:05:33 +0000"
    },
    "done": true
  },
  "ic2:mv_charge_bench_kit_indirect_bronze_recipe_advancement": {
    "criteria": {
      "hasItem": "2024-10-15 17:04:09 +0000"
    },
    "done": true
  },
  "ic2:wooden_scaffold_recipe_advancement": {
    "criteria": {
      "hasItem": "2024-10-15 17:02:30 +0000"
    },
    "done": true
  },
  "minecraft:recipes/building_blocks/white_concrete_powder": {
    "criteria": {
      "has_gravel": "2024-10-15 17:12:51 +0000"
    },
    "done": true
  },
  "ic2:mv_battery_station_bronze_recipe_advancement": {
    "criteria": {
      "hasItem": "2024-10-15 17:04:09 +0000"
    },
    "done": true
  },
  "ic2:hv_charge_bench_kit_indirect_recipe_advancement": {
    "criteria": {
      "hasItem": "2024-10-15 17:04:09 +0000"
    },
    "done": true
  },
  "minecraft:recipes/tools/stone_hoe": {
    "criteria": {
      "has_cobblestone": "2024-10-15 17:04:36 +0000"
    },
    "done": true
  },
  "minecraft:recipes/decorations/spruce_fence": {
    "criteria": {
      "has_planks": "2024-10-15 17:04:09 +0000"
    },
    "done": true
  },
  "ic2:water_mill_recipe_advancement": {
    "criteria": {
      "hasItem": "2024-10-15 17:02:30 +0000"
    },
    "done": true
  },
  "minecraft:recipes/food/baked_potato_from_smoking": {
    "criteria": {
      "has_potato": "2024-10-15 17:07:32 +0000"
    },
    "done": true
  },
  "electrodynamics:ores": {
    "criteria": {
      "HasWoodenPickaxe": "2024-10-15 17:04:30 +0000"
    },
    "done": true
  },
  "mekanism:root": {
    "criteria": {
      "automatic": "2024-10-15 17:01:33 +0000"
    },
    "done": true
  },
  "ic2:bronze_axe_recipe_advancement": {
    "criteria": {
      "hasItem": "2024-10-15 17:02:30 +0000"
    },
    "done": true
  },
  "minecraft:recipes/food/baked_potato": {
    "criteria": {
      "has_potato": "2024-10-15 17:07:32 +0000"
    },
    "done": true
  },
  "minecraft:recipes/building_blocks/spruce_stairs": {
    "criteria": {
      "has_planks": "2024-10-15 17:04:09 +0000"
    },
    "done": true
  },
  "ic2:glass_cold_fruit_tea_recipe_advancement": {
    "criteria": {
      "hasItem": "2024-10-15 17:06:45 +0000"
    },
    "done": true
  },
  "minecraft:recipes/transportation/birch_chest_boat": {
    "criteria": {
      "has_boat": "2024-10-15 17:05:33 +0000"
    },
    "done": true
  },
  "ic2:mud_recipe_advancement": {
    "criteria": {
      "hasItem": "2024-10-15 17:03:38 +0000"
    },
    "done": true
  },
  "ic2:sawmill_recipe_advancement": {
    "criteria": {
      "hasItem": "2024-10-15 17:05:09 +0000"
    },
    "done": true
  },
  "create:root": {
    "criteria": {
      "0": "2024-10-15 17:01:33 +0000"
    },
    "done": true
  },
  "minecraft:recipes/decorations/chain": {
    "criteria": {
      "has_iron_ingot": "2024-10-15 17:07:33 +0000"
    },
    "done": true
  },
  "minecraft:story/upgrade_tools": {
    "criteria": {
      "stone_pickaxe": "2024-10-15 17:05:11 +0000"
    },
    "done": true
  },
  "tconstruct:recipes/tconstruct/general/common/iron_platform": {
    "criteria": {
      "has_bars": "2024-10-15 17:07:33 +0000"
    },
    "done": true
  },
  "ic2:stone_macerator_recipe_advancement": {
    "criteria": {
      "hasItem": "2024-10-15 17:04:36 +0000"
    },
    "done": true
  },
  "tconstruct:recipes/misc/common/flint": {
    "criteria": {
      "has_item": "2024-10-15 17:12:51 +0000"
    },
    "done": true
  },
  "minecraft:recipes/transportation/oak_boat": {
    "criteria": {
      "in_water": "2024-10-15 17:03:29 +0000"
    },
    "done": true
  },
  "minecraft:recipes/building_blocks/orange_concrete_powder": {
    "criteria": {
      "has_gravel": "2024-10-15 17:12:51 +0000"
    },
    "done": true
  },
  "minecraft:recipes/food/baked_potato_from_campfire_cooking": {
    "criteria": {
      "has_potato": "2024-10-15 17:07:32 +0000"
    },
    "done": true
  },
  "minecraft:recipes/building_blocks/cyan_concrete_powder": {
    "criteria": {
      "has_gravel": "2024-10-15 17:12:51 +0000"
    },
    "done": true
  },
  "minecraft:recipes/building_blocks/stone_brick_stairs": {
    "criteria": {
      "has_stone_bricks": "2024-10-15 17:16:07 +0000"
    },
    "done": true
  },
  "minecraft:recipes/tools/wooden_axe": {
    "criteria": {
      "has_stick": "2024-10-15 17:02:30 +0000"
    },
    "done": true
  },
  "ic2:rare_earth_chunk_recipe_advancement": {
    "criteria": {
      "hasItem": "2024-10-15 17:07:33 +0000"
    },
    "done": true
  },
  "minecraft:recipes/decorations/spruce_sign": {
    "criteria": {
      "has_planks": "2024-10-15 17:04:09 +0000"
    },
    "done": true
  },
  "minecraft:recipes/decorations/mossy_stone_brick_wall_from_mossy_stone_brick_stonecutting": {
    "criteria": {
      "has_mossy_stone_bricks": "2024-10-15 17:16:07 +0000"
    },
    "done": true
  },
  "ic2:aluminum_hoe_recipe_advancement": {
    "criteria": {
      "hasItem": "2024-10-15 17:02:30 +0000"
    },
    "done": true
  },
  "ic2:refined_iron_sign_recipe_advancement": {
    "criteria": {
      "hasItem": "2024-10-15 17:02:30 +0000"
    },
    "done": true
  },
  "ic2:piston_recipe_advancement": {
    "criteria": {
      "hasItem": "2024-10-15 17:04:09 +0000"
    },
    "done": true
  },
  "ic2:mv_charging_bench_bronze_recipe_advancement": {
    "criteria": {
      "hasItem": "2024-10-15 17:04:09 +0000"
    },
    "done": true
  },
  "ic2:mv_charging_bench_recipe_advancement": {
    "criteria": {
      "hasItem": "2024-10-15 17:04:09 +0000"
    },
    "done": true
  },
  "minecraft:recipes/building_blocks/iron_block": {
    "criteria": {
      "has_iron_ingot": "2024-10-15 17:07:33 +0000"
    },
    "done": true
  },
  "ic2:rail_recipe_advancement": {
    "criteria": {
      "hasItem": "2024-10-15 17:02:30 +0000"
    },
    "done": true
  },
  "ic2:ev_battery_station_recipe_advancement": {
    "criteria": {
      "hasItem": "2024-10-15 17:04:09 +0000"
    },
    "done": true
  },
  "minecraft:recipes/building_blocks/spruce_wood": {
    "criteria": {
      "has_log": "2024-10-15 17:01:53 +0000"
    },
    "done": true
  },
  "minecraft:recipes/building_blocks/coal_block": {
    "criteria": {
      "has_coal": "2024-10-15 17:12:54 +0000"
    },
    "done": true
  },
  "ic2:terraformer_recipe_advancement": {
    "criteria": {
      "hasItem": "2024-10-15 17:03:38 +0000"
    },
    "done": true
  },
  "ic2:solar_helmet_0_recipe_advancement": {
    "criteria": {
      "hasItem": "2024-10-15 17:07:33 +0000"
    },
    "done": true
  },
  "minecraft:recipes/misc/gold_nugget_from_blasting": {
    "criteria": {
      "has_golden_boots": "2024-10-15 17:08:17 +0000"
    },
    "done": true
  },
  "create:recipes/create.base/crafting/materials/andesite_alloy": {
    "criteria": {
      "has_item": "2024-10-15 17:07:33 +0000"
    },
    "done": true
  },
  "ic2:lv_charging_bench_recipe_advancement": {
    "criteria": {
      "hasItem": "2024-10-15 17:04:09 +0000"
    },
    "done": true
  },
  "minecraft:recipes/combat/wooden_sword": {
    "criteria": {
      "has_stick": "2024-10-15 17:02:30 +0000"
    },
    "done": true
  },
  "minecraft:recipes/tools/stone_shovel": {
    "criteria": {
      "has_cobblestone": "2024-10-15 17:04:36 +0000"
    },
    "done": true
  },
  "minecraft:recipes/building_blocks/blue_concrete_powder": {
    "criteria": {
      "has_gravel": "2024-10-15 17:12:51 +0000"
    },
    "done": true
  },
  "minecraft:recipes/building_blocks/gray_concrete_powder": {
    "criteria": {
      "has_gravel": "2024-10-15 17:12:51 +0000"
    },
    "done": true
  },
  "ic2:honey_cake_recipe_advancement": {
    "criteria": {
      "hasItem": "2024-10-15 17:07:32 +0000"
    },
    "done": true
  },
  "minecraft:recipes/building_blocks/spruce_slab": {
    "criteria": {
      "has_planks": "2024-10-15 17:04:09 +0000"
    },
    "done": true
  },
  "ic2:barrel_0_recipe_advancement": {
    "criteria": {
      "hasItem": "2024-10-15 17:04:09 +0000"
    },
    "done": true
  },
  "ic2:mv_flux_generator_0_recipe_advancement": {
    "criteria": {
      "hasItem": "2024-10-15 17:07:33 +0000"
    },
    "done": true
  },
  "minecraft:recipes/tools/iron_axe": {
    "criteria": {
      "has_iron_ingot": "2024-10-15 17:07:33 +0000"
    },
    "done": true
  },
  "minecraft:recipes/transportation/mangrove_chest_boat": {
    "criteria": {
      "has_boat": "2024-10-15 17:05:33 +0000"
    },
    "done": true
  },
  "ic2:stone_canner_recipe_advancement": {
    "criteria": {
      "hasItem": "2024-10-15 17:04:18 +0000"
    },
    "done": true
  },
  "ic2:copper_sign_recipe_advancement": {
    "criteria": {
      "hasItem": "2024-10-15 17:02:30 +0000"
    },
    "done": true
  },
  "ic2:static_boots_0_recipe_advancement": {
    "criteria": {
      "hasItem": "2024-10-15 17:07:33 +0000"
    },
    "done": true
  },
  "minecraft:recipes/combat/iron_boots": {
    "criteria": {
      "has_iron_ingot": "2024-10-15 17:07:33 +0000"
    },
    "done": true
  },
  "ic2:treetap_recipe_advancement": {
    "criteria": {
      "hasItem": "2024-10-15 17:04:09 +0000"
    },
    "done": true
  },
  "minecraft:recipes/building_blocks/black_concrete_powder": {
    "criteria": {
      "has_gravel": "2024-10-15 17:12:51 +0000"
    },
    "done": true
  },
  "ic2:energy_storage_upgrade_1_recipe_advancement": {
    "criteria": {
      "hasItem": "2024-10-15 17:04:09 +0000"
    },
    "done": true
  },
  "minecraft:story/root": {
    "criteria": {
      "crafting_table": "2024-10-15 17:04:18 +0000"
    },
    "done": true
  },
  "minecraft:recipes/combat/crossbow": {
    "criteria": {
      "has_stick": "2024-10-15 17:02:30 +0000"
    },
    "done": true
  },
  "minecraft:recipes/combat/iron_chestplate": {
    "criteria": {
      "has_iron_ingot": "2024-10-15 17:07:33 +0000"
    },
    "done": true
  },
  "minecraft:recipes/redstone/spruce_pressure_plate": {
    "criteria": {
      "has_planks": "2024-10-15 17:04:09 +0000"
    },
    "done": true
  },
  "ic2:lv_loader_recipe_advancement": {
    "criteria": {
      "hasItem": "2024-10-15 17:04:09 +0000"
    },
    "done": true
  },
  "minecraft:recipes/transportation/spruce_chest_boat": {
    "criteria": {
      "has_boat": "2024-10-15 17:05:33 +0000"
    },
    "done": true
  },
  "ic2:directional_tube_recipe_advancement": {
    "criteria": {
      "hasItem": "2024-10-15 17:07:33 +0000"
    },
    "done": true
  },
  "create:recipes/create.base/crafting/kinetics/empty_blaze_burner": {
    "criteria": {
      "has_item": "2024-10-15 17:07:33 +0000"
    },
    "done": true
  },
  "minecraft:recipes/building_blocks/red_concrete_powder": {
    "criteria": {
      "has_gravel": "2024-10-15 17:12:51 +0000"
    },
    "done": true
  },
  "create:recipes/create.palettes/spruce_window": {
    "criteria": {
      "has_ingredient": "2024-10-15 17:04:09 +0000"
    },
    "done": true
  },
  "create:recipes/create.base/crafting/appliances/crafting_blueprint": {
    "criteria": {
      "has_item": "2024-10-15 17:04:18 +0000"
    },
    "done": true
  },
  "ic2:rubber_sapling_recipe_advancement": {
    "criteria": {
      "hasItem": "2024-10-15 17:02:47 +0000"
    },
    "done": true
  },
  "ic2:crafting_upgrade_recipe_advancement": {
    "criteria": {
      "hasItem": "2024-10-15 17:04:18 +0000"
    },
    "done": true
  },
  "ic2:aluminum_axe_recipe_advancement": {
    "criteria": {
      "hasItem": "2024-10-15 17:02:30 +0000"
    },
    "done": true
  },
  "ic2:iron_furnace_upgrade_recipe_advancement": {
    "criteria": {
      "hasItem": "2024-10-15 17:07:33 +0000"
    },
    "done": true
  },
  "ic2:cf_sprayer_recipe_advancement": {
    "criteria": {
      "hasItem": "2024-10-15 17:02:30 +0000"
    },
    "done": true
  },
  "minecraft:recipes/building_blocks/stone": {
    "criteria": {
      "has_cobblestone": "2024-10-15 17:04:36 +0000"
    },
    "done": true
  },
  "ic2:batbox_recipe_advancement": {
    "criteria": {
      "hasItem": "2024-10-15 17:04:09 +0000"
    },
    "done": true
  },
  "minecraft:recipes/building_blocks/mossy_stone_brick_slab_from_mossy_stone_brick_stonecutting": {
    "criteria": {
      "has_mossy_stone_bricks": "2024-10-15 17:16:07 +0000"
    },
    "done": true
  },
  "minecraft:adventure/adventuring_time": {
    "criteria": {
      "minecraft:taiga": "2024-10-15 17:01:35 +0000",
      "minecraft:beach": "2024-10-15 17:06:06 +0000",
      "minecraft:river": "2024-10-15 17:08:07 +0000",
      "minecraft:cold_ocean": "2024-10-15 17:08:15 +0000",
      "minecraft:deep_cold_ocean": "2024-10-15 17:15:35 +0000"
    },
    "done": false
  },
  "minecraft:recipes/redstone/iron_door": {
    "criteria": {
      "has_iron_ingot": "2024-10-15 17:07:33 +0000"
    },
    "done": true
  },
  "ic2:plant_ball_seed_recipe_advancement": {
    "criteria": {
      "hasItem": "2024-10-15 17:06:45 +0000"
    },
    "done": true
  },
  "minecraft:recipes/combat/stone_sword": {
    "criteria": {
      "has_cobblestone": "2024-10-15 17:04:36 +0000"
    },
    "done": true
  },
  "ic2:bronze_sign_recipe_advancement": {
    "criteria": {
      "hasItem": "2024-10-15 17:02:30 +0000"
    },
    "done": true
  },
  "minecraft:recipes/decorations/barrel": {
    "criteria": {
      "has_planks": "2024-10-15 17:04:09 +0000"
    },
    "done": true
  },
  "minecraft:recipes/decorations/cobblestone_wall": {
    "criteria": {
      "has_cobblestone": "2024-10-15 17:04:36 +0000"
    },
    "done": true
  },
  "minecraft:recipes/building_blocks/mossy_stone_brick_slab": {
    "criteria": {
      "has_mossy_stone_bricks": "2024-10-15 17:16:07 +0000"
    },
    "done": true
  },
  "minecraft:recipes/tools/stone_pickaxe": {
    "criteria": {
      "has_cobblestone": "2024-10-15 17:04:36 +0000"
    },
    "done": true
  },
  "minecraft:recipes/decorations/smithing_table": {
    "criteria": {
      "has_iron_ingot": "2024-10-15 17:07:33 +0000"
    },
    "done": true
  },
  "ic2:efficient_sawblade_upgrade_recipe_advancement": {
    "criteria": {
      "hasItem": "2024-10-15 17:02:30 +0000"
    },
    "done": true
  },
  "electrodynamics:root": {
    "criteria": {
      "HasCraftingTable": "2024-10-15 17:04:18 +0000"
    },
    "done": true
  },
  "minecraft:recipes/transportation/jungle_boat": {
    "criteria": {
      "in_water": "2024-10-15 17:03:29 +0000"
    },
    "done": true
  },
  "minecraft:recipes/decorations/cobblestone_wall_from_cobblestone_stonecutting": {
    "criteria": {
      "has_cobblestone": "2024-10-15 17:04:36 +0000"
    },
    "done": true
  },
  "ic2:bronze_sword_recipe_advancement": {
    "criteria": {
      "hasItem": "2024-10-15 17:02:30 +0000"
    },
    "done": true
  },
  "ic2:tin_sign_recipe_advancement": {
    "criteria": {
      "hasItem": "2024-10-15 17:02:30 +0000"
    },
    "done": true
  },
  "ic2:durable_sawblade_upgrade_recipe_advancement": {
    "criteria": {
      "hasItem": "2024-10-15 17:02:30 +0000"
    },
    "done": true
  },
  "tconstruct:recipes/tconstruct/general/tables/pattern": {
    "criteria": {
      "has_item": "2024-10-15 17:02:30 +0000"
    },
    "done": true
  },
  "ic2:bronze_pickaxe_recipe_advancement": {
    "criteria": {
      "hasItem": "2024-10-15 17:02:30 +0000"
    },
    "done": true
  },
  "minecraft:recipes/redstone/heavy_weighted_pressure_plate": {
    "criteria": {
      "has_iron_ingot": "2024-10-15 17:07:33 +0000"
    },
    "done": true
  },
  "minecraft:recipes/transportation/dark_oak_boat": {
    "criteria": {
      "in_water": "2024-10-15 17:03:29 +0000"
    },
    "done": true
  },
  "ic2:iv_battery_station_recipe_advancement": {
    "criteria": {
      "hasItem": "2024-10-15 17:04:09 +0000"
    },
    "done": true
  },
  "ic2:silver_sign_recipe_advancement": {
    "criteria": {
      "hasItem": "2024-10-15 17:02:30 +0000"
    },
    "done": true
  },
  "ic2:hv_flux_generator_0_recipe_advancement": {
    "criteria": {
      "hasItem": "2024-10-15 17:07:33 +0000"
    },
    "done": true
  },
  "minecraft:recipes/decorations/lantern": {
    "criteria": {
      "has_iron_ingot": "2024-10-15 17:07:33 +0000"
    },
    "done": true
  },
  "ic2:hv_battery_station_kit_indirect_recipe_advancement": {
    "criteria": {
      "hasItem": "2024-10-15 17:04:09 +0000"
    },
    "done": true
  },
  "ic2:recycler_recipe_advancement": {
    "criteria": {
      "hasItem": "2024-10-15 17:03:38 +0000"
    },
    "done": true
  },
  "ic2:cutter_recipe_advancement": {
    "criteria": {
      "hasItem": "2024-10-15 17:07:33 +0000"
    },
    "done": true
  },
  "minecraft:recipes/redstone/spruce_trapdoor": {
    "criteria": {
      "has_planks": "2024-10-15 17:04:09 +0000"
    },
    "done": true
  },
  "ic2:flesh_ball_recipe_advancement": {
    "criteria": {
      "hasItem": "2024-10-15 17:12:55 +0000"
    },
    "done": true
  },
  "ic2:iv_charging_bench_recipe_advancement": {
    "criteria": {
      "hasItem": "2024-10-15 17:04:09 +0000"
    },
    "done": true
  },
  "ic2:fisher_recipe_advancement": {
    "criteria": {
      "hasItem": "2024-10-15 17:12:53 +0000"
    },
    "done": true
  },
  "ic2:rubberwood_fence_gate_recipe_advancement": {
    "criteria": {
      "hasItem": "2024-10-15 17:02:30 +0000"
    },
    "done": true
  },
  "ic2:wooden_rotor_recipe_advancement": {
    "criteria": {
      "hasItem": "2024-10-15 17:02:30 +0000"
    },
    "done": true
  },
  "minecraft:recipes/misc/gold_nugget_from_smelting": {
    "criteria": {
      "has_golden_boots": "2024-10-15 17:08:17 +0000"
    },
    "done": true
  },
  "ic2:root": {
    "criteria": {
      "hasCrafting": "2024-10-15 17:04:18 +0000"
    },
    "done": true
  },
  "minecraft:recipes/decorations/soul_campfire": {
    "criteria": {
      "has_stick": "2024-10-15 17:02:30 +0000"
    },
    "done": true
  },
  "ic2:rubber_boat_recipe_advancement": {
    "criteria": {
      "hasItem": "2024-10-15 17:05:33 +0000"
    },
    "done": true
  },
  "minecraft:story/smelt_iron": {
    "criteria": {
      "iron": "2024-10-15 17:07:33 +0000"
    },
    "done": true
  },
  "ic2:chocolate_cake_recipe_advancement": {
    "criteria": {
      "hasItem": "2024-10-15 17:07:32 +0000"
    },
    "done": true
  },
  "minecraft:recipes/tools/stone_axe": {
    "criteria": {
      "has_cobblestone": "2024-10-15 17:04:36 +0000"
    },
    "done": true
  },
  "ic2:ev_charge_bench_kit_indirect_recipe_advancement": {
    "criteria": {
      "hasItem": "2024-10-15 17:04:09 +0000"
    },
    "done": true
  },
  "ic2:bronze_shovel_recipe_advancement": {
    "criteria": {
      "hasItem": "2024-10-15 17:02:30 +0000"
    },
    "done": true
  },
  "ic2:iron_furnace_recipe_advancement": {
    "criteria": {
      "hasItem": "2024-10-15 17:07:33 +0000"
    },
    "done": true
  },
  "DataVersion": 3120
}